landscape	model	rep	simulation_year	target	empirical_year	locality	n_draws	mean_pi	median_pi	sd_sampling	q025_sampling	q975_sampling	min_pi	max_pi	empirical_pi	sim_empirical_ratio
full	Kexp1p3_D120	rep001	1951	WSkane_hist	1951	Torna Hällestad	100	0.000230765442122952	0.000231371852055466	3.3480747358264e-06	0.000222189535305579	0.000234931600210019	0.000217346489249937	0.000235549816811909	0.0023	0.100332800923022
full	Kexp1p3_D120	rep001	1956	ESkane_hist	1956	Degeberga	100	0.00023097317126374	0.000231570763077955	3.09497365233306e-06	0.000223472324115563	0.000236310063585299	0.000222141661371228	0.000238495040869521	0.002389	0.0966819469500797
full	Kexp1p3_D120	rep001	2020	ESkane_mod	2021	Fästan	100	0.00022742454189992	0.000227948449475433	3.40907328938306e-06	0.000220485991017633	0.000232944598333412	0.000216546527079091	0.000233368065655932	0.002345	0.0969827470788574
full	Kexp1p3_D120	rep001	2020	SESkane_mod	2022	SE Skåne	100	0.000226674019324079	0.00022738425179794	3.54406146898058e-06	0.000215584631432636	0.00023095916868407	0.000212768217475499	0.000231392050878028	0.002091	0.108404600346284
full	Kexp1p3_D120	rep001	2020	WSkane_mod	2021	Silvåkra	100	0.000229614053091731	0.00022992011352675	2.59911411709233e-06	0.00022163896896449	0.000233213891704948	0.000219169625354236	0.000234134658814096	0.002252	0.101960059099348
full	Kexp1p3_D120	rep002	1951	WSkane_hist	1951	Torna Hällestad	100	0.000231196857632603	0.00023151285163272	2.68164924219813e-06	0.00022351770326801	0.000235016785506401	0.000222012576803634	0.000235529564463359	0.0023	0.10052037288374
full	Kexp1p3_D120	rep002	1956	ESkane_hist	1956	Degeberga	100	0.000230405043082585	0.000230701616070143	2.55550267713572e-06	0.000223441811605527	0.000234605638402119	0.000222662398093069	0.000235432718568196	0.002389	0.0964441369119234
full	Kexp1p3_D120	rep002	2020	ESkane_mod	2021	Fästan	100	0.000229260161522258	0.000229606492199619	2.91821843241646e-06	0.000224200652237843	0.000233558478638834	0.00021177843087369	0.000234294355220127	0.002345	0.0977655273016024
full	Kexp1p3_D120	rep002	2020	SESkane_mod	2022	SE Skåne	100	0.000228009320254849	0.00022812428570715	2.76553696837489e-06	0.000221739603616669	0.000232359642054253	0.000216994227385182	0.000233161297405435	0.002091	0.10904319476559
full	Kexp1p3_D120	rep002	2020	WSkane_mod	2021	Silvåkra	100	0.000229584836239721	0.000229356478763337	2.38463227705018e-06	0.000225501237996675	0.000233853892100438	0.000220560042828562	0.000234490215941234	0.002252	0.101947085363997
full	Kexp1p3_D120	rep003	1951	WSkane_hist	1951	Torna Hällestad	100	0.000230259624787379	0.000230849822238313	3.61585484212917e-06	0.000220156591119062	0.000235086424831897	0.00021434763472531	0.00023626472935142	0.0023	0.100112880342339
full	Kexp1p3_D120	rep003	1956	ESkane_hist	1956	Degeberga	100	0.000231160072691082	0.000231334520668126	2.93378768080827e-06	0.00022346625725238	0.000235718515669409	0.000219768780028698	0.000236942425654062	0.002389	0.0967601811180755
full	Kexp1p3_D120	rep003	2020	ESkane_mod	2021	Fästan	100	0.000227944361941232	0.000228218422701465	2.8324939451729e-06	0.00022128974864314	0.000232688482859309	0.000218536109606248	0.000233102929361265	0.002345	0.0972044187382654
full	Kexp1p3_D120	rep003	2020	SESkane_mod	2022	SE Skåne	100	0.000226643972740096	0.000226892407524068	3.18901252522047e-06	0.000220112712875045	0.000231963180971566	0.000216205177043743	0.000232936133158465	0.002091	0.10839023086566
full	Kexp1p3_D120	rep003	2020	WSkane_mod	2021	Silvåkra	100	0.000230195635261056	0.000230524219313165	2.17291431654694e-06	0.000224843304467754	0.000233408688824892	0.000222775175957827	0.000233849891612766	0.002252	0.102218310506686
full	Kexp1p3_D120	rep004	1951	WSkane_hist	1951	Torna Hällestad	100	0.00023111144331676	0.000231736526628867	3.01517308244162e-06	0.000224587394863419	0.000235179093164342	0.000214365548580303	0.000235833617552371	0.0023	0.100483236224678
full	Kexp1p3_D120	rep004	1956	ESkane_hist	1956	Degeberga	100	0.0002304285209263	0.000230789988719207	2.62739074531044e-06	0.000224908062900228	0.00023381716679778	0.000216229266465801	0.00023435443660927	0.002389	0.0964539643894098
full	Kexp1p3_D120	rep004	2020	ESkane_mod	2021	Fästan	100	0.00022522559987119	0.000225750777525138	3.73216916257434e-06	0.000217485565480427	0.000230660275043634	0.000215597947188337	0.000231327255834793	0.002345	0.0960450319280126
full	Kexp1p3_D120	rep004	2020	SESkane_mod	2022	SE Skåne	100	0.000223761364689034	0.000224258233326835	4.57947179111673e-06	0.000215096340240107	0.000229649647924516	0.000201676992328828	0.000232079456829357	0.002091	0.107011652170748
full	Kexp1p3_D120	rep004	2020	WSkane_mod	2021	Silvåkra	100	0.000229542404936738	0.000229919557690979	2.5655033343166e-06	0.000223207685552629	0.000233307224417618	0.000219469927268393	0.000233844732451587	0.002252	0.101928243755212
full	Kexp1p3_D120	rep005	1951	WSkane_hist	1951	Torna Hällestad	100	0.00023229013741652	0.000233143533233563	3.68423715262028e-06	0.000224632824771031	0.00023627755157135	0.000212341322898032	0.00023650396834222	0.0023	0.100995711920226
full	Kexp1p3_D120	rep005	1956	ESkane_hist	1956	Degeberga	100	0.000230795373394429	0.000231255057749691	2.87163591105804e-06	0.000224485951358366	0.000235650632059947	0.000220011980986433	0.000235960983560961	0.002389	0.0966075233965799
full	Kexp1p3_D120	rep005	2020	ESkane_mod	2021	Fästan	100	0.000230359478503285	0.000230482087695584	2.61142246167728e-06	0.000225225262963769	0.000234567642935711	0.00022363618195089	0.000234944304707124	0.002345	0.0982343191911663
full	Kexp1p3_D120	rep005	2020	SESkane_mod	2022	SE Skåne	100	0.000227329700930543	0.000227830866465168	3.58120764169238e-06	0.000219699693951196	0.000232816954043694	0.000214386258242897	0.00023420400965812	0.002091	0.108718173567931
full	Kexp1p3_D120	rep005	2020	WSkane_mod	2021	Silvåkra	100	0.000231732337717156	0.000231920453585119	1.99461139748714e-06	0.000228032665713265	0.000235077658688778	0.000222407223796769	0.000235444258263924	0.002252	0.102900682822894
no_oland	Kexp1p2_D120	rep001	1900	NSmaland_hist_1900proxy	1936	Hjelmseryd	100	0.000222951676047229	0.000220895455134461	2.84214010280508e-06	0.00022031714337479	0.000227135508876619	0.00022031714337479	0.000227135508876619	NA	NA
no_oland	Kexp1p2_D120	rep001	1951	WSkane_hist	1951	Torna Hällestad	100	0.000230694920172059	0.000231267560570383	2.79715458429227e-06	0.00022359455266859	0.00023411805458073	0.000219155413105033	0.000235515127856065	0.0023	0.100302139205243
no_oland	Kexp1p2_D120	rep001	1956	ESkane_hist	1956	Degeberga	100	0.000231291998778911	0.00023173514447727	2.90550319645638e-06	0.000224229198650575	0.000235600173929103	0.000223087375485522	0.000237514773706591	0.002389	0.0968154034235709
no_oland	Kexp1p2_D120	rep001	2020	ESkane_mod	2021	Fästan	100	0.000229998777412978	0.000230320108456176	2.34401460062902e-06	0.000224201337845848	0.00023337862098965	0.000222512699083056	0.000234289479759068	0.002345	0.0980805020950866
no_oland	Kexp1p2_D120	rep001	2020	SESkane_mod	2022	SE Skåne	100	0.000227938866933181	0.000228644554304283	3.27285694985676e-06	0.000219404877345377	0.000232435262189313	0.000216050712997347	0.00023289160027924	0.002091	0.109009501163645
no_oland	Kexp1p2_D120	rep001	2020	WSkane_mod	2021	Silvåkra	100	0.000231403388074409	0.000231679540606701	2.08031949469111e-06	0.00022700755203955	0.000235206792402271	0.000223983418665763	0.00023557945708678	0.002252	0.102754612821674
no_oland	Kexp1p2_D120	rep002	1900	NSmaland_hist_1900proxy	1936	Hjelmseryd	100	0.000212581181823384	0.000212581181823384	0	0.000212581181823384	0.000212581181823384	0.000212581181823384	0.000212581181823384	NA	NA
no_oland	Kexp1p2_D120	rep002	1951	WSkane_hist	1951	Torna Hällestad	100	0.000231661970961918	0.000232074834166025	2.31598653907333e-06	0.000226499506202163	0.000235482493276052	0.000221315295629807	0.000236167263521705	0.0023	0.100722596070399
no_oland	Kexp1p2_D120	rep002	1956	ESkane_hist	1956	Degeberga	100	0.00022990204840827	0.000230533000889476	3.39060131690068e-06	0.000223438726267266	0.000234549368587466	0.000209404146622824	0.000236855493374301	0.002389	0.0962335907945875
no_oland	Kexp1p2_D120	rep002	2020	ESkane_mod	2021	Fästan	100	0.000226670063971152	0.000227119041000191	3.35817392519994e-06	0.000218694412308567	0.000230573053411866	0.000208432739905628	0.000231676055346654	0.002345	0.0966610080900436
no_oland	Kexp1p2_D120	rep002	2020	SESkane_mod	2022	SE Skåne	100	0.000226117801475292	0.000226739127687005	3.76454481837908e-06	0.000216121539802205	0.000231280159764493	0.000213920011058486	0.000231602767995962	0.002091	0.108138594679719
no_oland	Kexp1p2_D120	rep002	2020	WSkane_mod	2021	Silvåkra	100	0.000228253550295724	0.000228630471735402	2.76291280952477e-06	0.00022265673125978	0.000232012249740467	0.000215186648065665	0.000232491320829771	0.002252	0.101355928195259
no_oland	Kexp1p2_D120	rep003	1951	WSkane_hist	1951	Torna Hällestad	100	0.000231315734403511	0.000231650480068738	2.81133266810392e-06	0.000225049136393707	0.000235476501053108	0.00022179373812727	0.000236484264959949	0.0023	0.100572058436309
no_oland	Kexp1p2_D120	rep003	1956	ESkane_hist	1956	Degeberga	100	0.000229292622108673	0.000230006300460493	3.65783753981093e-06	0.000223018751300385	0.00023361297426303	0.000208686848738835	0.000235327358259407	0.002389	0.0959784939760037
no_oland	Kexp1p2_D120	rep003	2020	ESkane_mod	2021	Fästan	100	0.000229284495452644	0.000229725561425264	2.5393428482737e-06	0.00022313496847867	0.000233166781537601	0.000221517928780076	0.000234175103353725	0.002345	0.0977759042441977
no_oland	Kexp1p2_D120	rep003	2020	SESkane_mod	2022	SE Skåne	100	0.00022789448587108	0.000228282415582341	3.21569382353603e-06	0.000219726831964459	0.000232101978701476	0.000218272457456175	0.000232762669903466	0.002091	0.108988276361109
no_oland	Kexp1p2_D120	rep003	2020	WSkane_mod	2021	Silvåkra	100	0.000230087155144972	0.000230494866840342	2.23921041632177e-06	0.000225617906064422	0.000233153936074142	0.000222223133739513	0.000233918124049082	0.002252	0.102170139940041
no_oland	Kexp1p2_D120	rep004	1900	NSmaland_hist_1900proxy	1936	Hjelmseryd	100	0.000210694789394731	0.000215472208359687	1.65780744663097e-05	0.000179445903939599	0.000229599834124017	0.000143308535259321	0.000229599834124017	NA	NA
no_oland	Kexp1p2_D120	rep004	1951	NSmaland_hist_1951proxy	1936	Hjelmseryd	100	0.000227372746819104	0.000227372746819104	0	0.000227372746819104	0.000227372746819104	0.000227372746819104	0.000227372746819104	NA	NA
no_oland	Kexp1p2_D120	rep004	1951	WSkane_hist	1951	Torna Hällestad	100	0.000231759387472637	0.000231874972484968	2.39909336588488e-06	0.000227111210024377	0.000235863928961747	0.000222135443937684	0.000237180288868547	0.0023	0.10076495107506
no_oland	Kexp1p2_D120	rep004	1956	ESkane_hist	1956	Degeberga	100	0.000230783514263882	0.000231750918708018	3.58785100159464e-06	0.000221469901218687	0.000235731300556863	0.000220091850934602	0.000236876425258893	0.002389	0.0966025593402602
no_oland	Kexp1p2_D120	rep004	2020	ESkane_mod	2021	Fästan	100	0.000229272534703411	0.000229947315101209	2.59735225738918e-06	0.0002232406398735	0.000232832871738709	0.000221769762230092	0.000233217161915005	0.002345	0.0977708037114761
no_oland	Kexp1p2_D120	rep004	2020	SESkane_mod	2022	SE Skåne	100	0.000227215777606895	0.000227587714387322	3.03124741787368e-06	0.000220453491928231	0.000231377433703413	0.000216465180398905	0.000231881435209707	0.002091	0.108663690868912
no_oland	Kexp1p2_D120	rep004	2020	WSkane_mod	2021	Silvåkra	100	0.000229690887745267	0.000230204308323986	2.74410739936394e-06	0.000224448134481752	0.000233799379727532	0.000218898581766274	0.000234916904183046	0.002252	0.101994177506779
no_oland	Kexp1p2_D120	rep005	1900	NSmaland_hist_1900proxy	1936	Hjelmseryd	100	0.000225007102439539	0.000224748096533061	3.71475193329088e-06	0.000218925621790304	0.000233435381756429	0.000218925621790304	0.000233435381756429	NA	NA
no_oland	Kexp1p2_D120	rep005	1951	WSkane_hist	1951	Torna Hällestad	100	0.000231430829045832	0.000231984737274563	2.75601836845473e-06	0.000225337573531977	0.000235609881355972	0.000222187781655334	0.000236532646740001	0.0023	0.100622099585144
no_oland	Kexp1p2_D120	rep005	1956	ESkane_hist	1956	Degeberga	100	0.000231014860006185	0.000231545872587041	3.21451696298131e-06	0.00022268637240631	0.000235464057831433	0.000216558106953932	0.00023575715388363	0.002389	0.0966993972399269
no_oland	Kexp1p2_D120	rep005	2020	ESkane_mod	2021	Fästan	100	0.000227953296592796	0.000227944329059225	2.48265806084217e-06	0.000223072811190935	0.000232872402031166	0.000221380068535781	0.000234004530788024	0.002345	0.0972082288242202
no_oland	Kexp1p2_D120	rep005	2020	SESkane_mod	2022	SE Skåne	100	0.000227133747419	0.000227230783415083	3.18222978707399e-06	0.00022043694550857	0.000232075007765691	0.000219027001742188	0.000234024102315999	0.002091	0.108624460745576
no_oland	Kexp1p2_D120	rep005	2020	WSkane_mod	2021	Silvåkra	100	0.000230278573624814	0.000230256687338894	2.03535917693671e-06	0.000225507195941969	0.000233879127201993	0.000224593089555832	0.0002362641160269	0.002252	0.102255139265015
no_oland	Kexp1p3_D120	rep001	1951	WSkane_hist	1951	Torna Hällestad	100	0.00023131724084151	0.000231887484003721	3.01254151797103e-06	0.000225469019178435	0.000235788863106056	0.000220320243739447	0.000237909644044689	0.0023	0.100572713409352
no_oland	Kexp1p3_D120	rep001	1956	ESkane_hist	1956	Degeberga	100	0.000230503883420477	0.000231597947534282	3.55049296588512e-06	0.000221212826514597	0.000234778525366265	0.000215775800154924	0.00023624892299715	0.002389	0.0964855100127572
no_oland	Kexp1p3_D120	rep001	2020	ESkane_mod	2021	Fästan	100	0.000228576755154862	0.000228719775892473	1.74509918284071e-06	0.000225442053486998	0.000231785538264081	0.000223722482756341	0.000232419368786137	0.002345	0.0974740960148663
no_oland	Kexp1p3_D120	rep001	2020	SESkane_mod	2022	SE Skåne	100	0.000226641640756833	0.000227087154972071	2.97495168212936e-06	0.000220157004152934	0.00023069440567301	0.000216654580233618	0.000231340904745902	0.002091	0.108389115617806
no_oland	Kexp1p3_D120	rep001	2020	WSkane_mod	2021	Silvåkra	100	0.000231211391267389	0.000231356197713408	2.17921615388589e-06	0.000226398852616676	0.000234217676783093	0.000221671405578047	0.000235524737620015	0.002252	0.10266935669067
no_oland	Kexp1p3_D120	rep002	1951	WSkane_hist	1951	Torna Hällestad	100	0.000231770225619804	0.000232570240897751	3.32435781790417e-06	0.000224867979083041	0.0002357237041989	0.000211470779011222	0.000236781143927513	0.0023	0.100769663312958
no_oland	Kexp1p3_D120	rep002	1956	ESkane_hist	1956	Degeberga	100	0.00023067365065146	0.000230976450493156	2.49792957841222e-06	0.000225433840677413	0.00023479629317043	0.000224592737000179	0.000236202555015979	0.002389	0.0965565720600503
no_oland	Kexp1p3_D120	rep002	2020	ESkane_mod	2021	Fästan	100	0.000227556519096643	0.000228143206827691	2.9859173902313e-06	0.000218962831198763	0.000231402271036323	0.000217760859109494	0.000231955864986616	0.002345	0.0970390273333233
no_oland	Kexp1p3_D120	rep002	2020	SESkane_mod	2022	SE Skåne	100	0.000227564759765091	0.000228298186955372	4.16908895273305e-06	0.000215760794577873	0.000233513812376117	0.00021336484641062	0.000234434584424003	0.002091	0.108830588122951
no_oland	Kexp1p3_D120	rep002	2020	WSkane_mod	2021	Silvåkra	100	0.000230945461623165	0.000231363640579007	2.21525542020981e-06	0.000226074176129885	0.000234356454237028	0.000221090018670685	0.000234848005196004	0.002252	0.102551270703004
no_oland	Kexp1p3_D120	rep003	1951	WSkane_hist	1951	Torna Hällestad	100	0.000231109450707543	0.000231153464591033	2.46665543518065e-06	0.000225055199172261	0.000235314148056522	0.000224689694685198	0.000236098434576296	0.0023	0.100482369872845
no_oland	Kexp1p3_D120	rep003	1956	ESkane_hist	1956	Degeberga	100	0.000230302010490653	0.00023131957927675	4.11434403047995e-06	0.000219048214223762	0.000234812034173101	0.00021214419468159	0.000237402841814783	0.002389	0.0964010089956687
no_oland	Kexp1p3_D120	rep003	2020	ESkane_mod	2021	Fästan	100	0.000228706590052808	0.00022882931510699	2.71346069229148e-06	0.000223854207556513	0.000233121964984163	0.000218850558163491	0.000233560031783013	0.002345	0.0975294627090866
no_oland	Kexp1p3_D120	rep003	2020	SESkane_mod	2022	SE Skåne	100	0.000227172379082222	0.000227592748327861	3.13325462963929e-06	0.000219911195094597	0.000231120209113685	0.000212475824176802	0.000233246217307027	0.002091	0.108642935955151
no_oland	Kexp1p3_D120	rep003	2020	WSkane_mod	2021	Silvåkra	100	0.000230247143988597	0.000230667271725558	1.99532901055515e-06	0.000225611887100807	0.000232774970124198	0.000221721964579221	0.000235176808000773	0.002252	0.102241182943427
no_oland	Kexp1p3_D120	rep004	1951	WSkane_hist	1951	Torna Hällestad	100	0.000230234115681448	0.000230731994592969	3.15615520264647e-06	0.000223975015599676	0.000234087779399275	0.0002146301533913	0.000234503815038889	0.0023	0.100101789426717
no_oland	Kexp1p3_D120	rep004	1956	ESkane_hist	1956	Degeberga	100	0.000230129709938435	0.000230006079203558	2.47258299549473e-06	0.000225041828331998	0.000234625819236296	0.000221177643768328	0.000234984389154427	0.002389	0.0963288865376453
no_oland	Kexp1p3_D120	rep004	2020	ESkane_mod	2021	Fästan	100	0.000227680693154932	0.000228021552368952	2.55109047315432e-06	0.000222024886273466	0.000231646598018021	0.000217139412514652	0.000232151643866873	0.002345	0.0970919800234252
no_oland	Kexp1p3_D120	rep004	2020	SESkane_mod	2022	SE Skåne	100	0.000227032747915627	0.000226997411353002	2.98566260929073e-06	0.000220634603248278	0.000231600559671369	0.000219605086666889	0.000232484058312564	0.002091	0.108576158735355
no_oland	Kexp1p3_D120	rep004	2020	WSkane_mod	2021	Silvåkra	100	0.00023074283346032	0.000230902805243389	1.97134002207248e-06	0.000226101051981097	0.000233982153995753	0.000224429872621834	0.000235066977691548	0.002252	0.102461293721279
no_oland	Kexp1p3_D120	rep005	1951	WSkane_hist	1951	Torna Hällestad	100	0.000231540977333939	0.000231940556806396	2.40304827697533e-06	0.000227000976080628	0.000235326091787083	0.000225107639892749	0.000235663915805929	0.0023	0.100669990145191
no_oland	Kexp1p3_D120	rep005	1956	ESkane_hist	1956	Degeberga	100	0.000229946433858113	0.000230624148862575	3.09170104677562e-06	0.000223197444368732	0.000234933160256739	0.000218935157138879	0.000235765231120833	0.002389	0.0962521698861921
no_oland	Kexp1p3_D120	rep005	2020	ESkane_mod	2021	Fästan	100	0.000228134372791817	0.000228692688424471	3.26559809998662e-06	0.000221688939829073	0.000233545779770758	0.000214652660131556	0.000233857807342785	0.002345	0.097285446819538
no_oland	Kexp1p3_D120	rep005	2020	SESkane_mod	2022	SE Skåne	100	0.000227960621146536	0.000228545341873874	2.97293026602157e-06	0.000221843320663936	0.000232216489136443	0.000220815586151899	0.000234251427397972	0.002091	0.109019904900304
no_oland	Kexp1p3_D120	rep005	2020	WSkane_mod	2021	Silvåkra	100	0.000230478326446544	0.000230428893886074	2.14788332130887e-06	0.00022557603633478	0.000234014063200076	0.000224504271699464	0.000234518881032464	0.002252	0.102343839452284
skane_only	Kexp1p2_D120	rep001	1951	WSkane_hist	1951	Torna Hällestad	100	0.000231064848493115	0.000231291276131126	2.34351923881361e-06	0.000225833886527563	0.000234889369659402	0.00022544218364039	0.000235551470431978	0.0023	0.100462977605702
skane_only	Kexp1p2_D120	rep001	1956	ESkane_hist	1956	Degeberga	100	0.000229180755231909	0.000229508204792296	3.29943225929967e-06	0.000221591497934161	0.00023357824426815	0.000216757088944695	0.000234483125513915	0.002389	0.0959316681590241
skane_only	Kexp1p2_D120	rep001	2020	ESkane_mod	2021	Fästan	100	0.000228945714348673	0.000229196435905122	2.73593980603395e-06	0.00022321096828252	0.000233456189390327	0.000219754504174921	0.000234142895643428	0.002345	0.0976314346902656
skane_only	Kexp1p2_D120	rep001	2020	SESkane_mod	2022	SE Skåne	100	0.000226406804812007	0.000227097531540376	4.21743559177448e-06	0.000214844098329191	0.000232367739011035	0.000212433311755776	0.000232711815082535	0.002091	0.108276807657584
skane_only	Kexp1p2_D120	rep001	2020	WSkane_mod	2021	Silvåkra	100	0.000230830950040683	0.0002313972575791	2.26578533610945e-06	0.000225732556834912	0.000234302608952299	0.000221879962342831	0.000234597613041932	0.002252	0.102500421865312
skane_only	Kexp1p2_D120	rep002	1951	WSkane_hist	1951	Torna Hällestad	100	0.000230943547846306	0.000231396494503369	3.05608312627078e-06	0.000222460552801828	0.000234608433956559	0.000220252949903022	0.000235813323690346	0.0023	0.100410238194046
skane_only	Kexp1p2_D120	rep002	1956	ESkane_hist	1956	Degeberga	100	0.000230414802108726	0.000230801213171989	2.81950513570485e-06	0.000223061054709619	0.000234614078165622	0.000221666944510421	0.000235079811730462	0.002389	0.0964482218956577
skane_only	Kexp1p2_D120	rep002	2020	ESkane_mod	2021	Fästan	100	0.000228976432668184	0.000229613567652434	3.3088836270692e-06	0.00022194593514235	0.000233729595187654	0.000216308539002947	0.000234073312536565	0.002345	0.0976445341868587
skane_only	Kexp1p2_D120	rep002	2020	SESkane_mod	2022	SE Skåne	100	0.000228954580842635	0.000229352914377394	3.01073768672189e-06	0.000223482902016072	0.000233394587989584	0.000215455456646281	0.000234473955425262	0.002091	0.109495256261423
skane_only	Kexp1p2_D120	rep002	2020	WSkane_mod	2021	Silvåkra	100	0.000231280579422838	0.000231734437061718	1.98414339513568e-06	0.000227088810988112	0.000234347092745587	0.000223980340738151	0.000234786632305371	0.002252	0.102700079672663
skane_only	Kexp1p2_D120	rep003	1951	WSkane_hist	1951	Torna Hällestad	100	0.000230513467514767	0.000231558248544532	3.19537831804042e-06	0.000222003519213375	0.000234263102591557	0.000216635792403766	0.000234803628317211	0.0023	0.100223246745551
skane_only	Kexp1p2_D120	rep003	1956	ESkane_hist	1956	Degeberga	100	0.000230920688059153	0.000231147380050027	2.55987746263861e-06	0.000225992298941594	0.000235545775393619	0.0002250573922797	0.000235970702359557	0.002389	0.0966599782583312
skane_only	Kexp1p2_D120	rep003	2020	ESkane_mod	2021	Fästan	100	0.000228603831595105	0.000228876758521901	2.64988473737021e-06	0.000223061022115673	0.000232699943441598	0.000218170774424972	0.000233368473118098	0.002345	0.0974856424712601
skane_only	Kexp1p2_D120	rep003	2020	SESkane_mod	2022	SE Skåne	100	0.000226283140995117	0.000226671195138294	3.75950055409601e-06	0.000216708893881324	0.000231583608078648	0.000215037549182103	0.000233912869095316	0.002091	0.108217666664331
skane_only	Kexp1p2_D120	rep003	2020	WSkane_mod	2021	Silvåkra	100	0.000230819221532283	0.000230952965437216	1.67541416931507e-06	0.000227065729259053	0.000233453936736689	0.000226273590550822	0.000235289997676728	0.002252	0.102495213824282
skane_only	Kexp1p2_D120	rep004	1951	WSkane_hist	1951	Torna Hällestad	100	0.00023066946069351	0.000231227637309029	2.67211361698393e-06	0.000225544296649062	0.000234544765516575	0.000221424475968986	0.000235016037347103	0.0023	0.100291069866744
skane_only	Kexp1p2_D120	rep004	1956	ESkane_hist	1956	Degeberga	100	0.000230802683906422	0.000231363485261777	3.10100244147318e-06	0.000222508769817866	0.00023516494940743	0.000218736275571188	0.000236309615795758	0.002389	0.0966105834685734
skane_only	Kexp1p2_D120	rep004	2020	ESkane_mod	2021	Fästan	100	0.000227662916962821	0.000228320904680911	3.42866472550649e-06	0.000220800010000299	0.000232673677176841	0.000212021954178613	0.000233287631000958	0.002345	0.0970843995577061
skane_only	Kexp1p2_D120	rep004	2020	SESkane_mod	2022	SE Skåne	100	0.000226080247452339	0.000226797171955807	3.77211357819003e-06	0.00021705711453886	0.000231084138255247	0.000213830965486535	0.000232587162680088	0.002091	0.108120634840908
skane_only	Kexp1p2_D120	rep004	2020	WSkane_mod	2021	Silvåkra	100	0.000229151684915916	0.00022933796140003	2.21838801144448e-06	0.000224006488488425	0.000232571923998873	0.000221987282124683	0.000234223390567071	0.002252	0.101754744634066
skane_only	Kexp1p2_D120	rep005	1951	WSkane_hist	1951	Torna Hällestad	100	0.000231021602864904	0.000231271619945722	2.60052017613807e-06	0.000224462305572384	0.000234693351125316	0.000220615244815338	0.000235309957886557	0.0023	0.100444175158654
skane_only	Kexp1p2_D120	rep005	1956	ESkane_hist	1956	Degeberga	100	0.000229955900979293	0.000230510469302911	3.08772355340127e-06	0.000221519831552653	0.000234190115582408	0.000220030981407202	0.000236237987754909	0.002389	0.096256132682835
skane_only	Kexp1p2_D120	rep005	2020	ESkane_mod	2021	Fästan	100	0.000227506510200898	0.000228645998664452	4.41497723454639e-06	0.00021681036465714	0.000232891761687118	0.000208959609205494	0.000233878226560677	0.002345	0.0970177015782083
skane_only	Kexp1p2_D120	rep005	2020	SESkane_mod	2022	SE Skåne	100	0.000225432362727933	0.000225539941194046	3.20606441652308e-06	0.000218323534213713	0.000230639734699864	0.000218161241782593	0.000231691801983894	0.002091	0.107810790400733
skane_only	Kexp1p2_D120	rep005	2020	WSkane_mod	2021	Silvåkra	100	0.000231663385221099	0.000231804552782752	1.74333365392057e-06	0.000227849526151487	0.000234372367306256	0.000226892052104451	0.000234864168800904	0.002252	0.10287006448539
skane_only	Kexp1p3_D120	rep001	1951	WSkane_hist	1951	Torna Hällestad	100	0.000230823096261741	0.000231461686176517	3.20109363236659e-06	0.000222324898709593	0.000234821604284269	0.000218049816465964	0.00023523117984161	0.0023	0.100357867939887
skane_only	Kexp1p3_D120	rep001	1956	ESkane_hist	1956	Degeberga	100	0.000229189516237551	0.000229473492065045	3.00212422592963e-06	0.000220734062465621	0.000234291072183827	0.000217058732571877	0.0002352563802998	0.002389	0.0959353353861661
skane_only	Kexp1p3_D120	rep001	2020	ESkane_mod	2021	Fästan	100	0.000227691388628688	0.00022818846794967	3.3244591296436e-06	0.000220202961522161	0.000231984842362032	0.000215781625520883	0.000234421130921934	0.002345	0.0970965409930441
skane_only	Kexp1p3_D120	rep001	2020	SESkane_mod	2022	SE Skåne	100	0.000226998876756332	0.000227390814242454	2.76754053287665e-06	0.000220144431200864	0.000230816318651699	0.000218455062946044	0.000231729759685958	0.002091	0.108559960189542
skane_only	Kexp1p3_D120	rep001	2020	WSkane_mod	2021	Silvåkra	100	0.000230214085853646	0.00023068562966971	2.66213355866711e-06	0.000223504995897394	0.000234187209831006	0.000218375985907955	0.00023443250768963	0.002252	0.102226503487409
skane_only	Kexp1p3_D120	rep002	1951	WSkane_hist	1951	Torna Hällestad	100	0.000231622699014361	0.000232339347597956	3.19513127185784e-06	0.00022406071625125	0.000235888180130327	0.000219438581852266	0.000236871872812203	0.0023	0.100705521310592
skane_only	Kexp1p3_D120	rep002	1956	ESkane_hist	1956	Degeberga	100	0.000230908084905335	0.000231613936992628	3.27842741754208e-06	0.00022289614426308	0.000235200437035574	0.000221389414775654	0.000236145476064171	0.002389	0.0966547027648953
skane_only	Kexp1p3_D120	rep002	2020	ESkane_mod	2021	Fästan	100	0.000226696208151452	0.000227435043829334	3.43760509682303e-06	0.000217573506876151	0.000231184005236332	0.000215084606944493	0.000232421348089298	0.002345	0.0966721569942228
skane_only	Kexp1p3_D120	rep002	2020	SESkane_mod	2022	SE Skåne	100	0.000226047215451111	0.000226184830252038	3.03209138750592e-06	0.000218705923192646	0.000230923604263547	0.000217016464693675	0.000231374856283626	0.002091	0.108104837614113
skane_only	Kexp1p3_D120	rep002	2020	WSkane_mod	2021	Silvåkra	100	0.000229633430559373	0.000229760014180558	2.38447382680994e-06	0.000224621645724231	0.00023403521784307	0.000224007515569777	0.00023452660394722	0.002252	0.101968663658692
skane_only	Kexp1p3_D120	rep003	1951	WSkane_hist	1951	Torna Hällestad	100	0.000230827571849199	0.000231061298005762	2.44021053970849e-06	0.000225004859297985	0.000234340381651657	0.000219784963957903	0.000234684687665961	0.0023	0.100359813847478
skane_only	Kexp1p3_D120	rep003	1956	ESkane_hist	1956	Degeberga	100	0.000228816132372435	0.000229825321381011	5.06010414224758e-06	0.000214733426476721	0.000234554887203442	0.000202311298178735	0.000235694642794837	0.002389	0.095779042432999
skane_only	Kexp1p3_D120	rep003	2020	ESkane_mod	2021	Fästan	100	0.000228812001679294	0.000229529133693107	3.23027437096797e-06	0.00021887262812578	0.000232762395932762	0.000216905702661518	0.000233245611840414	0.002345	0.0975744143621724
skane_only	Kexp1p3_D120	rep003	2020	SESkane_mod	2022	SE Skåne	100	0.000225559924919134	0.000226555817380453	4.76252595034688e-06	0.000212767631402342	0.000231180576913081	0.00020835568961019	0.000231758324214951	0.002091	0.107871795752814
skane_only	Kexp1p3_D120	rep003	2020	WSkane_mod	2021	Silvåkra	100	0.000229282160583608	0.000229553738859192	2.4060587849343e-06	0.000224643155892141	0.000232625557537083	0.000219734406056341	0.000232992206549403	0.002252	0.101812682319542
skane_only	Kexp1p3_D120	rep004	1951	WSkane_hist	1951	Torna Hällestad	100	0.000231186390819513	0.000231800566797306	2.92967789259253e-06	0.000224796220067179	0.000235264370830676	0.000220907954940484	0.000236694223706428	0.0023	0.10051582209544
skane_only	Kexp1p3_D120	rep004	1956	ESkane_hist	1956	Degeberga	100	0.000231288100337475	0.000231459870555056	2.07826355928488e-06	0.000226758653711102	0.000234935243988528	0.000224595234826405	0.000236381326171666	0.002389	0.0968137715937526
skane_only	Kexp1p3_D120	rep004	2020	ESkane_mod	2021	Fästan	100	0.000228827797618995	0.000229506433773109	2.8610995822505e-06	0.000221647509982879	0.000232105845228797	0.000214776803286029	0.000232985552866075	0.002345	0.0975811503705735
skane_only	Kexp1p3_D120	rep004	2020	SESkane_mod	2022	SE Skåne	100	0.000226278142203521	0.000227303450454999	4.1346713301971e-06	0.000215970889896705	0.000232205344033242	0.000212610503745192	0.000232361104899568	0.002091	0.108215276041856
skane_only	Kexp1p3_D120	rep004	2020	WSkane_mod	2021	Silvåkra	100	0.000231338057589345	0.000231433204856543	1.67148475998727e-06	0.000227202372575687	0.00023403778916915	0.000226976824472727	0.000234473975017488	0.002252	0.102725602837187
skane_only	Kexp1p3_D120	rep005	1951	WSkane_hist	1951	Torna Hällestad	100	0.000231512954848067	0.000232023801602361	2.87197206164258e-06	0.000224526508735572	0.000235606879852691	0.00022208102214477	0.000237118297291236	0.0023	0.100657806455681
skane_only	Kexp1p3_D120	rep005	1956	ESkane_hist	1956	Degeberga	100	0.000230922131662554	0.000231644448407993	3.17774056011468e-06	0.000223387510263465	0.000235087941793562	0.000216269287827449	0.00023602486439673	0.002389	0.0966605825293237
skane_only	Kexp1p3_D120	rep005	2020	ESkane_mod	2021	Fästan	100	0.000227781296622227	0.000228234190149209	2.56834559067507e-06	0.000222156994816598	0.000231759287227727	0.000220917988982027	0.000232428756687747	0.002345	0.097134881288796
skane_only	Kexp1p3_D120	rep005	2020	SESkane_mod	2022	SE Skåne	100	0.000228422442765977	0.000228888341352553	2.74099167709015e-06	0.000222066164224995	0.000232807031625144	0.00021967832445191	0.000233548049772727	0.002091	0.109240766506924
skane_only	Kexp1p3_D120	rep005	2020	WSkane_mod	2021	Silvåkra	100	0.000230013492282497	0.000230322261745274	1.95249155495652e-06	0.000224404437844173	0.000232775831806787	0.000223321217736988	0.000233694278094021	0.002252	0.102137429965585
skane_only	Kexp1p5_D120	rep001	1951	WSkane_hist	1951	Torna Hällestad	100	0.000229813954802896	0.000230611781603146	3.97841520198888e-06	0.000220881442762753	0.000234913176292801	0.000211355853899059	0.000236856550485278	0.0023	0.099919110783868
skane_only	Kexp1p5_D120	rep001	1956	ESkane_hist	1956	Degeberga	100	0.000230201854672791	0.000230819812592362	3.00110790394198e-06	0.000223861998637073	0.000234870985441917	0.000220992726147371	0.000235417207453804	0.002389	0.0963590852544124
skane_only	Kexp1p5_D120	rep001	2020	ESkane_mod	2021	Fästan	100	0.000227711302385928	0.000228036236889526	2.58783533063252e-06	0.000222308141644865	0.00023133126809728	0.000220801978724937	0.000232690538656606	0.002345	0.0971050330003956
skane_only	Kexp1p5_D120	rep001	2020	SESkane_mod	2022	SE Skåne	100	0.000225272592878245	0.000225589767896632	3.20223231563185e-06	0.000217546081581915	0.000229847861593271	0.000214617247833967	0.000230942703310995	0.002091	0.107734382055593
skane_only	Kexp1p5_D120	rep001	2020	WSkane_mod	2021	Silvåkra	100	0.000230737299124451	0.000230881346409485	1.73336878876497e-06	0.000227280425430272	0.000234251988454658	0.000225643491139394	0.000234600471800638	0.002252	0.102458836200911
skane_only	Kexp1p5_D120	rep002	1951	WSkane_hist	1951	Torna Hällestad	100	0.000230609272379494	0.000230802338236569	2.61115788321191e-06	0.000225602017300345	0.000234582733718143	0.000224014862416932	0.000236287373073787	0.0023	0.100264901034563
skane_only	Kexp1p5_D120	rep002	1956	ESkane_hist	1956	Degeberga	100	0.000229748472341697	0.000230459280075302	3.56495797242839e-06	0.000223208548637533	0.000234769766033022	0.000211585214758594	0.000236879796746075	0.002389	0.0961693061287974
skane_only	Kexp1p5_D120	rep002	2020	ESkane_mod	2021	Fästan	100	0.000223449413727068	0.000224567747173451	4.69491363831555e-06	0.000215167871477582	0.000229310868570489	0.000197464491709018	0.000229744090964622	0.002345	0.0952875964720972
skane_only	Kexp1p5_D120	rep002	2020	SESkane_mod	2022	SE Skåne	100	0.000224502777884901	0.000225176856639397	4.74699304822722e-06	0.000212439938253318	0.000231441349536307	0.000210249449189672	0.000232096126037177	0.002091	0.107366225674271
skane_only	Kexp1p5_D120	rep002	2020	WSkane_mod	2021	Silvåkra	100	0.000229737575151621	0.000229900730663098	1.97069816954045e-06	0.000225562230800871	0.000232804178005961	0.000224704755576075	0.000233175196499584	0.002252	0.102014909037132
skane_only	Kexp1p5_D120	rep003	1951	WSkane_hist	1951	Torna Hällestad	100	0.000231610067234037	0.00023252748004215	3.60512628764e-06	0.000222969613989922	0.0002365061265561	0.000216049373952094	0.000237725222509752	0.0023	0.10070002923219
skane_only	Kexp1p5_D120	rep003	1956	ESkane_hist	1956	Degeberga	100	0.000230314112782424	0.000231519686332093	3.80023954137515e-06	0.000222806014931804	0.000234458529138555	0.000207127266277409	0.000234910706493113	0.002389	0.0964060748356734
skane_only	Kexp1p5_D120	rep003	2020	ESkane_mod	2021	Fästan	100	0.000227501503840071	0.000228095812988024	2.99457322119367e-06	0.000219777471551039	0.000232005322478709	0.00021908634724865	0.000233397640559436	0.002345	0.0970155666695397
skane_only	Kexp1p5_D120	rep003	2020	SESkane_mod	2022	SE Skåne	100	0.000227626260031137	0.000227853661443975	3.57713453329213e-06	0.000219765006054288	0.000233303297018069	0.000219142754929775	0.00023407336538519	0.002091	0.108860000014891
skane_only	Kexp1p5_D120	rep003	2020	WSkane_mod	2021	Silvåkra	100	0.000230042834811732	0.000230472063989167	2.43333817705872e-06	0.000224985792242222	0.000233997168063818	0.000223877599929605	0.000234765650468702	0.002252	0.102150459507874
skane_only	Kexp1p5_D120	rep004	1951	WSkane_hist	1951	Torna Hällestad	100	0.000230620159018353	0.000231299681077674	3.06003859681266e-06	0.000223056481592678	0.000234969601708853	0.000220540393253191	0.000235070459140017	0.0023	0.100269634355805
skane_only	Kexp1p5_D120	rep004	1956	ESkane_hist	1956	Degeberga	100	0.000231124489464819	0.000231514112258563	2.82476412243301e-06	0.000224505312135861	0.000235672513834612	0.000219302500583907	0.000236063946466595	0.002389	0.0967452865068309
skane_only	Kexp1p5_D120	rep004	2020	ESkane_mod	2021	Fästan	100	0.000228372234579153	0.000228692030788024	2.90851929865622e-06	0.000222506292201968	0.000232720012541517	0.000218689353928761	0.00023422254024509	0.002345	0.0973868804175491
skane_only	Kexp1p5_D120	rep004	2020	SESkane_mod	2022	SE Skåne	100	0.000225020006181467	0.000225260248037015	4.04272787581965e-06	0.000215785019007517	0.000231249915199604	0.000207084359508788	0.000232299251614697	0.002091	0.107613584974398
skane_only	Kexp1p5_D120	rep004	2020	WSkane_mod	2021	Silvåkra	100	0.00022927292145962	0.000229542464281362	2.55869132385303e-06	0.000223917887463976	0.000233077848314545	0.000219245554351665	0.000233324556754702	0.002252	0.101808579688996
skane_only	Kexp1p5_D120	rep005	1951	WSkane_hist	1951	Torna Hällestad	100	0.000230792410571821	0.000231367514836372	2.73964244702618e-06	0.000224955143712236	0.000234937116587233	0.000222115699733829	0.000236760525370812	0.0023	0.100344526335575
skane_only	Kexp1p5_D120	rep005	1956	ESkane_hist	1956	Degeberga	100	0.000229642910548248	0.000229919997505238	3.31895685176383e-06	0.000221590643342222	0.000234312290802976	0.000217926784661799	0.000234649797863974	0.002389	0.0961251195262653
skane_only	Kexp1p5_D120	rep005	2020	ESkane_mod	2021	Fästan	100	0.000224820035299426	0.000225667316037485	3.85930637016382e-06	0.000215739731741225	0.000230231149037933	0.000213658696227819	0.000231051445239724	0.002345	0.0958720832833374
skane_only	Kexp1p5_D120	rep005	2020	SESkane_mod	2022	SE Skåne	100	0.000224501444496375	0.000225639560995788	3.73650760732146e-06	0.000214938973440171	0.000229588995441742	0.000213912542347776	0.00023230258903411	0.002091	0.107365587994441
skane_only	Kexp1p5_D120	rep005	2020	WSkane_mod	2021	Silvåkra	100	0.000228989619618334	0.000229321814493184	2.24577232727099e-06	0.000224030143879958	0.0002323415482606	0.000219473155830612	0.000233259067840134	0.002252	0.101682779581853
