landscape	model	rep	comparison	simulation_hist_year	simulation_modern_year	simulation_years	historical_pi	modern_pi	retention	retention_100yr	empirical_hist_pi	empirical_modern_pi	empirical_retention	empirical_retention_100yr	error_retention_100yr_pp
full	Kexp1p3_D120	rep001	W_Skane	1951	2020	69	0.000230765442122952	0.000229614053091731	0.995010565617501	0.992777047800438	0.0023	0.002252	0.979130434782609	0.970320197986051	2.24568498143867
full	Kexp1p3_D120	rep001	E_Skane	1956	2020	64	0.00023097317126374	0.00022742454189992	0.984636183742017	0.976098002332086	0.002389	0.002345	0.98158225198828	0.971805906485717	0.42920958463688
full	Kexp1p3_D120	rep001	Ehist_to_SEmodern	1956	2020	64	0.00023097317126374	0.000226674019324079	0.981386790872123	0.971069526014825	0.002389	0.002091	0.875261615738803	0.817203326615432	15.3866199399392
full	Kexp1p3_D120	rep002	W_Skane	1951	2020	69	0.000231196857632603	0.000229584836239721	0.993027494363944	0.989910767143236	0.0023	0.002252	0.979130434782609	0.970320197986051	1.95905691571847
full	Kexp1p3_D120	rep002	E_Skane	1956	2020	64	0.000230405043082585	0.000229260161522258	0.995031004768776	0.992246803327193	0.002389	0.002345	0.98158225198828	0.971805906485717	2.04408968414751
full	Kexp1p3_D120	rep002	Ehist_to_SEmodern	1956	2020	64	0.000230405043082585	0.000228009320254849	0.989602125041692	0.983800904520887	0.002389	0.002091	0.875261615738803	0.817203326615432	16.6597577905454
full	Kexp1p3_D120	rep003	W_Skane	1951	2020	69	0.000230259624787379	0.000230195635261056	0.999722098364477	0.999597269150691	0.0023	0.002252	0.979130434782609	0.970320197986051	2.92770711646401
full	Kexp1p3_D120	rep003	E_Skane	1956	2020	64	0.000231160072691082	0.000227944361941232	0.986088814074101	0.97834898883755	0.002389	0.002345	0.98158225198828	0.971805906485717	0.654308235183221
full	Kexp1p3_D120	rep003	Ehist_to_SEmodern	1956	2020	64	0.000231160072691082	0.000226643972740096	0.980463321808079	0.969642152853065	0.002389	0.002091	0.875261615738803	0.817203326615432	15.2438826237633
full	Kexp1p3_D120	rep004	W_Skane	1951	2020	69	0.00023111144331676	0.000229542404936738	0.993210901383745	0.99017575114582	0.0023	0.002252	0.979130434782609	0.970320197986051	1.98555531597686
full	Kexp1p3_D120	rep004	E_Skane	1956	2020	64	0.0002304285209263	0.00022522559987119	0.977420672431541	0.964944589109354	0.002389	0.002345	0.98158225198828	0.971805906485717	-0.686131737636342
full	Kexp1p3_D120	rep004	Ehist_to_SEmodern	1956	2020	64	0.0002304285209263	0.000223761364689034	0.971066271612279	0.95516051095022	0.002389	0.002091	0.875261615738803	0.817203326615432	13.7957184334788
full	Kexp1p3_D120	rep005	W_Skane	1951	2020	69	0.00023229013741652	0.000231732337717156	0.997598694005836	0.996521724491305	0.0023	0.002252	0.979130434782609	0.970320197986051	2.6201526505254
full	Kexp1p3_D120	rep005	E_Skane	1956	2020	64	0.000230795373394429	0.000230359478503285	0.998111336095116	0.997050530632524	0.002389	0.002345	0.98158225198828	0.971805906485717	2.52446241468069
full	Kexp1p3_D120	rep005	Ehist_to_SEmodern	1956	2020	64	0.000230795373394429	0.000227329700930543	0.984983787097137	0.976636476327334	0.002389	0.002091	0.875261615738803	0.817203326615432	15.9433149711902
no_oland	Kexp1p2_D120	rep001	W_Skane	1951	2020	69	0.000230694920172059	0.000231403388074409	1.00307101648281	1.00445381721707	0.0023	0.002252	0.979130434782609	0.970320197986051	3.41336192310173
no_oland	Kexp1p2_D120	rep001	E_Skane	1956	2020	64	0.000231291998778911	0.000229998777412978	0.994408706860764	0.991277354124022	0.002389	0.002345	0.98158225198828	0.971805906485717	1.94714476383048
no_oland	Kexp1p2_D120	rep001	Ehist_to_SEmodern	1956	2020	64	0.000231291998778911	0.000227938866933181	0.98550260336098	0.977440375892812	0.002389	0.002091	0.875261615738803	0.817203326615432	16.0237049277379
no_oland	Kexp1p2_D120	rep002	W_Skane	1951	2020	69	0.000231661970961918	0.000228253550295724	0.985287094588547	0.978747614358495	0.0023	0.002252	0.979130434782609	0.970320197986051	0.842741637244349
no_oland	Kexp1p2_D120	rep002	E_Skane	1956	2020	64	0.00022990204840827	0.000226670063971152	0.98594190674031	0.978121257355202	0.002389	0.002345	0.98158225198828	0.971805906485717	0.63153508694842
no_oland	Kexp1p2_D120	rep002	Ehist_to_SEmodern	1956	2020	64	0.00022990204840827	0.000226117801475292	0.983539742428664	0.974400200524913	0.002389	0.002091	0.875261615738803	0.817203326615432	15.7196873909481
no_oland	Kexp1p2_D120	rep003	W_Skane	1951	2020	69	0.000231315734403511	0.000230087155144972	0.994688734591675	0.992311706824253	0.0023	0.002252	0.979130434782609	0.970320197986051	2.19915088382014
no_oland	Kexp1p2_D120	rep003	E_Skane	1956	2020	64	0.000229292622108673	0.000229284495452644	0.999964557708161	0.999944621971026	0.002389	0.002345	0.98158225198828	0.971805906485717	2.81387154853083
no_oland	Kexp1p2_D120	rep003	Ehist_to_SEmodern	1956	2020	64	0.000229292622108673	0.00022789448587108	0.993902393261783	0.990488843255103	0.002389	0.002091	0.875261615738803	0.817203326615432	17.3285516639671
no_oland	Kexp1p2_D120	rep004	W_Skane	1951	2020	69	0.000231759387472637	0.000229690887745267	0.99107479636563	0.987090898924706	0.0023	0.002252	0.979130434782609	0.970320197986051	1.67707009386547
no_oland	Kexp1p2_D120	rep004	E_Skane	1956	2020	64	0.000230783514263882	0.000229272534703411	0.993452827142833	0.989788897804783	0.002389	0.002345	0.98158225198828	0.971805906485717	1.79829913190659
no_oland	Kexp1p2_D120	rep004	Ehist_to_SEmodern	1956	2020	64	0.000230783514263882	0.000227215777606895	0.984540764671313	0.97595020690254	0.002389	0.002091	0.875261615738803	0.817203326615432	15.8746880287108
no_oland	Kexp1p2_D120	rep005	W_Skane	1951	2020	69	0.000231430829045832	0.000230278573624814	0.995021167120353	0.992792377845059	0.0023	0.002252	0.979130434782609	0.970320197986051	2.24721798590074
no_oland	Kexp1p2_D120	rep005	E_Skane	1956	2020	64	0.000231014860006185	0.000227953296592796	0.986747331261257	0.979370037551268	0.002389	0.002345	0.98158225198828	0.971805906485717	0.756413106555065
no_oland	Kexp1p2_D120	rep005	Ehist_to_SEmodern	1956	2020	64	0.000231014860006185	0.000227133747419	0.98319972755397	0.97387391531724	0.002389	0.002091	0.875261615738803	0.817203326615432	15.6670588701807
no_oland	Kexp1p3_D120	rep001	W_Skane	1951	2020	69	0.00023131724084151	0.000231211391267389	0.99954240516731	0.99933688725917	0.0023	0.002252	0.979130434782609	0.970320197986051	2.90166892731182
no_oland	Kexp1p3_D120	rep001	E_Skane	1956	2020	64	0.000230503883420477	0.000228576755154862	0.991639497621391	0.986967469492214	0.002389	0.002345	0.98158225198828	0.971805906485717	1.5161563006497
no_oland	Kexp1p3_D120	rep001	Ehist_to_SEmodern	1956	2020	64	0.000230503883420477	0.000226641640756833	0.983244348831215	0.973942975631597	0.002389	0.002091	0.875261615738803	0.817203326615432	15.6739649016165
no_oland	Kexp1p3_D120	rep002	W_Skane	1951	2020	69	0.000231770225619804	0.000230945461623165	0.99644145836924	0.994846818646581	0.0023	0.002252	0.979130434782609	0.970320197986051	2.45266206605294
no_oland	Kexp1p3_D120	rep002	E_Skane	1956	2020	64	0.00023067365065146	0.000227556519096643	0.986486833038738	0.978966082173055	0.002389	0.002345	0.98158225198828	0.971805906485717	0.716017568733729
no_oland	Kexp1p3_D120	rep002	Ehist_to_SEmodern	1956	2020	64	0.00023067365065146	0.000227564759765091	0.986522557398346	0.979021476495414	0.002389	0.002091	0.875261615738803	0.817203326615432	16.1818149879982
no_oland	Kexp1p3_D120	rep003	W_Skane	1951	2020	69	0.000231109450707543	0.000230247143988597	0.996268838352105	0.994597054791066	0.0023	0.002252	0.979130434782609	0.970320197986051	2.42768568050145
no_oland	Kexp1p3_D120	rep003	E_Skane	1956	2020	64	0.000230302010490653	0.000228706590052808	0.993072485843934	0.989196870044624	0.002389	0.002345	0.98158225198828	0.971805906485717	1.73909635589068
no_oland	Kexp1p3_D120	rep003	Ehist_to_SEmodern	1956	2020	64	0.000230302010490653	0.000227172379082222	0.98641075081471	0.978848112559412	0.002389	0.002091	0.875261615738803	0.817203326615432	16.164478594398
no_oland	Kexp1p3_D120	rep004	W_Skane	1951	2020	69	0.000230234115681448	0.00023074283346032	1.00220956732397	1.00320386029396	0.0023	0.002252	0.979130434782609	0.970320197986051	3.2883662307905
no_oland	Kexp1p3_D120	rep004	E_Skane	1956	2020	64	0.000230129709938435	0.000227680693154932	0.989358102505941	0.983421880758289	0.002389	0.002345	0.98158225198828	0.971805906485717	1.16159742725713
no_oland	Kexp1p3_D120	rep004	Ehist_to_SEmodern	1956	2020	64	0.000230129709938435	0.000227032747915627	0.986542537147263	0.979052457658991	0.002389	0.002091	0.875261615738803	0.817203326615432	16.1849131043559
no_oland	Kexp1p3_D120	rep005	W_Skane	1951	2020	69	0.000231540977333939	0.000230478326446544	0.995410527762166	0.993355454139944	0.0023	0.002252	0.979130434782609	0.970320197986051	2.30352561538923
no_oland	Kexp1p3_D120	rep005	E_Skane	1956	2020	64	0.000229946433858113	0.000228134372791817	0.992119638317964	0.987714256406386	0.002389	0.002345	0.98158225198828	0.971805906485717	1.59083499206686
no_oland	Kexp1p3_D120	rep005	Ehist_to_SEmodern	1956	2020	64	0.000229946433858113	0.000227960621146536	0.991364020401366	0.986539097759586	0.002389	0.002091	0.875261615738803	0.817203326615432	16.9335771144154
skane_only	Kexp1p2_D120	rep001	W_Skane	1951	2020	69	0.000231064848493115	0.000230830950040683	0.998987736758934	0.998533285482261	0.0023	0.002252	0.979130434782609	0.970320197986051	2.82130874962098
skane_only	Kexp1p2_D120	rep001	E_Skane	1956	2020	64	0.000229180755231909	0.000228945714348673	0.998974430104317	0.99839800932114	0.002389	0.002345	0.98158225198828	0.971805906485717	2.65921028354225
skane_only	Kexp1p2_D120	rep001	Ehist_to_SEmodern	1956	2020	64	0.000229180755231909	0.000226406804812007	0.987896233184613	0.981152358885613	0.002389	0.002091	0.875261615738803	0.817203326615432	16.3949032270181
skane_only	Kexp1p2_D120	rep002	W_Skane	1951	2020	69	0.000230943547846306	0.000231280579422838	1.00145936779648	1.00211571897314	0.0023	0.002252	0.979130434782609	0.970320197986051	3.17955209870893
skane_only	Kexp1p2_D120	rep002	E_Skane	1956	2020	64	0.000230414802108726	0.000228976432668184	0.993757478133441	0.990263200292364	0.002389	0.002345	0.98158225198828	0.971805906485717	1.84572938066467
skane_only	Kexp1p2_D120	rep002	Ehist_to_SEmodern	1956	2020	64	0.000230414802108726	0.000228954580842635	0.993662641233429	0.990115542643453	0.002389	0.002091	0.875261615738803	0.817203326615432	17.2912216028021
skane_only	Kexp1p2_D120	rep003	W_Skane	1951	2020	69	0.000230513467514767	0.000230819221532283	1.00132640413947	1.001922897477	0.0023	0.002252	0.979130434782609	0.970320197986051	3.16026994909508
skane_only	Kexp1p2_D120	rep003	E_Skane	1956	2020	64	0.000230920688059153	0.000228603831595105	0.989966873546407	0.984367541821916	0.002389	0.002345	0.98158225198828	0.971805906485717	1.25616353361986
skane_only	Kexp1p2_D120	rep003	Ehist_to_SEmodern	1956	2020	64	0.000230920688059153	0.000226283140995117	0.979917143400992	0.968798300171971	0.002389	0.002091	0.875261615738803	0.817203326615432	15.1594973556539
skane_only	Kexp1p2_D120	rep004	W_Skane	1951	2020	69	0.00023066946069351	0.000229151684915916	0.993420126907866	0.990478064222096	0.0023	0.002252	0.979130434782609	0.970320197986051	2.01578662360451
skane_only	Kexp1p2_D120	rep004	E_Skane	1956	2020	64	0.000230802683906422	0.000227662916962821	0.98639631528343	0.978825730063112	0.002389	0.002345	0.98158225198828	0.971805906485717	0.701982357739483
skane_only	Kexp1p2_D120	rep004	Ehist_to_SEmodern	1956	2020	64	0.000230802683906422	0.000226080247452339	0.979539074788242	0.968214334213341	0.002389	0.002091	0.875261615738803	0.817203326615432	15.1011007597908
skane_only	Kexp1p2_D120	rep005	W_Skane	1951	2020	69	0.000231021602864904	0.000231663385221099	1.002778018801	1.00402862541173	0.0023	0.002252	0.979130434782609	0.970320197986051	3.37084274256811
skane_only	Kexp1p2_D120	rep005	E_Skane	1956	2020	64	0.000229955900979293	0.000227506510200898	0.989348432599627	0.983406862227447	0.002389	0.002345	0.98158225198828	0.971805906485717	1.16009557417294
skane_only	Kexp1p2_D120	rep005	Ehist_to_SEmodern	1956	2020	64	0.000229955900979293	0.000225432362727933	0.980328670705575	0.969434090598737	0.002389	0.002091	0.875261615738803	0.817203326615432	15.2230763983304
skane_only	Kexp1p3_D120	rep001	W_Skane	1951	2020	69	0.000230823096261741	0.000230214085853646	0.997361570752848	0.996178456932352	0.0023	0.002252	0.979130434782609	0.970320197986051	2.58582589463008
skane_only	Kexp1p3_D120	rep001	E_Skane	1956	2020	64	0.000229189516237551	0.000227691388628688	0.993463367638031	0.989805306636643	0.002389	0.002345	0.98158225198828	0.971805906485717	1.79994001509254
skane_only	Kexp1p3_D120	rep001	Ehist_to_SEmodern	1956	2020	64	0.000229189516237551	0.000226998876756332	0.990441798921777	0.985105515060391	0.002389	0.002091	0.875261615738803	0.817203326615432	16.7902188444959
skane_only	Kexp1p3_D120	rep002	W_Skane	1951	2020	69	0.000231622699014361	0.000229633430559373	0.991411599711716	0.987577094691575	0.0023	0.002252	0.979130434782609	0.970320197986051	1.7256896705524
skane_only	Kexp1p3_D120	rep002	E_Skane	1956	2020	64	0.000230908084905335	0.000226696208151452	0.981759509392626	0.971645837800275	0.002389	0.002345	0.98158225198828	0.971805906485717	-0.016006868544205
skane_only	Kexp1p3_D120	rep002	Ehist_to_SEmodern	1956	2020	64	0.000230908084905335	0.000226047215451111	0.978948898839046	0.967303000009471	0.002389	0.002091	0.875261615738803	0.817203326615432	15.0099673394038
skane_only	Kexp1p3_D120	rep003	W_Skane	1951	2020	69	0.000230827571849199	0.000229282160583608	0.993304910443713	0.990311582697516	0.0023	0.002252	0.979130434782609	0.970320197986051	1.99913847114643
skane_only	Kexp1p3_D120	rep003	E_Skane	1956	2020	64	0.000228816132372435	0.000228812001679294	0.999981947544093	0.999971793180859	0.002389	0.002345	0.98158225198828	0.971805906485717	2.81658866951416
skane_only	Kexp1p3_D120	rep003	Ehist_to_SEmodern	1956	2020	64	0.000228816132372435	0.000225559924919134	0.985769327452836	0.97785375433649	0.002389	0.002091	0.875261615738803	0.817203326615432	16.0650427721058
skane_only	Kexp1p3_D120	rep004	W_Skane	1951	2020	69	0.000231186390819513	0.000231338057589345	1.00065603675586	1.00095091800686	0.0023	0.002252	0.979130434782609	0.970320197986051	3.0630720020812
skane_only	Kexp1p3_D120	rep004	E_Skane	1956	2020	64	0.000231288100337475	0.000228827797618995	0.989362605707383	0.983428874801461	0.002389	0.002345	0.98158225198828	0.971805906485717	1.16229683157441
skane_only	Kexp1p3_D120	rep004	Ehist_to_SEmodern	1956	2020	64	0.000231288100337475	0.000226278142203521	0.978338885024158	0.966361357441884	0.002389	0.002091	0.875261615738803	0.817203326615432	14.9158030826452
skane_only	Kexp1p3_D120	rep005	W_Skane	1951	2020	69	0.000231512954848067	0.000230013492282497	0.993523202334166	0.99062700995929	0.0023	0.002252	0.979130434782609	0.970320197986051	2.03068119732385
skane_only	Kexp1p3_D120	rep005	E_Skane	1956	2020	64	0.000230922131662554	0.000227781296622227	0.986398726628258	0.978829468874701	0.002389	0.002345	0.98158225198828	0.971805906485717	0.702356238898372
skane_only	Kexp1p3_D120	rep005	Ehist_to_SEmodern	1956	2020	64	0.000230922131662554	0.000228422442765977	0.98917518698368	0.983137804881547	0.002389	0.002091	0.875261615738803	0.817203326615432	16.5934478266115
skane_only	Kexp1p5_D120	rep001	W_Skane	1951	2020	69	0.000229813954802896	0.000230737299124451	1.00401779048773	1.00582813632261	0.0023	0.002252	0.979130434782609	0.970320197986051	3.55079383365609
skane_only	Kexp1p5_D120	rep001	E_Skane	1956	2020	64	0.000230201854672791	0.000227711302385928	0.989181006858508	0.983146842948861	0.002389	0.002345	0.98158225198828	0.971805906485717	1.13409364631432
skane_only	Kexp1p5_D120	rep001	Ehist_to_SEmodern	1956	2020	64	0.000230201854672791	0.000225272592878245	0.978587219457668	0.966744656904315	0.002389	0.002091	0.875261615738803	0.817203326615432	14.9541330288882
skane_only	Kexp1p5_D120	rep002	W_Skane	1951	2020	69	0.000230609272379494	0.000229737575151621	0.996220025244956	0.994526430645818	0.0023	0.002252	0.979130434782609	0.970320197986051	2.42062326597668
skane_only	Kexp1p5_D120	rep002	E_Skane	1956	2020	64	0.000229748472341697	0.000223449413727068	0.972582805228578	0.957492305207517	0.002389	0.002345	0.98158225198828	0.971805906485717	-1.43136012782001
skane_only	Kexp1p5_D120	rep002	Ehist_to_SEmodern	1956	2020	64	0.000229748472341697	0.000224502777884901	0.977167663387142	0.964554336956752	0.002389	0.002091	0.875261615738803	0.817203326615432	14.7351010341319
skane_only	Kexp1p5_D120	rep003	W_Skane	1951	2020	69	0.000231610067234037	0.000230042834811732	0.993233314764675	0.990208135205557	0.0023	0.002252	0.979130434782609	0.970320197986051	1.98879372195057
skane_only	Kexp1p5_D120	rep003	E_Skane	1956	2020	64	0.000230314112782424	0.000227501503840071	0.987787943568138	0.980984316601946	0.002389	0.002345	0.98158225198828	0.971805906485717	0.917841011622877
skane_only	Kexp1p5_D120	rep003	Ehist_to_SEmodern	1956	2020	64	0.000230314112782424	0.000227626260031137	0.988329622015713	0.981824989208703	0.002389	0.002091	0.875261615738803	0.817203326615432	16.4621662593271
skane_only	Kexp1p5_D120	rep004	W_Skane	1951	2020	69	0.000230620159018353	0.00022927292145962	0.994158196904956	0.991544740984622	0.0023	0.002252	0.979130434782609	0.970320197986051	2.12245429985704
skane_only	Kexp1p5_D120	rep004	E_Skane	1956	2020	64	0.000231124489464819	0.000228372234579153	0.988091894147438	0.981456009053564	0.002389	0.002345	0.98158225198828	0.971805906485717	0.965010256784693
skane_only	Kexp1p5_D120	rep004	Ehist_to_SEmodern	1956	2020	64	0.000231124489464819	0.000225020006181467	0.973587899328681	0.95903884694838	0.002389	0.002091	0.875261615738803	0.817203326615432	14.1835520332948
skane_only	Kexp1p5_D120	rep005	W_Skane	1951	2020	69	0.000230792410571821	0.000228989619618334	0.992188690481543	0.988699154802589	0.0023	0.002252	0.979130434782609	0.970320197986051	1.83789568165375
skane_only	Kexp1p5_D120	rep005	E_Skane	1956	2020	64	0.000229642910548248	0.000224820035299426	0.978998370830141	0.96737938149504	0.002389	0.002345	0.98158225198828	0.971805906485717	-0.442652499067731
skane_only	Kexp1p5_D120	rep005	Ehist_to_SEmodern	1956	2020	64	0.000229642910548248	0.000224501444496375	0.977611039506521	0.965238257028745	0.002389	0.002091	0.875261615738803	0.817203326615432	14.8034930413313
