landscape	model	rep	simulation_year	target	empirical_year	locality	n_draws	mean_H	median_H	sd_sampling	q025_sampling	q975_sampling	min_H	max_H	empirical_H	sim_empirical_ratio
full	Kexp1p3_D120	rep001	1951	WSkane_hist	1951	Torna Hällestad	100	0.227729759163879	0.232444764734961	0.013957331564854	0.186876965521787	0.238935709254029	0.166773501906274	0.23946381673529	2.249	0.101258229952814
full	Kexp1p3_D120	rep001	1956	ESkane_hist	1956	Degeberga	100	0.228781945531433	0.231473770050588	0.00965879316494039	0.200647787740975	0.237498327229237	0.187174720008776	0.238864692355571	2.2752	0.100554652571833
full	Kexp1p3_D120	rep001	2020	ESkane_mod	2021	Fästan	100	0.230688516836092	0.230782323702874	0.00335729734214125	0.224092531868123	0.236615716303037	0.220810905551192	0.236738059050835	2.224	0.103726851095365
full	Kexp1p3_D120	rep001	2020	SESkane_mod	2022	SE Skåne	100	0.226245303080681	0.226992142609192	0.00470911935655385	0.21623169904672	0.233435312123844	0.214592776597889	0.234521778440514	1.927	0.117408045189767
full	Kexp1p3_D120	rep001	2020	WSkane_mod	2021	Silvåkra	100	0.22936824813294	0.230934041622307	0.00549539015296754	0.213902575351641	0.23561615345724	0.212114563530917	0.236453991457003	2.147	0.106831973979013
full	Kexp1p3_D120	rep002	1951	WSkane_hist	1951	Torna Hällestad	100	0.23158843006119	0.232956086403859	0.00709716276669379	0.204985499898794	0.238575459896396	0.19598598028292	0.239670411348986	2.249	0.102973957341569
full	Kexp1p3_D120	rep002	1956	ESkane_hist	1956	Degeberga	100	0.23001139007754	0.230890140266896	0.00454546665755751	0.218739019819086	0.236057588041973	0.209270013943587	0.236323578607107	2.2752	0.101095020252083
full	Kexp1p3_D120	rep002	2020	ESkane_mod	2021	Fästan	100	0.224058443756863	0.227124953432283	0.010654185080948	0.196507147476377	0.236233516267699	0.192365409677894	0.236905917174463	2.224	0.100745703128086
full	Kexp1p3_D120	rep002	2020	SESkane_mod	2022	SE Skåne	100	0.230755263497669	0.231061318661102	0.00248722332267797	0.226121124961091	0.234554612227333	0.22543899381694	0.237716616573744	1.927	0.11974845018042
full	Kexp1p3_D120	rep002	2020	WSkane_mod	2021	Silvåkra	100	0.229344296069914	0.231518317014167	0.00641825666898354	0.212163306947586	0.236569393916997	0.206594613696221	0.237202896931652	2.147	0.106820817917985
full	Kexp1p3_D120	rep003	1951	WSkane_hist	1951	Torna Hällestad	100	0.230904085403321	0.232682348540711	0.00771145690211657	0.206004269587584	0.236773438378431	0.1888584661104	0.237480508443806	2.249	0.102669668920996
full	Kexp1p3_D120	rep003	1956	ESkane_hist	1956	Degeberga	100	0.231896462630211	0.232408610677564	0.00469391432117227	0.218539139530335	0.238229155675188	0.213288279179978	0.239753049194464	2.2752	0.101923550734094
full	Kexp1p3_D120	rep003	2020	ESkane_mod	2021	Fästan	100	0.228873389472321	0.231185828807749	0.00790962415579112	0.207910847348324	0.236178639573436	0.201849393662886	0.236447535375325	2.224	0.10291069670518
full	Kexp1p3_D120	rep003	2020	SESkane_mod	2022	SE Skåne	100	0.227467015085531	0.22912818334723	0.00637514214455678	0.214354270494756	0.235303886620935	0.207812046241216	0.23587940018766	1.927	0.118042042078636
full	Kexp1p3_D120	rep003	2020	WSkane_mod	2021	Silvåkra	100	0.230472690025597	0.231024426765799	0.00450428018594288	0.21845863219181	0.236587470945696	0.213922266400759	0.23908807278163	2.147	0.107346385666324
full	Kexp1p3_D120	rep004	1951	WSkane_hist	1951	Torna Hällestad	100	0.231248995110887	0.231959267392775	0.00458879179268927	0.220093763998399	0.238466222994404	0.213680808946001	0.2400009627309	2.249	0.102823030284965
full	Kexp1p3_D120	rep004	1956	ESkane_hist	1956	Degeberga	100	0.228681333954563	0.230714534845255	0.00758875131070858	0.200810222755994	0.235976757899364	0.195283558596353	0.238492822050917	2.2752	0.100510431590437
full	Kexp1p3_D120	rep004	2020	ESkane_mod	2021	Fästan	100	0.215686584401724	0.221020728205727	0.0162429867126634	0.17688840647325	0.233019517406345	0.161318112888358	0.234459062218499	2.224	0.0969813778784732
full	Kexp1p3_D120	rep004	2020	SESkane_mod	2022	SE Skåne	100	0.229742802322976	0.229618845554759	0.00354551542849021	0.222342472584691	0.235098029845145	0.221130020445562	0.237886319292138	1.927	0.119223042201856
full	Kexp1p3_D120	rep004	2020	WSkane_mod	2021	Silvåkra	100	0.226415107251786	0.230643517946797	0.0110527650322656	0.197151141623758	0.236142485516039	0.192810879313676	0.237125423951516	2.147	0.105456500815923
full	Kexp1p3_D120	rep005	1951	WSkane_hist	1951	Torna Hällestad	100	0.231330083496763	0.233333121573854	0.00823035281788418	0.20566209725865	0.239415267001071	0.190800455479145	0.240073270845694	2.249	0.102859085592158
full	Kexp1p3_D120	rep005	1956	ESkane_hist	1956	Degeberga	100	0.230738086631216	0.232129707949074	0.010280764609295	0.186128576533672	0.23863253165843	0.178311811081208	0.240352173574183	2.2752	0.101414419229613
full	Kexp1p3_D120	rep005	2020	ESkane_mod	2021	Fästan	100	0.227901620058147	0.23358103511029	0.0136992355868274	0.201781120599141	0.239101791955196	0.175127671597615	0.239436701192242	2.224	0.102473750026145
full	Kexp1p3_D120	rep005	2020	SESkane_mod	2022	SE Skåne	100	0.226493806887441	0.232208656605022	0.0117361307052533	0.195009082895299	0.236732340807063	0.188554476893104	0.23816669769644	1.927	0.117537004093119
full	Kexp1p3_D120	rep005	2020	WSkane_mod	2021	Silvåkra	100	0.232231262113869	0.233290511434779	0.00496687156938779	0.220251163269709	0.238507509636735	0.211501235771506	0.241134650673558	2.147	0.108165469079585
no_oland	Kexp1p2_D120	rep001	1900	NSmaland_hist_1900proxy	1936	Hjelmseryd	100	0.221842845646605	0.220711912298796	0.00496269097811194	0.2168554795098	0.229612696905542	0.2168554795098	0.229612696905542	NA	NA
no_oland	Kexp1p2_D120	rep001	1951	WSkane_hist	1951	Torna Hällestad	100	0.231147557155562	0.231804321432502	0.00419751551998912	0.219713888152465	0.236717657832732	0.216221922694465	0.237945346324622	2.249	0.102777926703229
no_oland	Kexp1p2_D120	rep001	1956	ESkane_hist	1956	Degeberga	100	0.229880409092456	0.232253664717291	0.00910464692315444	0.199602677238939	0.237793757526822	0.190304628406274	0.238957659931734	2.2752	0.101037451253717
no_oland	Kexp1p2_D120	rep001	2020	ESkane_mod	2021	Fästan	100	0.227577266514644	0.231879857588135	0.00989874080746798	0.202713378793445	0.235612602612317	0.197000876322703	0.237054407053057	2.224	0.102327907605505
no_oland	Kexp1p2_D120	rep001	2020	SESkane_mod	2022	SE Skåne	100	0.230150162630911	0.231135102451707	0.00544121036038249	0.21175136282166	0.236104440749008	0.210069830233754	0.237192751660443	1.927	0.119434438313913
no_oland	Kexp1p2_D120	rep001	2020	WSkane_mod	2021	Silvåkra	100	0.230085131442466	0.231208425093622	0.00509792274724214	0.215115350294854	0.237154314917025	0.211920881080577	0.237880785507842	2.147	0.107165873983449
no_oland	Kexp1p2_D120	rep002	1900	NSmaland_hist_1900proxy	1936	Hjelmseryd	100	0.226444912828866	0.226444912828866	0	0.226444912828866	0.226444912828866	0.226444912828866	0.226444912828866	NA	NA
no_oland	Kexp1p2_D120	rep002	1951	WSkane_hist	1951	Torna Hällestad	100	0.231817336893165	0.232455094465645	0.00581650595483829	0.220713547839487	0.237255578558144	0.186554936167687	0.240207557344596	2.249	0.103075738947606
no_oland	Kexp1p2_D120	rep002	1956	ESkane_hist	1956	Degeberga	100	0.229281078118123	0.230673215922515	0.00623483586456477	0.214508736860389	0.235985796413713	0.20392954317954	0.236891713794772	2.2752	0.100774032224914
no_oland	Kexp1p2_D120	rep002	2020	ESkane_mod	2021	Fästan	100	0.226401420358629	0.229081146180719	0.00837700535833109	0.208189265870688	0.233784078879063	0.189402068187689	0.234555903443669	2.224	0.101799199801542
no_oland	Kexp1p2_D120	rep002	2020	SESkane_mod	2022	SE Skåne	100	0.217838156627685	0.222694236806405	0.0140634828302667	0.188183897804787	0.23259565258675	0.18366261157594	0.233252697242094	1.927	0.113045229178871
no_oland	Kexp1p2_D120	rep002	2020	WSkane_mod	2021	Silvåkra	100	0.223287329361242	0.228167610623281	0.0127125912492387	0.191531929533263	0.234509581057629	0.169859508948362	0.235627613002218	2.147	0.103999687639144
no_oland	Kexp1p2_D120	rep003	1951	WSkane_hist	1951	Torna Hällestad	100	0.231425013721756	0.232878613423723	0.00829641354356747	0.206513525310345	0.237523635069415	0.18449931976141	0.238420513936124	2.249	0.102901295563253
no_oland	Kexp1p2_D120	rep003	1956	ESkane_hist	1956	Degeberga	100	0.229287895740375	0.229733210430198	0.00363695581041842	0.221427590473075	0.23569114084593	0.219331171630593	0.237521827366545	2.2752	0.100777028718519
no_oland	Kexp1p2_D120	rep003	2020	ESkane_mod	2021	Fästan	100	0.228845176395388	0.229575036429086	0.00533042902217724	0.213370594221373	0.234884033794953	0.205484167647604	0.2357502785541	2.224	0.102898010969149
no_oland	Kexp1p2_D120	rep003	2020	SESkane_mod	2022	SE Skåne	100	0.229289917416238	0.231913521442598	0.00620947015227711	0.212507831134845	0.236460263079204	0.208963073374667	0.237200130039504	1.927	0.118988021492599
no_oland	Kexp1p2_D120	rep003	2020	WSkane_mod	2021	Silvåkra	100	0.23271224019888	0.233016127963464	0.00269109860657782	0.227774435249091	0.237318460793688	0.225336618807475	0.238739444371017	2.147	0.10838949240749
no_oland	Kexp1p2_D120	rep004	1900	NSmaland_hist_1900proxy	1936	Hjelmseryd	100	0.191032357933019	0.189912098640251	0.0187789039585494	0.15708077128036	0.230215264528822	0.15708077128036	0.230215264528822	NA	NA
no_oland	Kexp1p2_D120	rep004	1951	NSmaland_hist_1951proxy	1936	Hjelmseryd	100	0.225549669502849	0.225549669502849	0	0.225549669502849	0.225549669502849	0.225549669502849	0.225549669502849	NA	NA
no_oland	Kexp1p2_D120	rep004	1951	WSkane_hist	1951	Torna Hällestad	100	0.231783145484598	0.231701024125654	0.003302630271466	0.225966215892714	0.23764423467516	0.225239777582305	0.241436795296089	2.249	0.103060536009159
no_oland	Kexp1p2_D120	rep004	1956	ESkane_hist	1956	Degeberga	100	0.230275624588457	0.232005751180856	0.00875468142588608	0.200727843153783	0.237091335840255	0.1839621737658	0.239246892390909	2.2752	0.101211157080018
no_oland	Kexp1p2_D120	rep004	2020	ESkane_mod	2021	Fästan	100	0.226506589929163	0.230769411539518	0.00981158337866498	0.200068322129965	0.235198929178798	0.196942771587601	0.236066626556322	2.224	0.101846488277502
no_oland	Kexp1p2_D120	rep004	2020	SESkane_mod	2022	SE Skåne	100	0.226753820965536	0.227397953457525	0.00514358978410433	0.214538361052317	0.234395239239625	0.211088046544114	0.236292589415053	1.927	0.117671936152328
no_oland	Kexp1p2_D120	rep004	2020	WSkane_mod	2021	Silvåkra	100	0.227072917413958	0.230443379414778	0.00887420145068669	0.20638430683556	0.236236421504454	0.193082034744152	0.237738751710926	2.147	0.105762886545858
no_oland	Kexp1p2_D120	rep005	1900	NSmaland_hist_1900proxy	1936	Hjelmseryd	100	0.224627913201408	0.22284672330699	0.00460605399507721	0.218904209428954	0.232160697141128	0.218904209428954	0.232160697141128	NA	NA
no_oland	Kexp1p2_D120	rep005	1951	WSkane_hist	1951	Torna Hällestad	100	0.229037606365882	0.232930262077147	0.0120646041020103	0.190178605691919	0.238279771355543	0.184860860335378	0.238957659931734	2.249	0.101839753830984
no_oland	Kexp1p2_D120	rep005	1956	ESkane_hist	1956	Degeberga	100	0.229013847985307	0.23222784039058	0.0116864601859496	0.188471359452987	0.237887758076054	0.188073406578355	0.2383688652827	2.2752	0.100656578755849
no_oland	Kexp1p2_D120	rep005	2020	ESkane_mod	2021	Fästan	100	0.231990062902379	0.232548062041809	0.00278844880041365	0.225401179624255	0.236649126525721	0.225246233663983	0.238171309183353	2.224	0.104312078643156
no_oland	Kexp1p2_D120	rep005	2020	SESkane_mod	2022	SE Skåne	100	0.228476746259972	0.228962169818367	0.00517297139678881	0.217447471456427	0.236845967844596	0.21371474948968	0.238085535526773	1.927	0.118566033347157
no_oland	Kexp1p2_D120	rep005	2020	WSkane_mod	2021	Silvåkra	100	0.228802243452229	0.231192284889427	0.00656186924873497	0.213428860358517	0.234968769866977	0.202953383629825	0.237248089503398	2.147	0.106568348137974
no_oland	Kexp1p3_D120	rep001	1951	WSkane_hist	1951	Torna Hällestad	100	0.228364314519847	0.232325972832086	0.0130987063101665	0.188412996474618	0.23760653115816	0.180222811257898	0.238947330201049	2.249	0.101540379955468
no_oland	Kexp1p3_D120	rep001	1956	ESkane_hist	1956	Degeberga	100	0.231021534441207	0.232372456620166	0.00686993293964743	0.205983351882947	0.238506767187341	0.200231499594377	0.240693054686782	2.2752	0.101539000721346
no_oland	Kexp1p3_D120	rep001	2020	ESkane_mod	2021	Fästan	100	0.226349319779487	0.228280592052646	0.00716569503967116	0.209740339493829	0.23476621030433	0.195787132967237	0.235698629900676	2.224	0.101775773282143
no_oland	Kexp1p3_D120	rep001	2020	SESkane_mod	2022	SE Skåne	100	0.22804666054453	0.230876859184587	0.00849222017118589	0.204628275676576	0.234501672357574	0.201724883516239	0.236152400212902	1.927	0.11834284408123
no_oland	Kexp1p3_D120	rep001	2020	WSkane_mod	2021	Silvåkra	100	0.228928653531484	0.231963786649949	0.00765945222276526	0.209972435630154	0.235973336176075	0.20902855648883	0.237971170651334	2.147	0.106627225678381
no_oland	Kexp1p3_D120	rep002	1951	WSkane_hist	1951	Torna Hällestad	100	0.231725195695457	0.233426089150018	0.00745273746531001	0.210071601044728	0.239243018741902	0.195490153210049	0.239990633000215	2.249	0.103034769095356
no_oland	Kexp1p3_D120	rep002	1956	ESkane_hist	1956	Degeberga	100	0.229565765495797	0.231143218668674	0.00641819580461024	0.210502609057552	0.236456832132941	0.204952186517336	0.238100292284895	2.2752	0.100899158533666
no_oland	Kexp1p3_D120	rep002	2020	ESkane_mod	2021	Fästan	100	0.224161224577177	0.226947411186138	0.00827163713366238	0.208586153491844	0.233964364959921	0.185018388728322	0.235078846059587	2.224	0.100791917525709
no_oland	Kexp1p3_D120	rep002	2020	SESkane_mod	2022	SE Skåne	100	0.226752566641095	0.229013818471791	0.0087110081037885	0.204622372973328	0.236565958359248	0.201016559126423	0.237613319266896	1.927	0.117671285231497
no_oland	Kexp1p3_D120	rep002	2020	WSkane_mod	2021	Silvåkra	100	0.231550403740106	0.232428624530766	0.00421170851266021	0.222263039722618	0.237874975034332	0.220249226445206	0.238552218002355	2.147	0.107848348272057
no_oland	Kexp1p3_D120	rep003	1951	WSkane_hist	1951	Torna Hällestad	100	0.230920406377803	0.231783661971132	0.00483944984642233	0.219736097073438	0.237138852601406	0.212358603418345	0.238337876090645	2.249	0.102676925912763
no_oland	Kexp1p3_D120	rep003	1956	ESkane_hist	1956	Degeberga	100	0.23038728897716	0.231323988955659	0.00642946138016884	0.222235633655895	0.236573816332946	0.190129022984632	0.237573476019969	2.2752	0.101260236013168
no_oland	Kexp1p3_D120	rep003	2020	ESkane_mod	2021	Fästan	100	0.22521802058705	0.23137628321725	0.0120425643667582	0.201152943851871	0.236306308588618	0.198098410207964	0.23714479219655	2.224	0.101267095587702
no_oland	Kexp1p3_D120	rep003	2020	SESkane_mod	2022	SE Skåne	100	0.227420974000193	0.230533764558271	0.0105227749841554	0.198093245342621	0.236260309006663	0.185101395492753	0.237842049017774	1.927	0.118018149455212
no_oland	Kexp1p3_D120	rep003	2020	WSkane_mod	2021	Silvåkra	100	0.230421557858707	0.231518317014167	0.00462415518031651	0.218654897074821	0.235850025016025	0.214806749590646	0.237616086159044	2.147	0.107322570032001
no_oland	Kexp1p3_D120	rep004	1951	WSkane_hist	1951	Torna Hällestad	100	0.23016705911896	0.232016080911541	0.0108797766246629	0.212549961679282	0.238174666345825	0.141527640112596	0.240569097918564	2.249	0.10234195603333
no_oland	Kexp1p3_D120	rep004	1956	ESkane_hist	1956	Degeberga	100	0.231157990183554	0.231494429511958	0.00409109666938935	0.222519184763193	0.236786867028321	0.215839722659127	0.23781105982572	2.2752	0.101598975994881
no_oland	Kexp1p3_D120	rep004	2020	ESkane_mod	2021	Fästan	100	0.227009260448613	0.227657580170718	0.00397640971888093	0.217126419737554	0.233178659819708	0.211120326952504	0.23383927837741	2.224	0.10207250919452
no_oland	Kexp1p3_D120	rep004	2020	SESkane_mod	2022	SE Skåne	100	0.227445544002465	0.228851494132459	0.00816537143524857	0.198736455537227	0.235342069732573	0.187934693052016	0.23638850834284	1.927	0.118030899845597
no_oland	Kexp1p3_D120	rep004	2020	WSkane_mod	2021	Silvåkra	100	0.231461116130499	0.232060627875119	0.00274091883866411	0.224386444986514	0.23546314432147	0.222386189480626	0.236976934072921	2.147	0.107806761122729
no_oland	Kexp1p3_D120	rep005	1951	WSkane_hist	1951	Torna Hällestad	100	0.230722282143268	0.23304388911468	0.00955915441901252	0.188191681994696	0.237917197808506	0.184974487372911	0.238441173397493	2.249	0.102588831544361
no_oland	Kexp1p3_D120	rep005	1956	ESkane_hist	1956	Degeberga	100	0.231279984302941	0.2316700349336	0.00384201088973888	0.222930308044448	0.236857625683512	0.213112673758337	0.238658097741874	2.2752	0.101652595069858
no_oland	Kexp1p3_D120	rep005	2020	ESkane_mod	2021	Fästan	100	0.224379181894627	0.228906831975413	0.00982705470758976	0.206570887596054	0.235348387469644	0.192010325185603	0.236305501578409	2.224	0.100889919916649
no_oland	Kexp1p3_D120	rep005	2020	SESkane_mod	2022	SE Skåne	100	0.229439477159796	0.230980156491436	0.00495879270369687	0.216750399094678	0.235497384611798	0.215515073980461	0.237037805700171	1.927	0.119065634229266
no_oland	Kexp1p3_D120	rep005	2020	WSkane_mod	2021	Silvåkra	100	0.230807566982235	0.231886313669813	0.00500523506190283	0.217817059075058	0.237245345668685	0.212992590639126	0.238055099713149	2.147	0.107502360028987
skane_only	Kexp1p2_D120	rep001	1951	WSkane_hist	1951	Torna Hällestad	100	0.231068328121209	0.232522237715097	0.00780497604156546	0.197390048926253	0.237464497361245	0.19351717464925	0.238492822050917	2.249	0.102742698141934
skane_only	Kexp1p2_D120	rep001	1956	ESkane_hist	1956	Degeberga	100	0.22778770895302	0.230482115904847	0.0111113910814903	0.185005218321699	0.236742190943109	0.182423043893763	0.236850394872032	2.2752	0.100117663920983
skane_only	Kexp1p2_D120	rep001	2020	ESkane_mod	2021	Fästan	100	0.227260337465071	0.231143864276842	0.010394502346072	0.20244399878543	0.237320559020234	0.200584001653996	0.23791952199791	2.224	0.102185403536453
skane_only	Kexp1p2_D120	rep001	2020	SESkane_mod	2022	SE Skåne	100	0.228206402451192	0.230445224009544	0.00723670396791508	0.209210249073196	0.236846705682502	0.2040343161622	0.240572049270189	1.927	0.118425740763462
skane_only	Kexp1p2_D120	rep001	2020	WSkane_mod	2021	Silvåkra	100	0.232427914361781	0.233035496208498	0.00366196320374185	0.222950451019284	0.237783460076547	0.22101104408321	0.23899123155646	2.147	0.10825706304694
skane_only	Kexp1p2_D120	rep002	1951	WSkane_hist	1951	Torna Hällestad	100	0.230753891119164	0.231639045741546	0.00670696034222436	0.215351642884269	0.237548942909593	0.183889865651006	0.239050627507897	2.249	0.102602886224617
skane_only	Kexp1p2_D120	rep002	1956	ESkane_hist	1956	Degeberga	100	0.230517443583788	0.232408610677564	0.00691559094207785	0.207948066659198	0.237227688285295	0.202152829501752	0.237862708479144	2.2752	0.101317441800188
skane_only	Kexp1p2_D120	rep002	2020	ESkane_mod	2021	Fästan	100	0.22900212374098	0.231001830479926	0.00628256617126997	0.209856871768117	0.236074212452294	0.205677850097944	0.238293974735235	2.224	0.102968580818786
skane_only	Kexp1p2_D120	rep002	2020	SESkane_mod	2022	SE Skåne	100	0.232291368234291	0.233241629673503	0.00495958516041693	0.217451898483863	0.23747552803794	0.213567181908468	0.239502184306405	1.927	0.120545598460971
skane_only	Kexp1p2_D120	rep002	2020	WSkane_mod	2021	Silvåkra	100	0.227885996340486	0.231056707174189	0.00923690084198341	0.20486067155955	0.23718288307845	0.200958454391321	0.237874329426164	2.147	0.106141591215876
skane_only	Kexp1p2_D120	rep003	1951	WSkane_hist	1951	Torna Hällestad	100	0.230643776190064	0.232134872814416	0.00692018716895212	0.207108001311256	0.237489030471621	0.205313727091304	0.238864692355571	2.249	0.10255392449536
skane_only	Kexp1p2_D120	rep003	1956	ESkane_hist	1956	Degeberga	100	0.228676582278448	0.231892124143323	0.0112259330365764	0.195980298931044	0.239383244835948	0.172330897014703	0.241416135834719	2.2752	0.100508343125197
skane_only	Kexp1p2_D120	rep003	2020	ESkane_mod	2021	Fästan	100	0.228319457664348	0.231176144685232	0.00719312762600888	0.209534874694427	0.236005616584465	0.208299019259215	0.236305501578409	2.224	0.102661626647638
skane_only	Kexp1p2_D120	rep003	2020	SESkane_mod	2022	SE Skåne	100	0.228767380611168	0.230216494258666	0.0053127479549142	0.21611899430657	0.236308821848986	0.212298100710049	0.237923211187441	1.927	0.118716855532521
skane_only	Kexp1p2_D120	rep003	2020	WSkane_mod	2021	Silvåkra	100	0.230968129733567	0.231415019707318	0.0028482748035467	0.224373532823158	0.235435544572297	0.220985219756498	0.236066626556322	2.147	0.107577144729188
skane_only	Kexp1p2_D120	rep004	1951	WSkane_hist	1951	Torna Hällestad	100	0.230295457671372	0.232222675525237	0.00715679226671486	0.206623795185406	0.237293282075144	0.204538997289944	0.238007324708731	2.249	0.102399047430579
skane_only	Kexp1p2_D120	rep004	1956	ESkane_hist	1956	Degeberga	100	0.229900138878064	0.232418940408249	0.00853362693665188	0.206060566619816	0.238583465437677	0.204146467523921	0.239515465388714	2.2752	0.101046122924606
skane_only	Kexp1p2_D120	rep004	2020	ESkane_mod	2021	Fästan	100	0.228025383143914	0.230004365860674	0.00639783940561195	0.213269717945154	0.235099828325041	0.208318387504249	0.236667042152377	2.224	0.102529398895645
skane_only	Kexp1p2_D120	rep004	2020	SESkane_mod	2022	SE Skåne	100	0.223600449322625	0.229703696913955	0.0128563058308397	0.196237767468362	0.234532477090151	0.182570611474975	0.235783481259873	1.927	0.116035521184549
skane_only	Kexp1p2_D120	rep004	2020	WSkane_mod	2021	Silvåkra	100	0.228771770746709	0.229365213774551	0.00391607643141116	0.217913900300228	0.234529756312873	0.211978985815679	0.235195055529791	2.147	0.106554154982165
skane_only	Kexp1p2_D120	rep005	1951	WSkane_hist	1951	Torna Hällestad	100	0.232038186535206	0.232103883622362	0.00288569098405653	0.225053842429978	0.237249897206267	0.223432074712463	0.237563146289284	2.249	0.103173937988086
skane_only	Kexp1p2_D120	rep005	1956	ESkane_hist	1956	Degeberga	100	0.22919368859653	0.230662886191831	0.00616849526753671	0.216969020466244	0.23854550367741	0.205076143285554	0.240899649300478	2.2752	0.100735622625057
skane_only	Kexp1p2_D120	rep005	2020	ESkane_mod	2021	Fästan	100	0.229690019243772	0.231663578851922	0.00617183452051187	0.214016202389174	0.235155512029513	0.211843408100441	0.235634069083896	2.224	0.103277886350617
skane_only	Kexp1p2_D120	rep005	2020	SESkane_mod	2022	SE Skåne	100	0.223255436317753	0.227065926399798	0.0102251493010821	0.198549967006471	0.234689267645189	0.186510665893324	0.23689023811896	1.927	0.115856479666711
skane_only	Kexp1p2_D120	rep005	2020	WSkane_mod	2021	Silvåkra	100	0.233189280074068	0.233610087477841	0.00225505343729148	0.228464267576386	0.236716269775172	0.226982919635367	0.237738751710926	2.147	0.108611681450428
skane_only	Kexp1p3_D120	rep001	1951	WSkane_hist	1951	Torna Hällestad	100	0.230658444407636	0.231830145759215	0.00740996156406921	0.220398491053601	0.238199199456202	0.183920854843061	0.241054595260751	2.249	0.102560446601884
skane_only	Kexp1p3_D120	rep001	1956	ESkane_hist	1956	Degeberga	100	0.225871957100215	0.229593759065953	0.0111596627275047	0.196371020994196	0.236107687235795	0.189808801333403	0.238151940938319	2.2752	0.0992756492177458
skane_only	Kexp1p3_D120	rep001	2020	ESkane_mod	2021	Fästan	100	0.225743674757273	0.230201276351853	0.0114272844056595	0.192491464672657	0.235953645126957	0.183475385207278	0.23769355913918	2.224	0.101503450880069
skane_only	Kexp1p3_D120	rep001	2020	SESkane_mod	2022	SE Skåne	100	0.229033297392511	0.22988815639047	0.00546985443097638	0.213937392077833	0.2368129495983	0.211589776320233	0.238388049068257	1.927	0.118854850748579
skane_only	Kexp1p3_D120	rep001	2020	WSkane_mod	2021	Silvåkra	100	0.23129848743303	0.23140856362564	0.00264078626806774	0.226067285851384	0.236016914727402	0.223128638873597	0.238255238245167	2.147	0.107731014174677
skane_only	Kexp1p3_D120	rep002	1951	WSkane_hist	1951	Torna Hällestad	100	0.233445302449091	0.233684332417138	0.00289491314011796	0.227670104969174	0.238303529736118	0.221200852884544	0.238751065318038	2.249	0.103799600911112
skane_only	Kexp1p3_D120	rep002	1956	ESkane_hist	1956	Degeberga	100	0.232185901683999	0.232635864752629	0.0033081047965793	0.225687313164224	0.23698778029014	0.216872695727608	0.239019638315843	2.2752	0.102050765508087
skane_only	Kexp1p3_D120	rep002	2020	ESkane_mod	2021	Fästan	100	0.225165209838924	0.228564659646478	0.00828889136777944	0.205449950414711	0.23513210873343	0.200687298960845	0.237041494889701	2.224	0.101243349747718
skane_only	Kexp1p3_D120	rep002	2020	SESkane_mod	2022	SE Skåne	100	0.219745320047263	0.224247385598657	0.0123070499948319	0.194732393680527	0.233585277678249	0.170329880613474	0.235606400162419	1.927	0.114034935156857
skane_only	Kexp1p3_D120	rep002	2020	WSkane_mod	2021	Silvåkra	100	0.230629701932006	0.232131644773577	0.00528674776496806	0.212157819278159	0.236312119062129	0.207291870517446	0.236886548929429	2.147	0.10741951650303
skane_only	Kexp1p3_D120	rep003	1951	WSkane_hist	1951	Torna Hällestad	100	0.232391153432706	0.232387951216194	0.00292256198971308	0.226592197572214	0.237324271267198	0.223886582862595	0.239246892390909	2.249	0.103330881917611
skane_only	Kexp1p3_D120	rep003	1956	ESkane_hist	1956	Degeberga	100	0.225161478223714	0.230363324001971	0.0133863311738507	0.186316319388869	0.236414738480401	0.18342502777019	0.237883367940514	2.2752	0.0989633782628841
skane_only	Kexp1p3_D120	rep003	2020	ESkane_mod	2021	Fästan	100	0.220942415934973	0.228939112383802	0.0168126338534317	0.174914136696115	0.236441402097731	0.164339559113666	0.238358535552015	2.224	0.0993446114815526
skane_only	Kexp1p3_D120	rep003	2020	SESkane_mod	2022	SE Skåne	100	0.227078543427992	0.227792696737265	0.00559420049300348	0.213592637316227	0.235617836649963	0.211781614175808	0.236831211086475	1.927	0.117840448068496
skane_only	Kexp1p3_D120	rep003	2020	WSkane_mod	2021	Silvåkra	100	0.22668710197288	0.22875511405598	0.0073709073279609	0.202142176966983	0.233505821758741	0.199279873155039	0.235356457571742	2.147	0.105583186759609
skane_only	Kexp1p3_D120	rep004	1951	WSkane_hist	1951	Torna Hällestad	100	0.23263617464455	0.233498397264812	0.00389282415452189	0.221179418693373	0.238023077548026	0.220147220354693	0.240021622192269	2.249	0.103439828654758
skane_only	Kexp1p3_D120	rep004	1956	ESkane_hist	1956	Degeberga	100	0.230493272013986	0.23162871601086	0.00633382777999292	0.215211416790223	0.238486365969239	0.20365064045105	0.238978319393104	2.2752	0.101306817868313
skane_only	Kexp1p3_D120	rep004	2020	ESkane_mod	2021	Fästan	100	0.229092315202022	0.232038031589246	0.00892188432840481	0.202671414262538	0.236648319515511	0.194166656466058	0.237945346324622	2.224	0.103009134533283
skane_only	Kexp1p3_D120	rep004	2020	SESkane_mod	2022	SE Skåne	100	0.220813414200073	0.227239318307722	0.012671312506069	0.194626513941008	0.234165033812935	0.186680368611717	0.234293048689636	1.927	0.114589213388725
skane_only	Kexp1p3_D120	rep004	2020	WSkane_mod	2021	Silvåkra	100	0.230505680602971	0.231130952113486	0.0041355602369374	0.220599146072153	0.236295494651808	0.214658259712052	0.23737075505528	2.147	0.107361751561701
skane_only	Kexp1p3_D120	rep005	1951	WSkane_hist	1951	Torna Hällestad	100	0.232750937952458	0.233379605361936	0.00429989576427006	0.221440244393164	0.23874641693923	0.213680808946001	0.239928654616106	2.249	0.103490857248759
skane_only	Kexp1p3_D120	rep005	1956	ESkane_hist	1956	Degeberga	100	0.230899643619127	0.232919932346462	0.00773455374622573	0.205967340800385	0.23736533194667	0.188982422878618	0.237821389556405	2.2752	0.101485427047788
skane_only	Kexp1p3_D120	rep005	2020	ESkane_mod	2021	Fästan	100	0.230234589733312	0.230927585540629	0.00363293061100723	0.221942495267304	0.234991688956934	0.220572030529106	0.23552431569537	2.224	0.103522747182244
skane_only	Kexp1p3_D120	rep005	2020	SESkane_mod	2022	SE Skåne	100	0.22424657397696	0.230091061814636	0.0136530191908727	0.188832641783688	0.236605986065651	0.183810179157152	0.238056022010531	1.927	0.116370821991157
skane_only	Kexp1p3_D120	rep005	2020	WSkane_mod	2021	Silvåkra	100	0.22982779202678	0.230433695292261	0.00508782370734696	0.215586160051223	0.234933584221832	0.204141302658578	0.236144099536458	2.147	0.107046013985459
skane_only	Kexp1p5_D120	rep001	1951	WSkane_hist	1951	Torna Hällestad	100	0.229183152271232	0.2298674969291	0.00552566726640033	0.214153652368099	0.236917796364751	0.211459916848767	0.238007324708731	2.249	0.10190446966262
skane_only	Kexp1p5_D120	rep001	1956	ESkane_hist	1956	Degeberga	100	0.228589399351469	0.231597726818806	0.00864440628333749	0.202976367280599	0.236060428717911	0.198960942720146	0.236860724602717	2.2752	0.100470024328177
skane_only	Kexp1p5_D120	rep001	2020	ESkane_mod	2021	Fästan	100	0.228263418875383	0.230020506064869	0.00620268253399726	0.214327708330137	0.236342301243974	0.212598769656767	0.236776795540903	2.224	0.102636429350442
skane_only	Kexp1p5_D120	rep001	2020	SESkane_mod	2022	SE Skåne	100	0.226634438792336	0.228917899544004	0.00737681616778312	0.210001026849014	0.234890512934066	0.206697911003069	0.235997454252629	1.927	0.117609983805052
skane_only	Kexp1p5_D120	rep001	2020	WSkane_mod	2021	Silvåkra	100	0.229712099043111	0.231624842361854	0.0065549267451533	0.210899367557074	0.23584631276906	0.205387326422434	0.236111819128068	2.147	0.10699212810578
skane_only	Kexp1p5_D120	rep002	1951	WSkane_hist	1951	Torna Hällestad	100	0.229466806675836	0.232155532275786	0.00946912812770422	0.196440488433051	0.237073517054824	0.186492957783579	0.239102276161321	2.249	0.102030594342302
skane_only	Kexp1p5_D120	rep002	1956	ESkane_hist	1956	Degeberga	100	0.230676418139028	0.231292999763604	0.00461767933223958	0.223389722816655	0.237475343578463	0.208619240910444	0.238844032894201	2.2752	0.101387314582906
skane_only	Kexp1p5_D120	rep002	2020	ESkane_mod	2021	Fästan	100	0.213944991808265	0.217744266754139	0.0151600859626189	0.186960862303192	0.233893025257379	0.171344407734303	0.234865795364213	2.224	0.0961982876835725
skane_only	Kexp1p5_D120	rep002	2020	SESkane_mod	2022	SE Skåne	100	0.227113959647483	0.228630142760641	0.00604183302513418	0.212983552124776	0.234540777766595	0.21103639789069	0.235156319039723	1.927	0.117858827009591
skane_only	Kexp1p5_D120	rep002	2020	WSkane_mod	2021	Silvåkra	100	0.22868312874527	0.231469896401581	0.00865593540586131	0.206308609277885	0.236691091056628	0.202249670726922	0.237545069260586	2.147	0.106512868535291
skane_only	Kexp1p5_D120	rep003	1951	WSkane_hist	1951	Torna Hällestad	100	0.231258085273889	0.233622354033029	0.00999927111583644	0.18733586380746	0.238708971665497	0.184385692723877	0.239608432964877	2.249	0.102827072153797
skane_only	Kexp1p5_D120	rep003	1956	ESkane_hist	1956	Degeberga	100	0.227846588417924	0.231721683587024	0.0123457340010753	0.197419488658705	0.238237161216468	0.166711523522165	0.239546454580768	2.2752	0.100143542729397
skane_only	Kexp1p5_D120	rep003	2020	ESkane_mod	2021	Fästan	100	0.229773044454151	0.230675798355187	0.00460967803483347	0.217506198742262	0.235770292407302	0.216627364623844	0.237390123300314	2.224	0.103315217830104
skane_only	Kexp1p5_D120	rep003	2020	SESkane_mod	2022	SE Skåne	100	0.228521016534335	0.232164386330659	0.00874908749600661	0.208248292903173	0.237583990210131	0.204875451375106	0.238137184180197	1.927	0.118589007023526
skane_only	Kexp1p5_D120	rep003	2020	WSkane_mod	2021	Silvåkra	100	0.232311123844226	0.233132337433668	0.00421381143903061	0.221106755494087	0.237952286612426	0.218383418840262	0.238590954492423	2.147	0.108202665973091
skane_only	Kexp1p5_D120	rep004	1951	WSkane_hist	1951	Torna Hällestad	100	0.225816176554517	0.229893321255812	0.0138779563334419	0.183514379940613	0.237271847883973	0.154398484545871	0.241106243914175	2.249	0.1004073706334
skane_only	Kexp1p5_D120	rep004	1956	ESkane_hist	1956	Degeberga	100	0.229994449319217	0.231706188990996	0.00828521550847515	0.200673870310955	0.238282353788215	0.195087293713341	0.239091946430636	2.2752	0.101087574419487
skane_only	Kexp1p5_D120	rep004	2020	ESkane_mod	2021	Fästan	100	0.231098736265913	0.231415019707318	0.00258294462278611	0.225090964899627	0.235786916817623	0.22269608140117	0.236279677251697	2.224	0.103911302277839
skane_only	Kexp1p5_D120	rep004	2020	SESkane_mod	2022	SE Skåne	100	0.222632996260202	0.22530987218338	0.00980922685521652	0.201966894349426	0.234785371032453	0.193527504379935	0.236499184028749	1.927	0.11553346977696
skane_only	Kexp1p5_D120	rep004	2020	WSkane_mod	2021	Silvåkra	100	0.227911885228015	0.230792007825391	0.0089178877505836	0.204476050493583	0.235351776912525	0.185883503673175	0.23578255896249	2.147	0.106153649384264
skane_only	Kexp1p5_D120	rep005	1951	WSkane_hist	1951	Torna Hällestad	100	0.230724657981326	0.231215526783468	0.00521716757817646	0.216166658635301	0.237446678575813	0.211170684389592	0.238131281476949	2.249	0.102589887941897
skane_only	Kexp1p5_D120	rep005	1956	ESkane_hist	1956	Degeberga	100	0.229328078392739	0.231267175436892	0.00869551934666367	0.197416647982767	0.237805378473843	0.195624439708952	0.238255238245167	2.2752	0.100794689870227
skane_only	Kexp1p5_D120	rep005	2020	ESkane_mod	2021	Fästan	100	0.22333349034524	0.227902911274482	0.0120956705775836	0.191975462344542	0.235504947450336	0.175082479025869	0.236305501578409	2.224	0.100419734867464
skane_only	Kexp1p5_D120	rep005	2020	SESkane_mod	2022	SE Skåne	100	0.2260990636077	0.227032723694026	0.00494630462182876	0.214004350867807	0.233651867549271	0.210851938414175	0.235230102830329	1.927	0.117332155478827
skane_only	Kexp1p5_D120	rep005	2020	WSkane_mod	2021	Silvåkra	100	0.228294214384987	0.230039874309903	0.00651004076889267	0.205866367682942	0.234241653667992	0.200764771940981	0.235104670386299	2.147	0.106331725377264
