landscape	model	rep	comparison	target1	year1	n1	target2	year2	n2	n_draws	mean_FST	median_FST	sd_sampling	q025_sampling	q975_sampling	min_draw_FST	max_draw_FST	mean_component_FST	mean_n_windows	mean_n_snps	empirical_FST	error
full	Kexp1p3_D120	rep001	historical_EW	ESkane_hist	1956	5	WSkane_hist	1951	5	100	0.00808349435522281	0.00668181913826549	0.00940451901310976	-0.00644704518821574	0.0325314263983787	-0.00803495080696972	0.0438681735470241	0.0092859302250975	388	16143.42	0.02874	-0.0206565056447772
full	Kexp1p3_D120	rep001	modern_E_SE	ESkane_mod	2020	8	SESkane_mod	2020	7	100	0.0196932367185628	0.0186285609765989	0.0113718079332384	0.0029987298519142	0.0478865097723812	0.0011285835917076	0.0525821079379055	0.020749701708848	388	17500.61	0.0868	-0.0671067632814372
full	Kexp1p3_D120	rep001	modern_EW	ESkane_mod	2020	8	WSkane_mod	2020	8	100	0.0171478710244565	0.0151423362277952	0.00939107611972428	0.00311826041566471	0.0369150500562192	0.00198582469521359	0.0546483378465257	0.0179827270435369	388	18012.52	0.0494	-0.0322521289755435
full	Kexp1p3_D120	rep001	modern_W_SE	WSkane_mod	2020	8	SESkane_mod	2020	7	100	0.014210115444841	0.0118034692055535	0.00973410586840594	0.0015809973568524	0.0409258042653227	-0.00422329721416497	0.047226553513982	0.0151597887307759	388	17706.47	0.10919	-0.094979884555159
full	Kexp1p3_D120	rep002	historical_EW	ESkane_hist	1956	5	WSkane_hist	1951	5	100	0.00348506145961317	0.00141546264981604	0.00757878836700756	-0.00778064084511317	0.0219394084217974	-0.00944907483846771	0.029713943188952	0.0046326038395705	388	16171.96	0.02874	-0.0252549385403868
full	Kexp1p3_D120	rep002	modern_E_SE	ESkane_mod	2020	8	SESkane_mod	2020	7	100	0.0117522581025822	0.0107767075669099	0.00918942957687901	-0.00339772536172708	0.0285459255335383	-0.00717711258624864	0.0516456251621495	0.0125078384225015	388	17659.98	0.0868	-0.0750477418974178
full	Kexp1p3_D120	rep002	modern_EW	ESkane_mod	2020	8	WSkane_mod	2020	8	100	0.01173260017939	0.0104614483382869	0.00704324290774809	0.000608946603808612	0.0256225219445196	-0.00137499215345466	0.0453850553303835	0.012341976914407	388	18158.21	0.0494	-0.03766739982061
full	Kexp1p3_D120	rep002	modern_W_SE	WSkane_mod	2020	8	SESkane_mod	2020	7	100	0.0120662083640615	0.0119573167054579	0.00749922335659741	0.00141406952597089	0.0274215461800385	-0.00233846980834793	0.0484294252908585	0.0128611436613722	388	17705.48	0.10919	-0.0971237916359385
full	Kexp1p3_D120	rep003	historical_EW	ESkane_hist	1956	5	WSkane_hist	1951	5	100	0.00552706082566124	0.00373504516511841	0.00842183462785589	-0.00616836278186086	0.0226596676733724	-0.00974573515832485	0.0324796433717807	0.00683134641540014	388	16177.04	0.02874	-0.0232129391743388
full	Kexp1p3_D120	rep003	modern_E_SE	ESkane_mod	2020	8	SESkane_mod	2020	7	100	0.0170150421175029	0.0154970003197621	0.00881098605822133	0.00332568985377412	0.0369128556957197	0.00169848696517438	0.042007313522528	0.0177211483170595	388	17570.93	0.0868	-0.0697849578824971
full	Kexp1p3_D120	rep003	modern_EW	ESkane_mod	2020	8	WSkane_mod	2020	8	100	0.0110459820424287	0.00972074855406389	0.00710880453984122	9.16937739693916e-05	0.027674583322213	-0.00278420225408798	0.0305558945655343	0.0117908188311498	388	18142.42	0.0494	-0.0383540179575713
full	Kexp1p3_D120	rep003	modern_W_SE	WSkane_mod	2020	8	SESkane_mod	2020	7	100	0.0128196663072752	0.012328219193287	0.0079066175397244	0.000470691490616835	0.0295000781092254	-0.00385536761060844	0.040096034302706	0.0134396371089982	388	17787.1	0.10919	-0.0963703336927248
full	Kexp1p3_D120	rep004	historical_EW	ESkane_hist	1956	5	WSkane_hist	1951	5	100	0.00513387880867514	0.00335146888437697	0.00907539641483306	-0.00593139552431887	0.0272464438374151	-0.00825622551898747	0.0438555848791923	0.00629561570497503	388	16142.05	0.02874	-0.0236061211913249
full	Kexp1p3_D120	rep004	modern_E_SE	ESkane_mod	2020	8	SESkane_mod	2020	7	100	0.0243830660642528	0.0237432909275386	0.0123549276008253	0.00274718463195848	0.0518135504560761	0.00197444887669711	0.0651817772644585	0.0255222544426439	388	17242.81	0.0868	-0.0624169339357472
full	Kexp1p3_D120	rep004	modern_EW	ESkane_mod	2020	8	WSkane_mod	2020	8	100	0.0140189901787381	0.013926372471465	0.00840138193773297	-0.00144748359301164	0.0306479752977034	-0.00230958328852856	0.0353239135664084	0.0146828190551843	388	17879.18	0.0494	-0.0353810098212619
full	Kexp1p3_D120	rep004	modern_W_SE	WSkane_mod	2020	8	SESkane_mod	2020	7	100	0.0189113782607878	0.0171952145339556	0.00997573774594324	0.00523371636297409	0.038874032294618	0.000885401580968424	0.0720644249141136	0.0197625941985708	388	17571.49	0.10919	-0.0902786217392122
full	Kexp1p3_D120	rep005	historical_EW	ESkane_hist	1956	5	WSkane_hist	1951	5	100	0.00823269257106924	0.00837908833338171	0.00874002050238667	-0.00618991205217743	0.0285630678052094	-0.00957153711929958	0.0451473971103337	0.00953816785973487	388	16193.5	0.02874	-0.0205073074289308
full	Kexp1p3_D120	rep005	modern_E_SE	ESkane_mod	2020	8	SESkane_mod	2020	7	100	0.0182034869564007	0.0178312889640607	0.00906401181862007	0.00298612722178389	0.0342489575283969	-0.000145884402925719	0.0528938517507288	0.0189289006152656	388	17604.5	0.0868	-0.0685965130435993
full	Kexp1p3_D120	rep005	modern_EW	ESkane_mod	2020	8	WSkane_mod	2020	8	100	0.0117290150510004	0.0107311939097587	0.00671532006791263	0.000659406088283367	0.0254521257853279	-0.00230692185018302	0.0356973367004076	0.0122761350976125	388	18207.06	0.0494	-0.0376709849489996
full	Kexp1p3_D120	rep005	modern_W_SE	WSkane_mod	2020	8	SESkane_mod	2020	7	100	0.015602478501974	0.0142791644026555	0.00802774790158454	0.00323158202129823	0.0346616764314774	0.00187019814331776	0.0382217463263881	0.0161873923455158	388	17811.55	0.10919	-0.093587521498026
no_oland	Kexp1p2_D120	rep001	historical_EW	ESkane_hist	1956	5	WSkane_hist	1951	5	100	0.0071946035420145	0.00618255826388485	0.00833663532021358	-0.00551988024246004	0.0282990351693618	-0.00777089534820541	0.0306309523670903	0.00840510208974281	388	16166.64	0.02874	-0.0215453964579855
no_oland	Kexp1p2_D120	rep001	modern_E_SE	ESkane_mod	2020	8	SESkane_mod	2020	7	100	0.0101795920720878	0.00903917676513995	0.00826744015831631	-0.00168358099024496	0.0334094864903004	-0.00317751494708149	0.0347024006799201	0.011014131464998	388	17549.38	0.0868	-0.0766204079279122
no_oland	Kexp1p2_D120	rep001	modern_EW	ESkane_mod	2020	8	WSkane_mod	2020	8	100	0.00809639496200472	0.00849975804020264	0.00620771301841516	-0.0013332386218881	0.0210949501457282	-0.00333805535525811	0.0266520945256324	0.00875237320117135	388	18174.96	0.0494	-0.0413036050379953
no_oland	Kexp1p2_D120	rep001	modern_W_SE	WSkane_mod	2020	8	SESkane_mod	2020	7	100	0.0108901955562606	0.0110681536819834	0.00710896255656572	-0.00129792134889599	0.0305697843395592	-0.00291872948086729	0.0346387871395892	0.0115963337354136	388	17783.07	0.10919	-0.0982998044437394
no_oland	Kexp1p2_D120	rep002	historical_EW	ESkane_hist	1956	5	WSkane_hist	1951	5	100	0.00735070087416945	0.00587732893487191	0.00833887703568667	-0.00450680073571445	0.0244039878601901	-0.00620054896452841	0.0539633349343556	0.00862833024810846	388	16193.04	0.02874	-0.0213892991258306
no_oland	Kexp1p2_D120	rep002	modern_E_SE	ESkane_mod	2020	8	SESkane_mod	2020	7	100	0.0165121252621969	0.0139468400846707	0.0114144264982191	0.00293804593650397	0.0479244241595034	-0.000996649633031303	0.0612507653808903	0.0173022187244259	388	17518.6	0.0868	-0.0702878747378031
no_oland	Kexp1p2_D120	rep002	modern_EW	ESkane_mod	2020	8	WSkane_mod	2020	8	100	0.0130401206468857	0.0118880264759208	0.00858011401055737	-0.000220778780821575	0.0342874540705715	-0.00365327679695896	0.0486514413572746	0.0136294929825542	388	18019.98	0.0494	-0.0363598793531143
no_oland	Kexp1p2_D120	rep002	modern_W_SE	WSkane_mod	2020	8	SESkane_mod	2020	7	100	0.0192583841633491	0.0174351621583584	0.00945678719329765	0.00395689904812543	0.0424430190695319	0.000649607229102863	0.0498489209573305	0.0203446044141975	388	17652.51	0.10919	-0.0899316158366509
no_oland	Kexp1p2_D120	rep003	historical_EW	ESkane_hist	1956	5	WSkane_hist	1951	5	100	0.00727251300660307	0.0066950285197393	0.0092101018665208	-0.00519736492429042	0.0301489336843056	-0.00798663762842433	0.0470015241565035	0.00852697644236506	388	16181.9	0.02874	-0.0214674869933969
no_oland	Kexp1p2_D120	rep003	modern_E_SE	ESkane_mod	2020	8	SESkane_mod	2020	7	100	0.0121450242451136	0.0111513343603722	0.00791787148098161	0.000703166463224637	0.0298151474706879	-0.00267891158628068	0.0316877368403388	0.0128380606980007	388	17786.62	0.0868	-0.0746549757548864
no_oland	Kexp1p2_D120	rep003	modern_EW	ESkane_mod	2020	8	WSkane_mod	2020	8	100	0.00974815820283152	0.00883976107353527	0.00611357958870652	0.000828844463177781	0.0236506557756812	0.000654887450959793	0.0277374719353705	0.0103815524606897	388	18280.02	0.0494	-0.0396518417971685
no_oland	Kexp1p2_D120	rep003	modern_W_SE	WSkane_mod	2020	8	SESkane_mod	2020	7	100	0.0133405212624744	0.01146351833026	0.00845510184290484	0.0011253865069047	0.0326981909237356	-0.00145721680609347	0.0378976603300908	0.0142150690038215	388	17844.33	0.10919	-0.0958494787375256
no_oland	Kexp1p2_D120	rep004	historical_EW	ESkane_hist	1956	5	WSkane_hist	1951	5	100	0.00598523887645618	0.00495728319201873	0.00831363274512808	-0.00558573116278693	0.0251826300439576	-0.00824493996571716	0.03436603922477	0.00737374602218101	388	16240.19	0.02874	-0.0227547611235438
no_oland	Kexp1p2_D120	rep004	modern_E_SE	ESkane_mod	2020	8	SESkane_mod	2020	7	100	0.0132916441137693	0.0117885168301732	0.0083100973461179	0.00189821173237536	0.0314956776177167	-0.00192635934210206	0.040797076679917	0.0141007017225147	388	17709.46	0.0868	-0.0735083558862307
no_oland	Kexp1p2_D120	rep004	modern_EW	ESkane_mod	2020	8	WSkane_mod	2020	8	100	0.0101662709222796	0.0100266230347921	0.00699992557607852	7.02705629526474e-05	0.0236475768624831	-0.00171093045135051	0.0364368101681244	0.0106998150451368	388	18216.46	0.0494	-0.0392337290777204
no_oland	Kexp1p2_D120	rep004	modern_W_SE	WSkane_mod	2020	8	SESkane_mod	2020	7	100	0.0147355291413107	0.0134566579137617	0.00810311257515383	0.00255597875680814	0.03029384276949	-0.0021307958087626	0.0395510714415831	0.015522496029671	388	17846.53	0.10919	-0.0944544708586893
no_oland	Kexp1p2_D120	rep005	historical_EW	ESkane_hist	1956	5	WSkane_hist	1951	5	100	0.00663010551726905	0.00522179782289964	0.00855132708930547	-0.00602547155558819	0.0306716460122399	-0.00843623808124095	0.0335911051464456	0.00790913537598528	388	16170.71	0.02874	-0.022109894482731
no_oland	Kexp1p2_D120	rep005	modern_E_SE	ESkane_mod	2020	8	SESkane_mod	2020	7	100	0.0151821352272139	0.0148601923673365	0.00799657796359524	0.00140524786781798	0.0303161988345525	-0.00271129843739179	0.0318655875976876	0.0159935218874703	388	17513.39	0.0868	-0.0716178647727861
no_oland	Kexp1p2_D120	rep005	modern_EW	ESkane_mod	2020	8	WSkane_mod	2020	8	100	0.0104866715070833	0.0103780508797508	0.00619302780391784	-0.00143730012020488	0.0211813977129233	-0.00379220303076098	0.0294143497581896	0.0111115355359093	388	18040.27	0.0494	-0.0389133284929167
no_oland	Kexp1p2_D120	rep005	modern_W_SE	WSkane_mod	2020	8	SESkane_mod	2020	7	100	0.0122474193187912	0.0122107524237829	0.00735259139854302	0.000775600586781227	0.0283577193705438	-0.00154833222317406	0.0343584184106243	0.0129543874725483	388	17747.85	0.10919	-0.0969425806812088
no_oland	Kexp1p3_D120	rep001	historical_EW	ESkane_hist	1956	5	WSkane_hist	1951	5	100	0.00719932466461609	0.00470429487778969	0.00864937200707543	-0.00454231512876441	0.0277254626742569	-0.00814738426090171	0.0395499361385088	0.00851401960389265	388	16179.03	0.02874	-0.0215406753353839
no_oland	Kexp1p3_D120	rep001	modern_E_SE	ESkane_mod	2020	8	SESkane_mod	2020	7	100	0.0133990126925971	0.0122216860755424	0.0086847947702178	-0.000845815525188847	0.0319466209982726	-0.00581604151519552	0.0356040235048778	0.0139599027454926	388	17567.84	0.0868	-0.0734009873074029
no_oland	Kexp1p3_D120	rep001	modern_EW	ESkane_mod	2020	8	WSkane_mod	2020	8	100	0.00964641860147892	0.00907760858382472	0.00634180638842727	-0.00101159333787079	0.0225545925775421	-0.00309188627198519	0.0353435289375406	0.0100196331624609	388	18142.7	0.0494	-0.0397535813985211
no_oland	Kexp1p3_D120	rep001	modern_W_SE	WSkane_mod	2020	8	SESkane_mod	2020	7	100	0.0136118231924098	0.0129583164740718	0.00715385599703087	0.00178816197287548	0.0290203955020914	0.000846312048247601	0.0370941282456589	0.0144754865149072	388	17754.85	0.10919	-0.0955781768075901
no_oland	Kexp1p3_D120	rep002	historical_EW	ESkane_hist	1956	5	WSkane_hist	1951	5	100	0.00651385912189423	0.00446224131879058	0.00840497639093885	-0.00490688334828779	0.0261562151206435	-0.00888841372449043	0.0417238758814195	0.00784725322615547	388	16139.13	0.02874	-0.0222261408781058
no_oland	Kexp1p3_D120	rep002	modern_E_SE	ESkane_mod	2020	8	SESkane_mod	2020	7	100	0.0220303521383398	0.0209238793802006	0.0117395911124493	0.00357629959284184	0.0508184393428338	-0.00594649395353453	0.0519614378093187	0.0227595332782086	388	17468.13	0.0868	-0.0647696478616602
no_oland	Kexp1p3_D120	rep002	modern_EW	ESkane_mod	2020	8	WSkane_mod	2020	8	100	0.013606138325315	0.0119423580460709	0.00843365439716876	0.00299509910296949	0.0339547160753796	-1.75310656197301e-05	0.0389556653290633	0.0141867116863341	388	18080.44	0.0494	-0.035793861674685
no_oland	Kexp1p3_D120	rep002	modern_W_SE	WSkane_mod	2020	8	SESkane_mod	2020	7	100	0.0159589062494573	0.0151780601169374	0.00926390347765622	0.00226662862417624	0.0350228361276547	-0.0041694683867683	0.0501479931689845	0.0166690239172776	388	17743.04	0.10919	-0.0932310937505427
no_oland	Kexp1p3_D120	rep003	historical_EW	ESkane_hist	1956	5	WSkane_hist	1951	5	100	0.00697862653127924	0.00575381702775766	0.0096479827516685	-0.00673738477519344	0.0351267086128949	-0.00865766934446147	0.0422534703448001	0.00826716387758909	388	16138.63	0.02874	-0.0217613734687208
no_oland	Kexp1p3_D120	rep003	modern_E_SE	ESkane_mod	2020	8	SESkane_mod	2020	7	100	0.016616452699763	0.0150980119671357	0.0100998448248483	0.00140617826134025	0.0404545818634645	-0.00546675349964113	0.05809643381978	0.017611929924538	388	17472.26	0.0868	-0.070183547300237
no_oland	Kexp1p3_D120	rep003	modern_EW	ESkane_mod	2020	8	WSkane_mod	2020	8	100	0.0103771830372735	0.00930707940674818	0.00737200329180488	-0.000666802984034171	0.0273920719854899	-0.00507392556038289	0.0370118698920091	0.0111010559932299	388	18045.22	0.0494	-0.0390228169627265
no_oland	Kexp1p3_D120	rep003	modern_W_SE	WSkane_mod	2020	8	SESkane_mod	2020	7	100	0.0159260424308287	0.0147405143785345	0.0087425920706837	0.00303372814956665	0.0350754395882488	0.00206080290955538	0.049992895561632	0.016793031527139	388	17739.57	0.10919	-0.0932639575691713
no_oland	Kexp1p3_D120	rep004	historical_EW	ESkane_hist	1956	5	WSkane_hist	1951	5	100	0.00476264876519453	0.00359626881317951	0.0072345206390513	-0.00504478564113579	0.0214953593058224	-0.00635356153311956	0.0300273800927958	0.00592997258855114	388	16081	0.02874	-0.0239773512348055
no_oland	Kexp1p3_D120	rep004	modern_E_SE	ESkane_mod	2020	8	SESkane_mod	2020	7	100	0.0147877867197228	0.014731741349734	0.00916730734072569	0.000575635015299691	0.0316629790927853	-0.00399409389460554	0.0344446636989313	0.0156616633800926	388	17476.26	0.0868	-0.0720122132802772
no_oland	Kexp1p3_D120	rep004	modern_EW	ESkane_mod	2020	8	WSkane_mod	2020	8	100	0.0115262963736604	0.0107347274535029	0.00665200143292068	0.0016279945347652	0.0291569254110173	0.000369852923174406	0.0340071573381753	0.0121220384618127	388	18162.43	0.0494	-0.0378737036263396
no_oland	Kexp1p3_D120	rep004	modern_W_SE	WSkane_mod	2020	8	SESkane_mod	2020	7	100	0.0110530701155642	0.010615131367503	0.00760577061941719	-0.00129041568536923	0.0271438709499218	-0.00329397822977272	0.030327161532827	0.0116947302118765	388	17743.28	0.10919	-0.0981369298844358
no_oland	Kexp1p3_D120	rep005	historical_EW	ESkane_hist	1956	5	WSkane_hist	1951	5	100	0.0055750012647764	0.00379744876394221	0.00709178023882039	-0.00490576758352123	0.0209703670084283	-0.0071684185613876	0.0246207969764449	0.00678278748995019	388	16165.55	0.02874	-0.0231649987352236
no_oland	Kexp1p3_D120	rep005	modern_E_SE	ESkane_mod	2020	8	SESkane_mod	2020	7	100	0.0115006852944987	0.0100123144714881	0.00852525648329108	-0.00184837590866847	0.0277321397548849	-0.00674424007692151	0.0402282598175083	0.0121519510992767	388	17510.78	0.0868	-0.0752993147055013
no_oland	Kexp1p3_D120	rep005	modern_EW	ESkane_mod	2020	8	WSkane_mod	2020	8	100	0.013319735752087	0.0116947626846374	0.00799770285662267	0.00128499300925388	0.0310681283986217	-2.0956098248484e-05	0.0476147650820722	0.0139734847763696	388	18107.18	0.0494	-0.036080264247913
no_oland	Kexp1p3_D120	rep005	modern_W_SE	WSkane_mod	2020	8	SESkane_mod	2020	7	100	0.0116511946454994	0.0093190713442591	0.00747130958886866	0.00140177078967566	0.02624276609744	-0.00251164858236111	0.0288712609528172	0.012298080463696	388	17782.55	0.10919	-0.0975388053545006
skane_only	Kexp1p2_D120	rep001	historical_EW	ESkane_hist	1956	5	WSkane_hist	1951	5	100	0.00773673501661932	0.00641001928557691	0.00819314884939646	-0.00481969332100411	0.027238924574921	-0.00846226964720328	0.0341158140048834	0.00896018232784889	388	16137.93	0.02874	-0.0210032649833807
skane_only	Kexp1p2_D120	rep001	modern_E_SE	ESkane_mod	2020	8	SESkane_mod	2020	7	100	0.0156689678690195	0.0139118433200934	0.0103361338761636	-0.000748157595973338	0.0387129057235115	-0.00191819748458342	0.0506272687442873	0.0164006386668451	388	17530.82	0.0868	-0.0711310321309805
skane_only	Kexp1p2_D120	rep001	modern_EW	ESkane_mod	2020	8	WSkane_mod	2020	8	100	0.0112872849604141	0.0106826475070046	0.00774548371434039	-2.07857211045387e-05	0.0288940359469862	-0.000768547966703143	0.0335269654584526	0.0117967707170407	388	18148.1	0.0494	-0.0381127150395859
skane_only	Kexp1p2_D120	rep001	modern_W_SE	WSkane_mod	2020	8	SESkane_mod	2020	7	100	0.0133249191034502	0.0117787484106557	0.00980231086051211	-0.00151727861682292	0.0349633811053841	-0.00172195725859714	0.0453054038864295	0.0139697180153478	388	17748.04	0.10919	-0.0958650808965498
skane_only	Kexp1p2_D120	rep002	historical_EW	ESkane_hist	1956	5	WSkane_hist	1951	5	100	0.00536618458072441	0.00482195242489237	0.00791729504750427	-0.00667137043850722	0.0247936409144469	-0.00792968208519377	0.0289606874299177	0.00670210202825881	388	16109.46	0.02874	-0.0233738154192756
skane_only	Kexp1p2_D120	rep002	modern_E_SE	ESkane_mod	2020	8	SESkane_mod	2020	7	100	0.0154520693828389	0.0140429290184007	0.00863848924415878	0.00097619157807295	0.0345159949089798	-0.00198693172362881	0.0421787255417368	0.0161003118647841	388	17589.14	0.0868	-0.0713479306171611
skane_only	Kexp1p2_D120	rep002	modern_EW	ESkane_mod	2020	8	WSkane_mod	2020	8	100	0.0115319806592984	0.0104295117003158	0.00716858144245147	0.00132368912125368	0.0263537943429618	-0.00171887598075957	0.0352896809392632	0.0120942186328681	388	18117.44	0.0494	-0.0378680193407016
skane_only	Kexp1p2_D120	rep002	modern_W_SE	WSkane_mod	2020	8	SESkane_mod	2020	7	100	0.0119328216229857	0.0115059993214198	0.00735375258608267	0.00102354520784766	0.026019636755685	-0.000930438911651766	0.0365303551983631	0.0124611161735306	388	17818.82	0.10919	-0.0972571783770143
skane_only	Kexp1p2_D120	rep003	historical_EW	ESkane_hist	1956	5	WSkane_hist	1951	5	100	0.00621267755951227	0.00466104303854734	0.00883110959536626	-0.00644402922301938	0.0299241585073498	-0.0150948080690767	0.0393012472863695	0.00743417506775018	388	16128.42	0.02874	-0.0225273224404877
skane_only	Kexp1p2_D120	rep003	modern_E_SE	ESkane_mod	2020	8	SESkane_mod	2020	7	100	0.0172911122743148	0.0157190254423918	0.0102206569103147	-0.000356223859773903	0.0416773163638214	-0.00230697323928828	0.0451195779440841	0.01819706752959	388	17513.36	0.0868	-0.0695088877256852
skane_only	Kexp1p2_D120	rep003	modern_EW	ESkane_mod	2020	8	WSkane_mod	2020	8	100	0.00990398057304554	0.00884306566259469	0.00679690900939682	-0.000261932713121754	0.0238561624656732	-0.00161273536359827	0.0259995578061726	0.0104537046407392	388	18195.07	0.0494	-0.0394960194269545
skane_only	Kexp1p2_D120	rep003	modern_W_SE	WSkane_mod	2020	8	SESkane_mod	2020	7	100	0.0146286615177585	0.0126260376624318	0.00923283830097544	0.00198695353866275	0.0374361485641754	0.000595902802428455	0.0475767728281716	0.0154357298769061	388	17792.84	0.10919	-0.0945613384822415
skane_only	Kexp1p2_D120	rep004	historical_EW	ESkane_hist	1956	5	WSkane_hist	1951	5	100	0.00639859264418446	0.00584082468612152	0.00798340866684208	-0.00722958728579125	0.0252858101346544	-0.0101164323183646	0.0310235334854351	0.00766188644599389	388	16123.35	0.02874	-0.0223414073558155
skane_only	Kexp1p2_D120	rep004	modern_E_SE	ESkane_mod	2020	8	SESkane_mod	2020	7	100	0.0164063042042931	0.0149107458851651	0.0105991740620228	0.000396895887439723	0.0375227072688067	-0.00135696393339033	0.0589719361366027	0.0174357408104527	388	17520.37	0.0868	-0.0703936957957069
skane_only	Kexp1p2_D120	rep004	modern_EW	ESkane_mod	2020	8	WSkane_mod	2020	8	100	0.0130181251272113	0.0117725095306965	0.0074749301676211	0.00308797849972465	0.029461183963096	0.00102443506732982	0.0350741418043994	0.01369536869766	388	18108.29	0.0494	-0.0363818748727887
skane_only	Kexp1p2_D120	rep004	modern_W_SE	WSkane_mod	2020	8	SESkane_mod	2020	7	100	0.0143302100042197	0.0132149020191516	0.00968663420633941	-0.000218008963834805	0.0336187714465858	-0.000980700211403071	0.0513489543863481	0.0152508211668929	388	17679.77	0.10919	-0.0948597899957803
skane_only	Kexp1p2_D120	rep005	historical_EW	ESkane_hist	1956	5	WSkane_hist	1951	5	100	0.00578528848663301	0.0049799272858563	0.00828188838281467	-0.00795859854007308	0.0248970697698655	-0.0119693044658238	0.0332776444411927	0.00699851330157462	388	16168.56	0.02874	-0.022954711513367
skane_only	Kexp1p2_D120	rep005	modern_E_SE	ESkane_mod	2020	8	SESkane_mod	2020	7	100	0.0173589100755761	0.0163219627977566	0.0106443177495239	0.00203150215256139	0.0390206778480465	-0.00109382734914369	0.0610368251890974	0.0181107674954005	388	17496.29	0.0868	-0.0694410899244239
skane_only	Kexp1p2_D120	rep005	modern_EW	ESkane_mod	2020	8	WSkane_mod	2020	8	100	0.00873952968262494	0.00657441352672993	0.00943705130649858	-0.00379144950625217	0.034188412788259	-0.00449254066382156	0.0471732974317717	0.00927738014081577	388	18106.71	0.0494	-0.0406604703173751
skane_only	Kexp1p2_D120	rep005	modern_W_SE	WSkane_mod	2020	8	SESkane_mod	2020	7	100	0.012278877990595	0.0112254110118618	0.00745240307435192	0.000905688047347146	0.0271153061565425	-0.00440984114313972	0.0302141280958724	0.0130365154435858	388	17770.45	0.10919	-0.096911122009405
skane_only	Kexp1p3_D120	rep001	historical_EW	ESkane_hist	1956	5	WSkane_hist	1951	5	100	0.00852936169236426	0.00728820827168428	0.00823854918892066	-0.000938917992111133	0.0264623108019734	-0.00293182335143992	0.0507809410543694	0.00970987427633226	388	16068.59	0.02874	-0.0202106383076357
skane_only	Kexp1p3_D120	rep001	modern_E_SE	ESkane_mod	2020	8	SESkane_mod	2020	7	100	0.0168058725010394	0.0153029877430416	0.00928451862655032	0.00185290085855045	0.0350412323854163	-0.00674021196542759	0.0434822314239661	0.0179073929007215	388	17400.79	0.0868	-0.0699941274989606
skane_only	Kexp1p3_D120	rep001	modern_EW	ESkane_mod	2020	8	WSkane_mod	2020	8	100	0.0144884128723261	0.0134276644102048	0.00836876975920229	0.0023721860706359	0.0330145664931479	-0.00260656308767707	0.0458107815752824	0.0154738131408838	388	17940.88	0.0494	-0.0349115871276739
skane_only	Kexp1p3_D120	rep001	modern_W_SE	WSkane_mod	2020	8	SESkane_mod	2020	7	100	0.0125180977451062	0.0114766508680216	0.00854161712695326	-0.00126569308363894	0.0317671155453135	-0.00481835057829715	0.0509965892724074	0.0132890000949837	388	17660.52	0.10919	-0.0966719022548938
skane_only	Kexp1p3_D120	rep002	historical_EW	ESkane_hist	1956	5	WSkane_hist	1951	5	100	0.00718060669962639	0.00639345981275598	0.00842083280831422	-0.0055167810550589	0.0249235353306038	-0.010182950819129	0.0287995679402158	0.00835552142127905	388	16132.55	0.02874	-0.0215593933003736
skane_only	Kexp1p3_D120	rep002	modern_E_SE	ESkane_mod	2020	8	SESkane_mod	2020	7	100	0.0163420616847687	0.0149900640968689	0.00914793479537525	0.000975078656393068	0.0365326360996056	-0.000141765733597244	0.0398273853123704	0.0173813619952524	388	17308.34	0.0868	-0.0704579383152313
skane_only	Kexp1p3_D120	rep002	modern_EW	ESkane_mod	2020	8	WSkane_mod	2020	8	100	0.0146586394096299	0.0137514470080841	0.00797278862272446	0.00192873057704777	0.0322511192108877	-0.00265369037585621	0.0418015880011829	0.015435816944995	388	17970.67	0.0494	-0.0347413605903701
skane_only	Kexp1p3_D120	rep002	modern_W_SE	WSkane_mod	2020	8	SESkane_mod	2020	7	100	0.013625858273734	0.0123152324977792	0.00779649372096206	-0.00021416011861001	0.0291579142154991	-0.0044423585557174	0.0326328822132846	0.0143945226598493	388	17609.5	0.10919	-0.095564141726266
skane_only	Kexp1p3_D120	rep003	historical_EW	ESkane_hist	1956	5	WSkane_hist	1951	5	100	0.0081819767383611	0.00686092109308453	0.0114648828876228	-0.00644921858003797	0.0346868212624772	-0.00895621647681278	0.0743953391024108	0.00935689517094	388	16082.42	0.02874	-0.0205580232616389
skane_only	Kexp1p3_D120	rep003	modern_E_SE	ESkane_mod	2020	8	SESkane_mod	2020	7	100	0.0179313903141321	0.0161606232826879	0.0130781828032663	0.00123984664429667	0.053284929723352	-0.00394771903047205	0.0662926417821962	0.0189473894343701	388	17455.27	0.0868	-0.0688686096858679
skane_only	Kexp1p3_D120	rep003	modern_EW	ESkane_mod	2020	8	WSkane_mod	2020	8	100	0.0131829087474736	0.0110749375223261	0.00823701838301097	0.00038388727350693	0.0329316965361009	-0.00159271323088608	0.0379859190337497	0.0138721778851417	388	18056.99	0.0494	-0.0362170912525264
skane_only	Kexp1p3_D120	rep003	modern_W_SE	WSkane_mod	2020	8	SESkane_mod	2020	7	100	0.018062708418952	0.0164361039196563	0.00958689325284602	0.00137547656547291	0.0388457265983328	-0.000520940397809822	0.0475395806722014	0.0189728144029473	388	17640.64	0.10919	-0.091127291581048
skane_only	Kexp1p3_D120	rep004	historical_EW	ESkane_hist	1956	5	WSkane_hist	1951	5	100	0.00518884609843471	0.00389053633078894	0.00727510113598837	-0.00704488742894219	0.0187849283571627	-0.00806281966320836	0.0277597485701766	0.00637515315075493	388	16138.01	0.02874	-0.0235511539015653
skane_only	Kexp1p3_D120	rep004	modern_E_SE	ESkane_mod	2020	8	SESkane_mod	2020	7	100	0.0170958519681741	0.0154774929737347	0.0108140137770424	0.000413852426383066	0.0388963076703156	-0.00726586014157244	0.0502664424826002	0.0179649002723201	388	17441.57	0.0868	-0.0697041480318259
skane_only	Kexp1p3_D120	rep004	modern_EW	ESkane_mod	2020	8	WSkane_mod	2020	8	100	0.0108013316413038	0.00949312979518486	0.00754721594366649	0.00105784651979946	0.0299594545134027	-0.000249349791826544	0.0454890471452157	0.0114527115551625	388	18041.35	0.0494	-0.0385986683586962
skane_only	Kexp1p3_D120	rep004	modern_W_SE	WSkane_mod	2020	8	SESkane_mod	2020	7	100	0.0153118135046717	0.0137400562718937	0.00921382495421449	0.000769171124214909	0.0378720072606375	-0.00220052399940534	0.0484666602369757	0.0160708902426242	388	17699.83	0.10919	-0.0938781864953283
skane_only	Kexp1p3_D120	rep005	historical_EW	ESkane_hist	1956	5	WSkane_hist	1951	5	100	0.00608030684325899	0.00560537012238624	0.00842908472040428	-0.00730098112458996	0.0259499996204266	-0.00981448336657678	0.0406328513672525	0.00729536695256009	388	16153.46	0.02874	-0.022659693156741
skane_only	Kexp1p3_D120	rep005	modern_E_SE	ESkane_mod	2020	8	SESkane_mod	2020	7	100	0.0143929096786239	0.0149573552266407	0.00802515480002865	0.000417313186336532	0.0299578168046259	-0.00119092833394601	0.0362767049566682	0.0153757966582443	388	17654.86	0.0868	-0.0724070903213761
skane_only	Kexp1p3_D120	rep005	modern_EW	ESkane_mod	2020	8	WSkane_mod	2020	8	100	0.0101263663953289	0.00955899731099148	0.00674512313012151	-0.000655145930848407	0.0255297617342335	-0.00209960580211902	0.0298954360946649	0.0108015131197688	388	18089.31	0.0494	-0.0392736336046711
skane_only	Kexp1p3_D120	rep005	modern_W_SE	WSkane_mod	2020	8	SESkane_mod	2020	7	100	0.0123391155617266	0.0119002364390975	0.00698005998680669	-0.000119806703264648	0.0251972631289231	-0.00569016370156611	0.0337304382507643	0.0132901801580379	388	17893.96	0.10919	-0.0968508844382734
skane_only	Kexp1p5_D120	rep001	historical_EW	ESkane_hist	1956	5	WSkane_hist	1951	5	100	0.00818455276976644	0.00583463920891806	0.00996834361665709	-0.0082669385062049	0.0298041118293678	-0.0123552790931274	0.0367888303807416	0.00944009044765055	388	15999.66	0.02874	-0.0205554472302336
skane_only	Kexp1p5_D120	rep001	modern_E_SE	ESkane_mod	2020	8	SESkane_mod	2020	7	100	0.0174918762245368	0.0160801753440411	0.00859543621723095	0.00574306125669618	0.0348907663819409	0.00392821032393625	0.0425939622252391	0.0182044938842549	388	17180.12	0.0868	-0.0693081237754632
skane_only	Kexp1p5_D120	rep001	modern_EW	ESkane_mod	2020	8	WSkane_mod	2020	8	100	0.0122883444311689	0.011630425608646	0.00641662318904188	0.00344995644586265	0.0262582997399608	0.00249093017032147	0.032061302657702	0.0126854816839299	388	17910.37	0.0494	-0.0371116555688311
skane_only	Kexp1p5_D120	rep001	modern_W_SE	WSkane_mod	2020	8	SESkane_mod	2020	7	100	0.0147211859485224	0.0137774978619209	0.00737355218037108	0.00281199683201749	0.02928690496368	-0.000968806314140187	0.0396040235801695	0.0154097191528813	388	17528.38	0.10919	-0.0944688140514776
skane_only	Kexp1p5_D120	rep002	historical_EW	ESkane_hist	1956	5	WSkane_hist	1951	5	100	0.006555012915125	0.00616309446341233	0.00761580389100543	-0.00586260335132256	0.0213180618775768	-0.00653780597894693	0.0337346698597245	0.00787013937041665	388	15982.71	0.02874	-0.022184987084875
skane_only	Kexp1p5_D120	rep002	modern_E_SE	ESkane_mod	2020	8	SESkane_mod	2020	7	100	0.0297248499556188	0.0275412347106904	0.0139180062924511	0.00903899256067033	0.0594310701792395	0.00420899383097308	0.0838407897793834	0.0309035831234211	388	16960.52	0.0868	-0.0570751500443812
skane_only	Kexp1p5_D120	rep002	modern_EW	ESkane_mod	2020	8	WSkane_mod	2020	8	100	0.0211378803578633	0.0195019376932363	0.00991301095084156	0.00756570358191645	0.0424631641115548	0.00423605137491044	0.0710831430687615	0.0217924239863395	388	17693.09	0.0494	-0.0282621196421367
skane_only	Kexp1p5_D120	rep002	modern_W_SE	WSkane_mod	2020	8	SESkane_mod	2020	7	100	0.0210857779783251	0.0205763239492014	0.0105626582999278	0.00662787969846299	0.0459788215818321	0.00176755466745563	0.0558304250330857	0.0222227210731292	388	17455.44	0.10919	-0.0881042220216749
skane_only	Kexp1p5_D120	rep003	historical_EW	ESkane_hist	1956	5	WSkane_hist	1951	5	100	0.00834094901171151	0.00681146550529564	0.0102866786842166	-0.00614409077005851	0.03235560036438	-0.0153668211275298	0.0498920429217464	0.00944129951646946	388	16079.63	0.02874	-0.0203990509882885
skane_only	Kexp1p5_D120	rep003	modern_E_SE	ESkane_mod	2020	8	SESkane_mod	2020	7	100	0.0190099264310789	0.01729538840782	0.00875113982478045	0.0067867655528124	0.0401719027029475	0.00251084237946251	0.04389012779405	0.0198287566760696	388	17395.42	0.0868	-0.0677900735689211
skane_only	Kexp1p5_D120	rep003	modern_EW	ESkane_mod	2020	8	WSkane_mod	2020	8	100	0.0152519487904882	0.0141112796288906	0.00784421161732879	0.00208235124123569	0.0300526169263084	0.00149546402255533	0.037083311917237	0.0158785960843711	388	17937.27	0.0494	-0.0341480512095118
skane_only	Kexp1p5_D120	rep003	modern_W_SE	WSkane_mod	2020	8	SESkane_mod	2020	7	100	0.0181356442604921	0.0165709951555077	0.00936695144638845	0.00222288711679181	0.0348829533279965	-0.000131129199132209	0.0523852966318326	0.0187218540100846	388	17601.21	0.10919	-0.0910543557395079
skane_only	Kexp1p5_D120	rep004	historical_EW	ESkane_hist	1956	5	WSkane_hist	1951	5	100	0.0067983205877701	0.00498767998556473	0.00823216003627913	-0.00584151176678139	0.0242880039515418	-0.0094789186038117	0.0360168789528719	0.00801744077158534	388	16055.83	0.02874	-0.0219416794122299
skane_only	Kexp1p5_D120	rep004	modern_E_SE	ESkane_mod	2020	8	SESkane_mod	2020	7	100	0.0197268044642254	0.018761719077545	0.0103214067913494	0.00392978368129542	0.0437551137647471	0.00148269978178243	0.0542243879732355	0.0208925127289118	388	17341.8	0.0868	-0.0670731955357746
skane_only	Kexp1p5_D120	rep004	modern_EW	ESkane_mod	2020	8	WSkane_mod	2020	8	100	0.0135370163301795	0.0134392672524287	0.00807382173808069	0.000180705585128702	0.0305501728697682	-0.00212933372031414	0.0364047962600084	0.0142105380242854	388	17994.41	0.0494	-0.0358629836698205
skane_only	Kexp1p5_D120	rep004	modern_W_SE	WSkane_mod	2020	8	SESkane_mod	2020	7	100	0.0204215367053192	0.01947655776541	0.00839428599105208	0.00569996904438891	0.0355257832086375	0.00027714118348861	0.0471112279651364	0.0214831239609121	388	17492.64	0.10919	-0.0887684632946808
skane_only	Kexp1p5_D120	rep005	historical_EW	ESkane_hist	1956	5	WSkane_hist	1951	5	100	0.00764017718743637	0.00604399011706182	0.00926256301011132	-0.00775354692047116	0.0264020764120991	-0.0142932289644376	0.0318466433204618	0.00889786454482629	388	16017.52	0.02874	-0.0210998228125636
skane_only	Kexp1p5_D120	rep005	modern_E_SE	ESkane_mod	2020	8	SESkane_mod	2020	7	100	0.022228208981665	0.0210812878205991	0.011028790977291	0.0040360657763723	0.0454976387085842	0.000824319449612085	0.0499715983108733	0.0235698282365041	388	17068.53	0.0868	-0.064571791018335
skane_only	Kexp1p5_D120	rep005	modern_EW	ESkane_mod	2020	8	WSkane_mod	2020	8	100	0.0181698505406901	0.0171924470382891	0.0092181230064594	0.00268881995893927	0.0347019074117415	-0.000164021938201354	0.0411442552335293	0.0192184652737217	388	17744.07	0.0494	-0.0312301494593099
skane_only	Kexp1p5_D120	rep005	modern_W_SE	WSkane_mod	2020	8	SESkane_mod	2020	7	100	0.0170700521225281	0.0164437730580407	0.00913480891851444	0.000419741423858677	0.034801568505077	-0.0056917568752657	0.0406020221485564	0.01796471637113	388	17414.16	0.10919	-0.0921199478774719
