landscape	model	rep	simulation_year	target	empirical_year	locality	n_draws	mean_FROH	median_draw_FROH	sd_sampling	q025_sampling	q975_sampling	min_draw_FROH	max_draw_FROH	empirical_FROH
full	Kexp1p3_D120	rep001	1951	WSkane_hist	1951	Torna Hällestad	100	0.0378951690380371	0.0182177557844038	0.0580952062548385	0.00624735320019446	0.207940935787863	0.00114860407376688	0.29973988188676	0.0082
full	Kexp1p3_D120	rep001	1956	ESkane_hist	1956	Degeberga	100	0.0358745535813202	0.0230960227489593	0.0379726668166935	0.00723488397569022	0.150732070854308	0.00615397837439892	0.197507590931715	0.0084
full	Kexp1p3_D120	rep001	2020	ESkane_mod	2021	Fästan	100	0.0257506178211923	0.0252634513882099	0.0116893156258223	0.0063694893210986	0.0548735992175023	0.00319346852161772	0.0649741093047683	0.016125
full	Kexp1p3_D120	rep001	2020	SESkane_mod	2022	SE Skåne	100	0.0396098741098751	0.0376157696265824	0.0187900596313728	0.0128463362249275	0.0804892910095639	0.00718830463759973	0.0925082499316412	0.1537142857
full	Kexp1p3_D120	rep001	2020	WSkane_mod	2021	Silvåkra	100	0.0307204652727625	0.0222582938569763	0.0232034555637477	0.0105462578187668	0.0987176485101508	0.00560210993013022	0.103427261316207	0.061375
full	Kexp1p3_D120	rep002	1951	WSkane_hist	1951	Torna Hällestad	100	0.0216263949203756	0.0145296752244869	0.0269265232351315	0.00704541760492901	0.129667606568861	0.00574515862308615	0.172082074461967	0.0082
full	Kexp1p3_D120	rep002	1956	ESkane_hist	1956	Degeberga	100	0.0228794895914793	0.0176402876850655	0.0181548093035355	0.004290038643006	0.0799755688957139	0.00279470863677563	0.11256012096941	0.0084
full	Kexp1p3_D120	rep002	2020	ESkane_mod	2021	Fästan	100	0.0511176105561377	0.0361998729804666	0.0436447694044563	0.00741766404090078	0.168357282684804	0.00702896854178652	0.186022483743457	0.016125
full	Kexp1p3_D120	rep002	2020	SESkane_mod	2022	SE Skåne	100	0.0265890350513808	0.0261407411196615	0.00788543531073253	0.0133199645220973	0.0434551180543232	0.0077485670948067	0.0461607921598938	0.1537142857
full	Kexp1p3_D120	rep002	2020	WSkane_mod	2021	Silvåkra	100	0.0292130928664998	0.0200576544879658	0.025052745604403	0.00722895696990572	0.101017750273493	0.00589839888657899	0.123306330900837	0.061375
full	Kexp1p3_D120	rep003	1951	WSkane_hist	1951	Torna Hällestad	100	0.0244467264541149	0.0165910659502172	0.0308244679821626	0.00749807182664605	0.129004075027105	0.00497000530276725	0.192959420840924	0.0082
full	Kexp1p3_D120	rep003	1956	ESkane_hist	1956	Degeberga	100	0.0224313830853449	0.0189246037605694	0.0169132847980668	0.00466160990195587	0.07955799185697	0.00342541100319814	0.0933167313901767	0.0084
full	Kexp1p3_D120	rep003	2020	ESkane_mod	2021	Fästan	100	0.0320754773149043	0.020651723755731	0.0327853175625429	0.00750744489514781	0.118724078509259	0.00508819937247919	0.139695184625601	0.016125
full	Kexp1p3_D120	rep003	2020	SESkane_mod	2022	SE Skåne	100	0.0360556287871975	0.02216967906331	0.0272311777365969	0.00646942566099743	0.0927792173979108	0.00306980412167027	0.120864445283169	0.1537142857
full	Kexp1p3_D120	rep003	2020	WSkane_mod	2021	Silvåkra	100	0.0249515661524475	0.019793687904438	0.0167691761090651	0.00890473336150251	0.0697746757123085	0.00781866354047697	0.0951522367301568	0.061375
full	Kexp1p3_D120	rep004	1951	WSkane_hist	1951	Torna Hällestad	100	0.0231215835642416	0.0182952287645399	0.0163286213345353	0.00574945010969915	0.0642998327771548	0.00554264425301043	0.0918737816405461	0.0082
full	Kexp1p3_D120	rep004	1956	ESkane_hist	1956	Degeberga	100	0.0295146052320396	0.0203236779791163	0.0320432016777739	0.0072975918970287	0.161319104026018	0.00455784904844329	0.173914393080031	0.0084
full	Kexp1p3_D120	rep004	2020	ESkane_mod	2021	Fästan	100	0.0788683779389181	0.0545757085071892	0.0680103998044624	0.011538405854757	0.244405089730755	0.00706969350501139	0.318755642938191	0.016125
full	Kexp1p3_D120	rep004	2020	SESkane_mod	2022	SE Skåne	100	0.0278793230393288	0.0249729798225017	0.0152153857907621	0.0059213565285665	0.0591524311725802	0.00516978672123893	0.0672109387007735	0.1537142857
full	Kexp1p3_D120	rep004	2020	WSkane_mod	2021	Silvåkra	100	0.0388098659541838	0.0197677118598065	0.0449409476983117	0.00773793362853638	0.164050524694797	0.00492775928669904	0.182458513606502	0.061375
full	Kexp1p3_D120	rep005	1951	WSkane_hist	1951	Torna Hällestad	100	0.0280723841416115	0.0170273369608248	0.0327482489576793	0.0049870790563729	0.12658051232262	0.00228551489239855	0.190028018877996	0.0082
full	Kexp1p3_D120	rep005	1956	ESkane_hist	1956	Degeberga	100	0.0269192531666693	0.0172316022202516	0.0408801802070085	0.00404144850921069	0.21221248472943	0.00330032829433576	0.234903560859597	0.0084
full	Kexp1p3_D120	rep005	2020	ESkane_mod	2021	Fästan	100	0.0446608932768896	0.0177774761926823	0.0571545936580232	0.00735729983861345	0.154398422728888	0.00596838281196858	0.262083680218602	0.016125
full	Kexp1p3_D120	rep005	2020	SESkane_mod	2022	SE Skåne	100	0.0474268021818133	0.0229176954432821	0.0485527293292769	0.00756700344761402	0.183192901198052	0.00260786594382458	0.206380618568327	0.1537142857
full	Kexp1p3_D120	rep005	2020	WSkane_mod	2021	Silvåkra	100	0.0244767711859807	0.018398041219654	0.0175620678290662	0.00609333543078515	0.0687254597879337	0.00485892454384813	0.103431360928073	0.061375
no_oland	Kexp1p2_D120	rep001	1900	NSmaland_hist_1900proxy	1936	Hjelmseryd	100	0.0532029473407374	0.0634766771122625	0.0197044157054929	0.0218862890506215	0.0713721723287622	0.0218862890506215	0.0713721723287622	NA
no_oland	Kexp1p2_D120	rep001	1951	WSkane_hist	1951	Torna Hällestad	100	0.0181264391057986	0.0124469949238154	0.0167656524427679	0.002491098483704	0.0730918748456028	0.00163387416187793	0.0798618853029057	0.0082
no_oland	Kexp1p2_D120	rep001	1956	ESkane_hist	1956	Degeberga	100	0.0269909296184316	0.0162635979929126	0.037190888944749	0.00351182953010727	0.148215694228402	0.00266318017596593	0.19744250329867	0.0084
no_oland	Kexp1p2_D120	rep001	2020	ESkane_mod	2021	Fästan	100	0.0352487710977648	0.016097561775534	0.0413269572474999	0.0057488539228366	0.147347350823066	0.00295245653649605	0.168412726868647	0.016125
no_oland	Kexp1p2_D120	rep001	2020	SESkane_mod	2022	SE Skåne	100	0.0232844067115123	0.0161282217074229	0.0234176305140166	0.00287204511689909	0.10191196213286	0	0.114026857137456	0.1537142857
no_oland	Kexp1p2_D120	rep001	2020	WSkane_mod	2021	Silvåkra	100	0.021774287805097	0.0149039420266591	0.0209315732135533	0.00311283900174722	0.0874217413147237	0.00105038512076669	0.0980728518718169	0.061375
no_oland	Kexp1p2_D120	rep002	1900	NSmaland_hist_1900proxy	1936	Hjelmseryd	100	0.0489849602047986	0.0489849602047986	0	0.0489849602047986	0.0489849602047986	0.0489849602047986	0.0489849602047986	NA
no_oland	Kexp1p2_D120	rep002	1951	WSkane_hist	1951	Torna Hällestad	100	0.0169287057999217	0.0118764270845745	0.0225334415553928	0.00170577192812016	0.063971199884472	0	0.197922288299788	0.0082
no_oland	Kexp1p2_D120	rep002	1956	ESkane_hist	1956	Degeberga	100	0.023575130532933	0.0147534068613893	0.0248681938715695	0.00344957973232466	0.0873470986807952	0.00152391417873812	0.138405912861801	0.0084
no_oland	Kexp1p2_D120	rep002	2020	ESkane_mod	2021	Fästan	100	0.0275358769623712	0.0140998144573774	0.0350030186407604	0.00298216952260478	0.106666187431724	0	0.184596658104869	0.016125
no_oland	Kexp1p2_D120	rep002	2020	SESkane_mod	2022	SE Skåne	100	0.0655909237909879	0.0372206020900454	0.0601751861921492	0.00724713503628241	0.189655033146888	0.00461479242668121	0.208706903432063	0.1537142857
no_oland	Kexp1p2_D120	rep002	2020	WSkane_mod	2021	Silvåkra	100	0.0458634566357131	0.0210817569002213	0.0535875121182113	0.00364234793693844	0.186475729245414	0.00256310316265881	0.265706975290096	0.061375
no_oland	Kexp1p2_D120	rep003	1951	WSkane_hist	1951	Torna Hällestad	100	0.0171990638784864	0.0098439131209737	0.0346589250294339	0.00305141303226713	0.122743707140977	0.00154340638054036	0.214776400841894	0.0082
no_oland	Kexp1p2_D120	rep003	1956	ESkane_hist	1956	Degeberga	100	0.0205314178500535	0.0164397508902808	0.0149717427110609	0.00198704842872142	0.057649191138186	0.00157990131904979	0.0708682639632522	0.0084
no_oland	Kexp1p2_D120	rep003	2020	ESkane_mod	2021	Fästan	100	0.0240776837195542	0.0188956049784963	0.0226180862617877	0.00399802913257791	0.0982546535178488	0	0.118010342539551	0.016125
no_oland	Kexp1p2_D120	rep003	2020	SESkane_mod	2022	SE Skåne	100	0.0271433610123632	0.0140921100461921	0.0262461661874019	0.00236026303714757	0.0911066395797517	0.00121702673414726	0.119082729064379	0.1537142857
no_oland	Kexp1p2_D120	rep003	2020	WSkane_mod	2021	Silvåkra	100	0.0138991507876755	0.0117834369121253	0.00795133749034416	0.00353559468956809	0.0305163428218624	0.00130831203988474	0.0396079836215922	0.061375
no_oland	Kexp1p2_D120	rep004	1900	NSmaland_hist_1900proxy	1936	Hjelmseryd	100	0.19810556888349	0.19724374550732	0.0803417128227567	0.0308177185250653	0.345963925447097	0.0308177185250653	0.345963925447097	NA
no_oland	Kexp1p2_D120	rep004	1951	NSmaland_hist_1951proxy	1936	Hjelmseryd	100	0.037798154548851	0.037798154548851	0	0.037798154548851	0.037798154548851	0.037798154548851	0.037798154548851	NA
no_oland	Kexp1p2_D120	rep004	1951	WSkane_hist	1951	Torna Hällestad	100	0.0150060181527456	0.0122901069741745	0.0106737343759989	0	0.0418711367130042	0	0.0461811476320461	0.0082
no_oland	Kexp1p2_D120	rep004	1956	ESkane_hist	1956	Degeberga	100	0.0238311212989802	0.0128617439405413	0.0362492188110393	0.00359370684916408	0.143915946929768	0.00233754574585795	0.219233772599966	0.0084
no_oland	Kexp1p2_D120	rep004	2020	ESkane_mod	2021	Fästan	100	0.0348980156019219	0.0165042981492893	0.0415131810938741	0.0037429294930287	0.149787703374966	0.00300794010243684	0.161474214487251	0.016125
no_oland	Kexp1p2_D120	rep004	2020	SESkane_mod	2022	SE Skåne	100	0.0349885949812428	0.0350316399281956	0.0206660378066105	0.00532143270147625	0.0850054846811828	0.00281531644949183	0.100575349028872	0.1537142857
no_oland	Kexp1p2_D120	rep004	2020	WSkane_mod	2021	Silvåkra	100	0.0323861526809602	0.0153948527933322	0.0360903751549031	0.00377874460613744	0.115037807589036	0.0025881463034878	0.161619302010801	0.061375
no_oland	Kexp1p2_D120	rep005	1900	NSmaland_hist_1900proxy	1936	Hjelmseryd	100	0.0353852771760279	0.0447753711399066	0.0175071590225628	0.00871853372502984	0.0523835621136261	0.00871853372502984	0.0523835621136261	NA
no_oland	Kexp1p2_D120	rep005	1951	WSkane_hist	1951	Torna Hällestad	100	0.0328377621278915	0.0149813891824684	0.0511308550246135	0.00182898779640452	0.198149469808496	0	0.208919898051756	0.0082
no_oland	Kexp1p2_D120	rep005	1956	ESkane_hist	1956	Degeberga	100	0.0274632777299425	0.0121534291426184	0.0482814254780703	0.00114242353765489	0.202819087317678	0	0.215402516807892	0.0084
no_oland	Kexp1p2_D120	rep005	2020	ESkane_mod	2021	Fästan	100	0.0178088249239254	0.0145181976024799	0.0109132949743632	0.00458968027495057	0.0480272990507132	0	0.0496596250442048	0.016125
no_oland	Kexp1p2_D120	rep005	2020	SESkane_mod	2022	SE Skåne	100	0.0277274314328525	0.0208844650390744	0.0186622561402998	0.00573726357303186	0.0700511667714876	0.00107962655928115	0.0830400409210805	0.1537142857
no_oland	Kexp1p2_D120	rep005	2020	WSkane_mod	2021	Silvåkra	100	0.0276937224780466	0.0174354943181575	0.0261083689790695	0.00305800298079873	0.0869153872778727	0	0.132534324791214	0.061375
no_oland	Kexp1p3_D120	rep001	1951	WSkane_hist	1951	Torna Hällestad	100	0.0308872518676024	0.0126700138093005	0.0552854132883899	0.00149630280861762	0.200900229314856	0	0.237775752806239	0.0082
no_oland	Kexp1p3_D120	rep001	1956	ESkane_hist	1956	Degeberga	100	0.0195837721790293	0.0113351853507478	0.0268613439656939	0.00169749781384162	0.12620864305094	0	0.141916595791802	0.0084
no_oland	Kexp1p3_D120	rep001	2020	ESkane_mod	2021	Fästan	100	0.0367121083786047	0.0284655387788678	0.0277877392521031	0.00736764651651267	0.102905257737369	0.00618126564921918	0.15166042802582	0.016125
no_oland	Kexp1p3_D120	rep001	2020	SESkane_mod	2022	SE Skåne	100	0.0259584255049669	0.0134134873212849	0.0341620855381481	0.00294069576919244	0.118499521323969	0.00105817023297298	0.131485459616534	0.1537142857
no_oland	Kexp1p3_D120	rep001	2020	WSkane_mod	2021	Silvåkra	100	0.0291171551053997	0.015597486600919	0.03219507554801	0.00417480197518912	0.107823435391847	0.00193279590843499	0.112937024435339	0.061375
no_oland	Kexp1p3_D120	rep002	1951	WSkane_hist	1951	Torna Hällestad	100	0.0189152952270601	0.0107234070509399	0.0288019565888786	0	0.118649738665561	0	0.165832143219237	0.0082
no_oland	Kexp1p3_D120	rep002	1956	ESkane_hist	1956	Degeberga	100	0.0269336014724825	0.0191888331066215	0.0259413593959529	0.000835151236812225	0.101806701402452	0	0.122999326140019	0.0084
no_oland	Kexp1p3_D120	rep002	2020	ESkane_mod	2021	Fästan	100	0.0423560280228033	0.0293867441613393	0.0349566118169642	0.00797120105947916	0.101225669836551	0.00418991307996467	0.209764317381182	0.016125
no_oland	Kexp1p3_D120	rep002	2020	SESkane_mod	2022	SE Skåne	100	0.0427740787627061	0.0350851774466592	0.0383084126443692	0.00346224700727965	0.148052711479414	0.00321302583761517	0.160761384674722	0.1537142857
no_oland	Kexp1p3_D120	rep002	2020	WSkane_mod	2021	Silvåkra	100	0.0227215306295367	0.0156942632652723	0.017573901754652	0.00295271026050599	0.0638657009569307	0.00271444017327297	0.0696067610979657	0.061375
no_oland	Kexp1p3_D120	rep003	1951	WSkane_hist	1951	Torna Hällestad	100	0.0182734209470101	0.011007954977249	0.0171337764077623	0.00211486825797201	0.0612913810948057	0	0.0954046901832283	0.0082
no_oland	Kexp1p3_D120	rep003	1956	ESkane_hist	1956	Degeberga	100	0.0207714061072157	0.0157269891432981	0.0254410708179106	0.00324513809274642	0.0575973397637971	0.00234616074124908	0.184529523893932	0.0084
no_oland	Kexp1p3_D120	rep003	2020	ESkane_mod	2021	Fästan	100	0.0431030175906533	0.0175260505478141	0.0495126549080857	0.00520606547324189	0.140924094930948	0.00452951588839118	0.150097546229289	0.016125
no_oland	Kexp1p3_D120	rep003	2020	SESkane_mod	2022	SE Skåne	100	0.0353747625185693	0.0172691293939916	0.0452658958789769	0.00547049163755546	0.163762675935327	0.00356391941059914	0.219361304930676	0.1537142857
no_oland	Kexp1p3_D120	rep003	2020	WSkane_mod	2021	Silvåkra	100	0.0218008913808676	0.0156132910888667	0.0191787981797602	0.00415324479566217	0.0703957539977736	0.00248348676340563	0.08615424720564	0.061375
no_oland	Kexp1p3_D120	rep004	1951	WSkane_hist	1951	Torna Hällestad	100	0.0221795521018445	0.0146026805961019	0.045302393852083	0.00101519482724274	0.0921658744021474	0	0.403973320578182	0.0082
no_oland	Kexp1p3_D120	rep004	1956	ESkane_hist	1956	Degeberga	100	0.0156467143270111	0.0123864833614638	0.013224375965652	0.000721533496036922	0.0527070404706967	0	0.0787014950064274	0.0084
no_oland	Kexp1p3_D120	rep004	2020	ESkane_mod	2021	Fästan	100	0.0296875027922553	0.0257748117935981	0.0164147504788012	0.00794473693507284	0.0705186766631086	0.00481066533330503	0.0948506473306504	0.016125
no_oland	Kexp1p3_D120	rep004	2020	SESkane_mod	2022	SE Skåne	100	0.0357251658720484	0.0292445485012325	0.0338414872162162	0.00532548103360731	0.158612178694926	0.00496125159384978	0.197104830305287	0.1537142857
no_oland	Kexp1p3_D120	rep004	2020	WSkane_mod	2021	Silvåkra	100	0.0143363847874263	0.0110818319198905	0.0102653643039709	0.00392021769235986	0.0392260902501339	0.000972815299405436	0.05794982787828	0.061375
no_oland	Kexp1p3_D120	rep005	1951	WSkane_hist	1951	Torna Hällestad	100	0.0211636235021826	0.0110612150686599	0.0389272325927313	0.00225116337300622	0.202374352900478	0	0.2088919044816	0.0082
no_oland	Kexp1p3_D120	rep005	1956	ESkane_hist	1956	Degeberga	100	0.0139830101754562	0.0112322340898777	0.0139976862286356	0.00127761208028948	0.0464719008858209	0	0.0932586163253439	0.0084
no_oland	Kexp1p3_D120	rep005	2020	ESkane_mod	2021	Fästan	100	0.0482782884581426	0.0331773098530291	0.0420181340916688	0.00524001574715794	0.124670670108739	0.000952446361711324	0.187539927637138	0.016125
no_oland	Kexp1p3_D120	rep005	2020	SESkane_mod	2022	SE Skåne	100	0.0262946863503817	0.0189697092674425	0.0213070320316894	0.00211580350440984	0.0798722011991297	0	0.0923159029679109	0.1537142857
no_oland	Kexp1p3_D120	rep005	2020	WSkane_mod	2021	Silvåkra	100	0.02463453955148	0.0195293274999278	0.0197929006685416	0.00403075694742823	0.0836583210254592	0.0031981427247526	0.0871312395898911	0.061375
skane_only	Kexp1p2_D120	rep001	1951	WSkane_hist	1951	Torna Hällestad	100	0.0210464983013533	0.0143071728255362	0.0312125779927748	0.00211714415588514	0.155905666885089	0	0.18237366778109	0.0082
skane_only	Kexp1p2_D120	rep001	1956	ESkane_hist	1956	Degeberga	100	0.0287068436376787	0.015575679248227	0.0463445471596317	0.0018713125766692	0.210461358052792	0	0.216137787038037	0.0084
skane_only	Kexp1p2_D120	rep001	2020	ESkane_mod	2021	Fästan	100	0.0363442470424302	0.0190043092537498	0.0444170018425227	0.00208860052757034	0.142705592242455	0.00163185857317806	0.146379282196311	0.016125
skane_only	Kexp1p2_D120	rep001	2020	SESkane_mod	2022	SE Skåne	100	0.0305788447573035	0.0209410645848482	0.0283068791464507	0.00317415635226456	0.100215079749616	0	0.130710095274574	0.1537142857
skane_only	Kexp1p2_D120	rep001	2020	WSkane_mod	2021	Silvåkra	100	0.0165601573946229	0.0147279686083616	0.0121989152116617	0.00348817380123088	0.0564396985637387	0.000935821951390457	0.0576154932325028	0.061375
skane_only	Kexp1p2_D120	rep002	1951	WSkane_hist	1951	Torna Hällestad	100	0.016313693158139	0.010975297533689	0.0254785205490327	0.00177033274490022	0.0793701841827125	0	0.203350427488157	0.0082
skane_only	Kexp1p2_D120	rep002	1956	ESkane_hist	1956	Degeberga	100	0.0195505605454181	0.00994349688964061	0.0291843071206649	0	0.132608073903439	0	0.13859867596611	0.0084
skane_only	Kexp1p2_D120	rep002	2020	ESkane_mod	2021	Fästan	100	0.0277602766100448	0.020418417104092	0.0261405247416721	0.00566327258831907	0.106944818036371	0.00423165164801298	0.129764194457387	0.016125
skane_only	Kexp1p2_D120	rep002	2020	SESkane_mod	2022	SE Skåne	100	0.0203449866640594	0.0144844295284117	0.0198399931324109	0.00484019821779238	0.0876308187529738	0.00354722213878505	0.0926605322970725	0.1537142857
skane_only	Kexp1p2_D120	rep002	2020	WSkane_mod	2021	Silvåkra	100	0.0341286237534533	0.0164912536362589	0.0402898674470562	0.00339579857056154	0.135947610466011	0.00107224541332842	0.150057124701903	0.061375
skane_only	Kexp1p2_D120	rep003	1951	WSkane_hist	1951	Torna Hällestad	100	0.0199177312357989	0.0127603369744085	0.0280549583848844	0	0.119960215042267	0	0.123811738798918	0.0082
skane_only	Kexp1p2_D120	rep003	1956	ESkane_hist	1956	Degeberga	100	0.0312015245236329	0.0149429522545903	0.0454190345497973	0.0025758867208678	0.165394086972923	0	0.262948769339128	0.0084
skane_only	Kexp1p2_D120	rep003	2020	ESkane_mod	2021	Fästan	100	0.0330808693568488	0.0175689512105643	0.0301181229953562	0.00629423691025567	0.112514053921401	0.00526239091223349	0.120135348911703	0.016125
skane_only	Kexp1p2_D120	rep003	2020	SESkane_mod	2022	SE Skåne	100	0.0275057846307375	0.0206583730587106	0.0204773670274394	0.00476851025575874	0.0870736708940278	0.00340050307116543	0.0895820512016269	0.1537142857
skane_only	Kexp1p2_D120	rep003	2020	WSkane_mod	2021	Silvåkra	100	0.0144116602464808	0.0129092129266869	0.00852450120324491	0.00385596466927379	0.0386610948163913	0.00327407270136764	0.0529343110733318	0.061375
skane_only	Kexp1p2_D120	rep004	1951	WSkane_hist	1951	Torna Hällestad	100	0.0231819588774454	0.0156955351133629	0.0279612930227881	0.00266531920494749	0.12215308387137	0.00204615437297011	0.129381126724671	0.0082
skane_only	Kexp1p2_D120	rep004	1956	ESkane_hist	1956	Degeberga	100	0.0226679940370597	0.00970904815715281	0.0325993954687727	0.000656466780696564	0.107235095993412	0	0.14041660526933	0.0084
skane_only	Kexp1p2_D120	rep004	2020	ESkane_mod	2021	Fästan	100	0.0265680052138283	0.0162087161337843	0.0251572328633326	0.00283424471255949	0.0866737332354281	0	0.10425986343373	0.016125
skane_only	Kexp1p2_D120	rep004	2020	SESkane_mod	2022	SE Skåne	100	0.0464512469213437	0.018889248043787	0.0542187493937573	0.00408545349395504	0.1638701859277	0.00119577700245279	0.219301554817044	0.1537142857
skane_only	Kexp1p2_D120	rep004	2020	WSkane_mod	2021	Silvåkra	100	0.0224296795836334	0.0188269865143817	0.0155237017055526	0.00612528109134018	0.0720346159669539	0.00240662711102896	0.0884622770372824	0.061375
skane_only	Kexp1p2_D120	rep005	1951	WSkane_hist	1951	Torna Hällestad	100	0.0147061251016123	0.0116131325791493	0.0102091610433956	0.00251074614795304	0.0411488690313589	0	0.0513995829577831	0.0082
skane_only	Kexp1p2_D120	rep005	1956	ESkane_hist	1956	Degeberga	100	0.0242588876357204	0.0139402452970156	0.0243572612621989	0.00207069187348208	0.0831746064333872	0	0.108889389192178	0.0084
skane_only	Kexp1p2_D120	rep005	2020	ESkane_mod	2021	Fästan	100	0.0247767478562839	0.0178647139963563	0.0235505173953165	0.00545907511774989	0.0869521144739205	0.00402820114609395	0.0905097006759104	0.016125
skane_only	Kexp1p2_D120	rep005	2020	SESkane_mod	2022	SE Skåne	100	0.0437088411050796	0.0255651980394201	0.043241270955017	0.00254350766354972	0.150072811135786	0.0011850119474034	0.198821469220763	0.1537142857
skane_only	Kexp1p2_D120	rep005	2020	WSkane_mod	2021	Silvåkra	100	0.0113901005232577	0.0106174750171589	0.00609037668800628	0.00246561778193928	0.0276690463331806	0.00126095668077656	0.0315268480804959	0.061375
skane_only	Kexp1p3_D120	rep001	1951	WSkane_hist	1951	Torna Hällestad	100	0.0201192284372941	0.0127108988833509	0.0320265690377396	0.00156494386901819	0.0702483556489085	0.00129688735774734	0.23245004322734	0.0082
skane_only	Kexp1p3_D120	rep001	1956	ESkane_hist	1956	Degeberga	100	0.0380161981539841	0.0197071893221161	0.0460712562971144	0.0021031176728315	0.16422101538257	0.00139197252870103	0.197455064251183	0.0084
skane_only	Kexp1p3_D120	rep001	2020	ESkane_mod	2021	Fästan	100	0.045823274758079	0.0273926929499433	0.0464771179540248	0.00815563275178499	0.18278091515371	0.00332057585769432	0.213384423148327	0.016125
skane_only	Kexp1p3_D120	rep001	2020	SESkane_mod	2022	SE Skåne	100	0.0263809128918676	0.0210055663745958	0.0215828679905399	0.00406292379795304	0.0872974468012044	0.00175233551337135	0.0956140162728527	0.1537142857
skane_only	Kexp1p3_D120	rep001	2020	WSkane_mod	2021	Silvåkra	100	0.0186041320652969	0.016843436119835	0.00973419461677106	0.00488778903942233	0.0388480632645905	0.00282445826114788	0.0415168855717369	0.061375
skane_only	Kexp1p3_D120	rep002	1951	WSkane_hist	1951	Torna Hällestad	100	0.0128828152482733	0.012106284251773	0.00913387154976257	0.000875410070939943	0.0289074688033094	0	0.0619643253454042	0.0082
skane_only	Kexp1p3_D120	rep002	1956	ESkane_hist	1956	Degeberga	100	0.0164459924234524	0.0125974009674516	0.0136301058972892	0.00202305322150987	0.0528829090422278	0	0.0707391939783455	0.0084
skane_only	Kexp1p3_D120	rep002	2020	ESkane_mod	2021	Fästan	100	0.0452650954294092	0.0274907479184689	0.0341664257034077	0.0106979731557673	0.128475330395145	0.00906482288204754	0.146542608150602	0.016125
skane_only	Kexp1p3_D120	rep002	2020	SESkane_mod	2022	SE Skåne	100	0.0615502948352313	0.0424655966290488	0.0507070008559876	0.00506454410475149	0.158849862662172	0.00440903156981884	0.266470750043147	0.1537142857
skane_only	Kexp1p3_D120	rep002	2020	WSkane_mod	2021	Silvåkra	100	0.0188743152098725	0.0110812831529478	0.0219102298875468	0.00300133601508636	0.0911101348331999	0.00079121217788478	0.117369770115459	0.061375
skane_only	Kexp1p3_D120	rep003	1951	WSkane_hist	1951	Torna Hällestad	100	0.011321623550629	0.00969315070162888	0.00729920593770998	0.00164679226482909	0.026517101204865	0	0.0339889458453023	0.0082
skane_only	Kexp1p3_D120	rep003	1956	ESkane_hist	1956	Degeberga	100	0.0432610132360521	0.0182486726683435	0.0567523816930834	0.00387268369347165	0.214015570984386	0.00197808144775721	0.218218690625031	0.0084
skane_only	Kexp1p3_D120	rep003	2020	ESkane_mod	2021	Fästan	100	0.066408899922935	0.0326664465659301	0.0704182235356911	0.00589365366654565	0.262655375612508	0.003673930120095	0.302779616900245	0.016125
skane_only	Kexp1p3_D120	rep003	2020	SESkane_mod	2022	SE Skåne	100	0.0325711858080007	0.0297951120791643	0.0231147157392225	0.00370901173009538	0.0905377715345869	0.00211541079018433	0.0984472843185989	0.1537142857
skane_only	Kexp1p3_D120	rep003	2020	WSkane_mod	2021	Silvåkra	100	0.0279600624463209	0.0181552538120709	0.0304495432070455	0.00491349150759269	0.133272934106803	0.00148817201935234	0.149504522846756	0.061375
skane_only	Kexp1p3_D120	rep004	1951	WSkane_hist	1951	Torna Hällestad	100	0.0147758222736781	0.0118046871049685	0.0134607481321685	0.00183385155009746	0.0579832089194745	0	0.0670451479989581	0.0082
skane_only	Kexp1p3_D120	rep004	1956	ESkane_hist	1956	Degeberga	100	0.0200056090437619	0.0136239127893894	0.0204014941422534	0.00180835880774042	0.0703700347115105	0	0.114980666101321	0.0084
skane_only	Kexp1p3_D120	rep004	2020	ESkane_mod	2021	Fästan	100	0.0313934224355243	0.016346466320507	0.0377192630009922	0.00441143722113924	0.145598319693699	0.00189986989187716	0.180686273993317	0.016125
skane_only	Kexp1p3_D120	rep004	2020	SESkane_mod	2022	SE Skåne	100	0.0609606620023358	0.0282504373552634	0.0540172893982689	0.00782457177750973	0.17628206234962	0.00370266982883334	0.201929456454072	0.1537142857
skane_only	Kexp1p3_D120	rep004	2020	WSkane_mod	2021	Silvåkra	100	0.0230649595702088	0.0174683945103886	0.0177975170137152	0.0051550441895549	0.0692958471796917	0.00206016794386039	0.0890217481633351	0.061375
skane_only	Kexp1p3_D120	rep005	1951	WSkane_hist	1951	Torna Hällestad	100	0.0153506212739047	0.0103911719229243	0.0166579595404072	0.0016808777936563	0.0743646007050351	0	0.0954725565138275	0.0082
skane_only	Kexp1p3_D120	rep005	1956	ESkane_hist	1956	Degeberga	100	0.0223374864532038	0.012882661645178	0.0319850730545803	0.00360613790531345	0.128601255558106	0	0.201275236242232	0.0084
skane_only	Kexp1p3_D120	rep005	2020	ESkane_mod	2021	Fästan	100	0.0178569417133067	0.0137909296855749	0.0131431546901915	0.00232673552129425	0.0473942825018133	0	0.0538245982806473	0.016125
skane_only	Kexp1p3_D120	rep005	2020	SESkane_mod	2022	SE Skåne	100	0.0491671361713722	0.0237358211810876	0.0574884467007776	0.00270806138011562	0.200297886006596	0.00132459612247144	0.218266139505094	0.1537142857
skane_only	Kexp1p3_D120	rep005	2020	WSkane_mod	2021	Silvåkra	100	0.0211775218320149	0.016820458925143	0.0211186857788203	0.00489064746958527	0.0832158697692627	0.00232963188093705	0.140917850285945	0.061375
skane_only	Kexp1p5_D120	rep001	1951	WSkane_hist	1951	Torna Hällestad	100	0.0263029163567102	0.0188324883871876	0.0224007633556444	0.00307143101736123	0.0880318849346507	0	0.104061035486292	0.0082
skane_only	Kexp1p5_D120	rep001	1956	ESkane_hist	1956	Degeberga	100	0.0301291090312887	0.0175423205192508	0.0356843971215349	0.00221107239700213	0.138346155628032	0	0.149515517553854	0.0084
skane_only	Kexp1p5_D120	rep001	2020	ESkane_mod	2021	Fästan	100	0.0344463534862764	0.0272301804619445	0.0252445690688434	0.00572102159332068	0.0940296317815134	0.00436518924144088	0.108202773284775	0.016125
skane_only	Kexp1p5_D120	rep001	2020	SESkane_mod	2022	SE Skåne	100	0.0389925168700919	0.0287514993880778	0.029652751146233	0.00897126632677574	0.106524567607987	0.00801782628186442	0.124486889996477	0.1537142857
skane_only	Kexp1p5_D120	rep001	2020	WSkane_mod	2021	Silvåkra	100	0.0273000431421202	0.0191186432322265	0.0272287066701302	0.00566767160097242	0.10848437885186	0.00425371853518841	0.124700069813485	0.061375
skane_only	Kexp1p5_D120	rep002	1951	WSkane_hist	1951	Torna Hällestad	100	0.0268883705774356	0.015903937429929	0.0390063251586772	0.00446017886238573	0.160803810833914	0.00181653478957745	0.219497573262195	0.0082
skane_only	Kexp1p5_D120	rep002	1956	ESkane_hist	1956	Degeberga	100	0.0182467133250272	0.0158992632267941	0.0148435751638785	0.0030687961613068	0.0465261885271916	0.00222078879992753	0.107659025300041	0.0084
skane_only	Kexp1p5_D120	rep002	2020	ESkane_mod	2021	Fästan	100	0.0878090316476607	0.0706960699351691	0.0622520498314255	0.00708091094692693	0.193757259863847	0.00592909755495791	0.261081928761116	0.016125
skane_only	Kexp1p5_D120	rep002	2020	SESkane_mod	2022	SE Skåne	100	0.037926449336659	0.0302483327021499	0.0254536572782294	0.00971494182188693	0.0955750383253298	0.00236180438053332	0.101570397228982	0.1537142857
skane_only	Kexp1p5_D120	rep002	2020	WSkane_mod	2021	Silvåkra	100	0.0329548988721948	0.0194817945985735	0.0367343756283044	0.00404883413752869	0.129243256616231	0.0012082234056306	0.149287178857066	0.061375
skane_only	Kexp1p5_D120	rep003	1951	WSkane_hist	1951	Torna Hällestad	100	0.0257794757444753	0.0147400350250179	0.040377601538273	0.00278533414793589	0.205786167912148	0	0.218124958648797	0.0082
skane_only	Kexp1p5_D120	rep003	1956	ESkane_hist	1956	Degeberga	100	0.035627113456442	0.017681322540211	0.0508639399099921	0.00221120590877122	0.165440360292743	0	0.289433134852723	0.0084
skane_only	Kexp1p5_D120	rep003	2020	ESkane_mod	2021	Fästan	100	0.0228581694017986	0.0172439520588935	0.0176223244176295	0.00414810284940973	0.0650029804178263	0.00314990933853621	0.0670208227744118	0.016125
skane_only	Kexp1p5_D120	rep003	2020	SESkane_mod	2022	SE Skåne	100	0.0367084945499935	0.0181070992822807	0.0365262774779116	0.00422469309872095	0.119755555150237	0.00108730745188321	0.143675228013864	0.1537142857
skane_only	Kexp1p5_D120	rep003	2020	WSkane_mod	2021	Silvåkra	100	0.0216222742616838	0.0161393003435824	0.0168174746706181	0.00488940305984184	0.0616725099693522	0.00373674779482201	0.0692328442154205	0.061375
skane_only	Kexp1p5_D120	rep004	1951	WSkane_hist	1951	Torna Hällestad	100	0.0401864989490274	0.0214088936605358	0.0566060980539772	0.00292510495910228	0.224444337187407	0	0.33746027766626	0.0082
skane_only	Kexp1p5_D120	rep004	1956	ESkane_hist	1956	Degeberga	100	0.0270750667210217	0.0209444689689467	0.0336632758673746	0.00295069273498162	0.155572978281896	0	0.171878206897172	0.0084
skane_only	Kexp1p5_D120	rep004	2020	ESkane_mod	2021	Fästan	100	0.0226733287489989	0.0210747359113965	0.00926386596440717	0.00845197400249535	0.0463329231720082	0.00646630811138487	0.0575277938189887	0.016125
skane_only	Kexp1p5_D120	rep004	2020	SESkane_mod	2022	SE Skåne	100	0.0537585487283242	0.0419683270830715	0.0413344541310459	0.00980840485620415	0.141924741153366	0.00602619517880037	0.175108996920213	0.1537142857
skane_only	Kexp1p5_D120	rep004	2020	WSkane_mod	2021	Silvåkra	100	0.0297559908435201	0.0163983022002998	0.0366006537441581	0.00465458229564733	0.129829139572428	0.00188107623811248	0.203141145853266	0.061375
skane_only	Kexp1p5_D120	rep005	1951	WSkane_hist	1951	Torna Hällestad	100	0.0183802833538094	0.0129934686662339	0.0182268499374367	0.00357812599988565	0.071800732625819	0.00225133381356251	0.093563043818356	0.0082
skane_only	Kexp1p5_D120	rep005	1956	ESkane_hist	1956	Degeberga	100	0.0278864871059911	0.0177810767494341	0.036074695257234	0.00399801509060026	0.158076797054208	0	0.170842331174368	0.0084
skane_only	Kexp1p5_D120	rep005	2020	ESkane_mod	2021	Fästan	100	0.0492750203121242	0.0350797976860267	0.0499868897756319	0.00417882685790924	0.189395129513904	0.00309144951894186	0.250578032360877	0.016125
skane_only	Kexp1p5_D120	rep005	2020	SESkane_mod	2022	SE Skåne	100	0.0344591861014831	0.0318861225697952	0.0176220132579113	0.0114339349936619	0.072432503565989	0.00701745089207296	0.0957998333711143	0.1537142857
skane_only	Kexp1p5_D120	rep005	2020	WSkane_mod	2021	Silvåkra	100	0.0268809429200258	0.0190253270276525	0.0276059372649834	0.00368321735499085	0.120579756683452	0.00125343534562168	0.152753087569414	0.061375
