sit_uid	sit_name	reg_code	sum	count_per_1000m	date	year	week	day_of_year	length_of_transect	lat	lon	site_category	county	corine_1
6	Rökepipan	SGot	3	1.9238896999501	2011/06/28	2011	26	179	1559.34095394233	6170800.35223422	396925.37038342	True	Skåne län	12.0
6	Rökepipan	SGot	1	0.641296566650032	2014/06/07	2014	23	158	1559.34095394233	6170800.35223422	396925.37038342	True	Skåne län	12.0
17	NV Krankesjön	SGot	3	1.78351869211022	2012/07/08	2012	27	190	1682.06815732919	6174534.28923638	404470.209251792	True	Skåne län	18.0
17	NV Krankesjön	SGot	2	1.18901246140681	2013/06/10	2013	24	161	1682.06815732919	6174534.28923638	404470.209251792	True	Skåne län	18.0
17	NV Krankesjön	SGot	2	1.18901246140681	2013/07/12	2013	28	193	1682.06815732919	6174534.28923638	404470.209251792	True	Skåne län	18.0
19	Vankiva skola	SGot	1	0.39112074201698	2014/06/08	2014	23	159	2556.75522306251	6229406.01386371	422621.236525137	True	Skåne län	12.0
32	Gamla Mörtforsvägen	OGot	1	0.520158788555933	2012/07/03	2012	27	185	1922.48986655826	6374558.72244457	589130.264321542	True	Kalmar län	24.0
32	Gamla Mörtforsvägen	OGot	2	1.04031757711187	2013/06/17	2013	25	168	1922.48986655826	6374558.72244457	589130.264321542	True	Kalmar län	24.0
32	Gamla Mörtforsvägen	OGot	1	0.520158788555933	2014/07/20	2014	29	201	1922.48986655826	6374558.72244457	589130.264321542	True	Kalmar län	24.0
32	Gamla Mörtforsvägen	OGot	1	0.520158788555933	2015/08/01	2015	31	213	1922.48986655826	6374558.72244457	589130.264321542	True	Kalmar län	24.0
37	Lammakulla Mellangård	OGot	3	0.986404207869197	2010/07/04	2010	26	185	3041.34955636545	6289876.47019509	451608.484145214	True	Kronobergs län	18.0
37	Lammakulla Mellangård	OGot	2	0.657602805246131	2011/06/03	2011	22	154	3041.34955636545	6289876.47019509	451608.484145214	True	Kronobergs län	18.0
37	Lammakulla Mellangård	OGot	1	0.328801402623066	2011/06/26	2011	25	177	3041.34955636545	6289876.47019509	451608.484145214	True	Kronobergs län	18.0
37	Lammakulla Mellangård	OGot	1	0.328801402623066	2012/06/20	2012	25	172	3041.34955636545	6289876.47019509	451608.484145214	True	Kronobergs län	18.0
37	Lammakulla Mellangård	OGot	2	0.657602805246131	2012/06/26	2012	26	178	3041.34955636545	6289876.47019509	451608.484145214	True	Kronobergs län	18.0
37	Lammakulla Mellangård	OGot	2	0.657602805246131	2013/06/11	2013	24	162	3041.34955636545	6289876.47019509	451608.484145214	True	Kronobergs län	18.0
37	Lammakulla Mellangård	OGot	2	0.657602805246131	2013/06/15	2013	24	166	3041.34955636545	6289876.47019509	451608.484145214	True	Kronobergs län	18.0
37	Lammakulla Mellangård	OGot	6	1.97280841573839	2013/06/24	2013	26	175	3041.34955636545	6289876.47019509	451608.484145214	True	Kronobergs län	18.0
37	Lammakulla Mellangård	OGot	22	7.23363085770745	2014/06/08	2014	23	159	3041.34955636545	6289876.47019509	451608.484145214	True	Kronobergs län	18.0
37	Lammakulla Mellangård	OGot	7	2.30160981836146	2014/06/25	2014	26	176	3041.34955636545	6289876.47019509	451608.484145214	True	Kronobergs län	18.0
37	Lammakulla Mellangård	OGot	2	0.657602805246131	2014/07/05	2014	27	186	3041.34955636545	6289876.47019509	451608.484145214	True	Kronobergs län	18.0
37	Lammakulla Mellangård	OGot	5	1.64400701311533	2015/07/01	2015	27	182	3041.34955636545	6289876.47019509	451608.484145214	True	Kronobergs län	18.0
37	Lammakulla Mellangård	OGot	7	2.30160981836146	2015/07/16	2015	29	197	3041.34955636545	6289876.47019509	451608.484145214	True	Kronobergs län	18.0
37	Lammakulla Mellangård	OGot	26	8.54883646819971	2016/06/20	2016	25	172	3041.34955636545	6289876.47019509	451608.484145214	True	Kronobergs län	18.0
37	Lammakulla Mellangård	OGot	6	1.97280841573839	2017/06/28	2017	26	179	3041.34955636545	6289876.47019509	451608.484145214	True	Kronobergs län	18.0
37	Lammakulla Mellangård	OGot	5	1.64400701311533	2017/07/06	2017	27	187	3041.34955636545	6289876.47019509	451608.484145214	True	Kronobergs län	18.0
37	Lammakulla Mellangård	OGot	11	3.61681542885372	2018/06/03	2018	22	154	3041.34955636545	6289876.47019509	451608.484145214	True	Kronobergs län	18.0
37	Lammakulla Mellangård	OGot	17	5.58962384459212	2018/06/16	2018	24	167	3041.34955636545	6289876.47019509	451608.484145214	True	Kronobergs län	18.0
37	Lammakulla Mellangård	OGot	7	2.30160981836146	2019/05/31	2019	22	151	3041.34955636545	6289876.47019509	451608.484145214	True	Kronobergs län	18.0
37	Lammakulla Mellangård	OGot	4	1.31520561049226	2019/06/25	2019	26	176	3041.34955636545	6289876.47019509	451608.484145214	True	Kronobergs län	18.0
37	Lammakulla Mellangård	OGot	1	0.328801402623066	2021/06/05	2021	22	156	3041.34955636545	6289876.47019509	451608.484145214	True	Kronobergs län	18.0
37	Lammakulla Mellangård	OGot	3	0.986404207869197	2022/06/22	2022	25	173	3041.34955636545	6289876.47019509	451608.484145214	True	Kronobergs län	18.0
37	Lammakulla Mellangård	OGot	1	0.328801402623066	2024/06/24	2024	26	176	3041.34955636545	6289876.47019509	451608.484145214	True	Kronobergs län	18.0
45	Rone Domerarve	OGot	1	0.675233412529146	2012/06/11	2012	24	163	1480.96936769526	6346564.48356012	710106.693046148	True	Gotlands län	12.0
45	Rone Domerarve	OGot	2	1.35046682505829	2012/06/20	2012	25	172	1480.96936769526	6346564.48356012	710106.693046148	True	Gotlands län	12.0
45	Rone Domerarve	OGot	1	0.675233412529146	2013/07/03	2013	27	184	1480.96936769526	6346564.48356012	710106.693046148	True	Gotlands län	12.0
45	Rone Domerarve	OGot	1	0.675233412529146	2015/07/02	2015	27	183	1480.96936769526	6346564.48356012	710106.693046148	True	Gotlands län	12.0
51	Bildstenar, Ängegård Buttle	OGot	1	0.978527262706759	2018/07/08	2018	27	189	1021.94393361494	6366883.55168567	710560.761253366	True	Gotlands län	21.0
51	Bildstenar, Ängegård Buttle	OGot	1	0.978527262706759	2021/06/20	2021	24	171	1021.94393361494	6366883.55168567	710560.761253366	True	Gotlands län	21.0
56	Mallgårds Klint	OGot	1	0.467563505363903	2010/07/08	2010	27	189	2138.74690502567	6357784.6016961	698416.157507787	True	Gotlands län	24.0
56	Mallgårds Klint	OGot	1	0.467563505363903	2014/06/27	2014	26	178	2138.74690502567	6357784.6016961	698416.157507787	True	Gotlands län	24.0
56	Mallgårds Klint	OGot	1	0.467563505363903	2016/06/20	2016	25	172	2138.74690502567	6357784.6016961	698416.157507787	True	Gotlands län	24.0
57	Russparkens vinterhage	OGot	10	3.79047125337472	2022/06/04	2022	22	155	2638.1943910264	6357439.83544775	700793.943593631	True	Gotlands län	24.0
61	Svalsjö	OGot	9	2.70139383068869	2010/06/24	2010	25	175	3331.6134425707	6430712.86714821	525032.578622796	True	Östergötlands län	24.0
61	Svalsjö	OGot	5	1.50077435038261	2011/06/26	2011	25	177	3331.6134425707	6430712.86714821	525032.578622796	True	Östergötlands län	24.0
61	Svalsjö	OGot	6	1.80092922045913	2011/07/09	2011	27	190	3331.6134425707	6430712.86714821	525032.578622796	True	Östergötlands län	24.0
61	Svalsjö	OGot	2	0.600309740153043	2012/06/13	2012	24	165	3331.6134425707	6430712.86714821	525032.578622796	True	Östergötlands län	24.0
61	Svalsjö	OGot	5	1.50077435038261	2012/07/24	2012	30	206	3331.6134425707	6430712.86714821	525032.578622796	True	Östergötlands län	24.0
61	Svalsjö	OGot	6	1.80092922045913	2013/06/20	2013	25	171	3331.6134425707	6430712.86714821	525032.578622796	True	Östergötlands län	24.0
61	Svalsjö	OGot	1	0.300154870076521	2013/07/13	2013	28	194	3331.6134425707	6430712.86714821	525032.578622796	True	Östergötlands län	24.0
61	Svalsjö	OGot	5	1.50077435038261	2014/07/17	2014	29	198	3331.6134425707	6430712.86714821	525032.578622796	True	Östergötlands län	24.0
63	Trunelän, Maglehem	SGot	7	4.04742182187678	2010/07/03	2010	26	184	1729.49603675213	6181324.3380112	444952.437453613	True	Skåne län	23.0
63	Trunelän, Maglehem	SGot	3	1.73460935223291	2010/07/14	2010	28	195	1729.49603675213	6181324.3380112	444952.437453613	True	Skåne län	23.0
63	Trunelän, Maglehem	SGot	5	2.89101558705485	2011/06/27	2011	26	178	1729.49603675213	6181324.3380112	444952.437453613	True	Skåne län	23.0
63	Trunelän, Maglehem	SGot	1	0.578203117410969	2012/07/24	2012	30	206	1729.49603675213	6181324.3380112	444952.437453613	True	Skåne län	23.0
63	Trunelän, Maglehem	SGot	1	0.578203117410969	2012/08/03	2012	31	216	1729.49603675213	6181324.3380112	444952.437453613	True	Skåne län	23.0
63	Trunelän, Maglehem	SGot	6	3.46921870446581	2013/06/07	2013	23	158	1729.49603675213	6181324.3380112	444952.437453613	True	Skåne län	23.0
63	Trunelän, Maglehem	SGot	6	3.46921870446581	2013/07/07	2013	27	188	1729.49603675213	6181324.3380112	444952.437453613	True	Skåne län	23.0
63	Trunelän, Maglehem	SGot	1	0.578203117410969	2013/07/15	2013	29	196	1729.49603675213	6181324.3380112	444952.437453613	True	Skåne län	23.0
63	Trunelän, Maglehem	SGot	12	6.93843740893163	2014/07/04	2014	27	185	1729.49603675213	6181324.3380112	444952.437453613	True	Skåne län	23.0
63	Trunelän, Maglehem	SGot	1	0.578203117410969	2014/07/19	2014	29	200	1729.49603675213	6181324.3380112	444952.437453613	True	Skåne län	23.0
63	Trunelän, Maglehem	SGot	5	2.89101558705485	2015/06/29	2015	27	180	1729.49603675213	6181324.3380112	444952.437453613	True	Skåne län	23.0
63	Trunelän, Maglehem	SGot	2	1.15640623482194	2015/07/07	2015	28	188	1729.49603675213	6181324.3380112	444952.437453613	True	Skåne län	23.0
63	Trunelän, Maglehem	SGot	4	2.31281246964388	2015/07/14	2015	29	195	1729.49603675213	6181324.3380112	444952.437453613	True	Skåne län	23.0
63	Trunelän, Maglehem	SGot	3	1.73460935223291	2016/07/01	2016	26	183	1729.49603675213	6181324.3380112	444952.437453613	True	Skåne län	23.0
63	Trunelän, Maglehem	SGot	1	0.578203117410969	2016/07/07	2016	27	189	1729.49603675213	6181324.3380112	444952.437453613	True	Skåne län	23.0
63	Trunelän, Maglehem	SGot	11	6.36023429152066	2017/06/27	2017	26	178	1729.49603675213	6181324.3380112	444952.437453613	True	Skåne län	23.0
63	Trunelän, Maglehem	SGot	13	7.5166405263426	2017/07/06	2017	27	187	1729.49603675213	6181324.3380112	444952.437453613	True	Skåne län	23.0
63	Trunelän, Maglehem	SGot	1	0.578203117410969	2017/07/19	2017	29	200	1729.49603675213	6181324.3380112	444952.437453613	True	Skåne län	23.0
63	Trunelän, Maglehem	SGot	2	1.15640623482194	2017/07/31	2017	31	212	1729.49603675213	6181324.3380112	444952.437453613	True	Skåne län	23.0
63	Trunelän, Maglehem	SGot	10	5.78203117410969	2018/06/08	2018	23	159	1729.49603675213	6181324.3380112	444952.437453613	True	Skåne län	23.0
63	Trunelän, Maglehem	SGot	2	1.15640623482194	2020/06/25	2020	26	177	1729.49603675213	6181324.3380112	444952.437453613	True	Skåne län	23.0
63	Trunelän, Maglehem	SGot	2	1.15640623482194	2022/06/21	2022	25	172	1729.49603675213	6181324.3380112	444952.437453613	True	Skåne län	23.0
63	Trunelän, Maglehem	SGot	6	3.46921870446581	2022/07/12	2022	28	193	1729.49603675213	6181324.3380112	444952.437453613	True	Skåne län	23.0
63	Trunelän, Maglehem	SGot	18	10.4076561133974	2023/06/08	2023	23	159	1729.49603675213	6181324.3380112	444952.437453613	True	Skåne län	23.0
74	Snogehall	SGot	1	0.541952266288702	2018/06/15	2018	24	166	1845.18095449257	6201322.56108703	407926.372836163	True	Skåne län	12.0
76	Linjevägen pkt 13 - slinga	SGot	1	1.38976264830915	2011/06/28	2011	26	179	719.547327895626	6245227.63834264	496757.020750042	True	Blekinge län	24.0
76	Linjevägen pkt 13 - slinga	SGot	1	1.38976264830915	2012/06/21	2012	25	173	719.547327895626	6245227.63834264	496757.020750042	True	Blekinge län	24.0
76	Linjevägen pkt 13 - slinga	SGot	1	1.38976264830915	2013/07/07	2013	27	188	719.547327895626	6245227.63834264	496757.020750042	True	Blekinge län	24.0
76	Linjevägen pkt 13 - slinga	SGot	1	1.38976264830915	2014/07/22	2014	30	203	719.547327895626	6245227.63834264	496757.020750042	True	Blekinge län	24.0
107	Hällen, Angelbos	OGot	5	2.8137287880037	2013/06/21	2013	25	172	1777.00140159828	6413241.37892996	724664.847891691	True	Gotlands län	24.0
107	Hällen, Angelbos	OGot	2	1.12549151520148	2013/07/20	2013	29	201	1777.00140159828	6413241.37892996	724664.847891691	True	Gotlands län	24.0
107	Hällen, Angelbos	OGot	2	1.12549151520148	2013/07/21	2013	29	202	1777.00140159828	6413241.37892996	724664.847891691	True	Gotlands län	24.0
110	Nymans Fröjel - slinga	OGot	2	1.38663954099241	2010/06/25	2010	25	176	1442.33590697162	6359584.75266785	691448.735552738	True	Gotlands län	21.0
110	Nymans Fröjel - slinga	OGot	6	4.15991862297724	2011/06/05	2011	22	156	1442.33590697162	6359584.75266785	691448.735552738	True	Gotlands län	21.0
110	Nymans Fröjel - slinga	OGot	3	2.07995931148862	2011/06/29	2011	26	180	1442.33590697162	6359584.75266785	691448.735552738	True	Gotlands län	21.0
110	Nymans Fröjel - slinga	OGot	1	0.693319770496206	2013/07/18	2013	29	199	1442.33590697162	6359584.75266785	691448.735552738	True	Gotlands län	21.0
110	Nymans Fröjel - slinga	OGot	1	0.693319770496206	2016/06/02	2016	22	154	1442.33590697162	6359584.75266785	691448.735552738	True	Gotlands län	21.0
111	Slite motionsslinga	OGot	3	2.013137589202	2010/06/21	2010	25	172	1490.21110931081	6402116.5126366	725843.293614082	True	Gotlands län	2.0
111	Slite motionsslinga	OGot	5	3.35522931533666	2010/07/02	2010	26	183	1490.21110931081	6402116.5126366	725843.293614082	True	Gotlands län	2.0
111	Slite motionsslinga	OGot	1	0.671045863067332	2011/07/07	2011	27	188	1490.21110931081	6402116.5126366	725843.293614082	True	Gotlands län	2.0
111	Slite motionsslinga	OGot	1	0.671045863067332	2011/07/30	2011	30	211	1490.21110931081	6402116.5126366	725843.293614082	True	Gotlands län	2.0
111	Slite motionsslinga	OGot	1	0.671045863067332	2012/07/04	2012	27	186	1490.21110931081	6402116.5126366	725843.293614082	True	Gotlands län	2.0
111	Slite motionsslinga	OGot	1	0.671045863067332	2013/06/21	2013	25	172	1490.21110931081	6402116.5126366	725843.293614082	True	Gotlands län	2.0
111	Slite motionsslinga	OGot	2	1.34209172613466	2013/07/07	2013	27	188	1490.21110931081	6402116.5126366	725843.293614082	True	Gotlands län	2.0
111	Slite motionsslinga	OGot	2	1.34209172613466	2014/07/08	2014	28	189	1490.21110931081	6402116.5126366	725843.293614082	True	Gotlands län	2.0
111	Slite motionsslinga	OGot	4	2.68418345226933	2015/06/21	2015	25	172	1490.21110931081	6402116.5126366	725843.293614082	True	Gotlands län	2.0
111	Slite motionsslinga	OGot	2	1.34209172613466	2015/07/12	2015	28	193	1490.21110931081	6402116.5126366	725843.293614082	True	Gotlands län	2.0
111	Slite motionsslinga	OGot	1	0.671045863067332	2016/07/01	2016	26	183	1490.21110931081	6402116.5126366	725843.293614082	True	Gotlands län	2.0
111	Slite motionsslinga	OGot	1	0.671045863067332	2016/07/07	2016	27	189	1490.21110931081	6402116.5126366	725843.293614082	True	Gotlands län	2.0
111	Slite motionsslinga	OGot	4	2.68418345226933	2016/07/17	2016	28	199	1490.21110931081	6402116.5126366	725843.293614082	True	Gotlands län	2.0
111	Slite motionsslinga	OGot	1	0.671045863067332	2017/07/14	2017	28	195	1490.21110931081	6402116.5126366	725843.293614082	True	Gotlands län	2.0
111	Slite motionsslinga	OGot	1	0.671045863067332	2019/07/13	2019	28	194	1490.21110931081	6402116.5126366	725843.293614082	True	Gotlands län	2.0
113	Grostädeviken	OGot	1	0.641471530866612	2010/07/11	2010	27	192	1558.91563675324	6426534.02103942	731111.648068844	True	Gotlands län	18.0
123	Nyckleby Övergård 3	VGotSve	4	1.65055731365588	2010/07/01	2010	26	182	2423.42387441261	6450209.97621479	341161.39547024	True	Västra Götalands län	12.0
123	Nyckleby Övergård 3	VGotSve	14	5.77695059779558	2011/06/16	2011	24	167	2423.42387441261	6450209.97621479	341161.39547024	True	Västra Götalands län	12.0
123	Nyckleby Övergård 3	VGotSve	5	2.06319664206985	2011/07/01	2011	26	182	2423.42387441261	6450209.97621479	341161.39547024	True	Västra Götalands län	12.0
123	Nyckleby Övergård 3	VGotSve	12	4.95167194096764	2014/07/07	2014	28	188	2423.42387441261	6450209.97621479	341161.39547024	True	Västra Götalands län	12.0
123	Nyckleby Övergård 3	VGotSve	1	0.41263932841397	2019/06/15	2019	24	166	2423.42387441261	6450209.97621479	341161.39547024	True	Västra Götalands län	12.0
124	Öventorp, Kvarnängen	VGotSve	2	1.25329507302721	2011/07/05	2011	27	186	1595.79339538071	6456379.6818279	345425.189950277	True	Västra Götalands län	12.0
124	Öventorp, Kvarnängen	VGotSve	1	0.626647536513603	2015/06/20	2015	25	171	1595.79339538071	6456379.6818279	345425.189950277	True	Västra Götalands län	12.0
124	Öventorp, Kvarnängen	VGotSve	1	0.626647536513603	2016/06/25	2016	25	177	1595.79339538071	6456379.6818279	345425.189950277	True	Västra Götalands län	12.0
132	Åsnatorp, Närke	OSve	1	0.881229519041322	2011/06/30	2011	26	181	1134.77814620632	6524147.89155961	486031.612242612	True	Örebro län	21.0
132	Åsnatorp, Närke	OSve	1	0.881229519041322	2011/08/03	2011	31	215	1134.77814620632	6524147.89155961	486031.612242612	True	Örebro län	21.0
132	Åsnatorp, Närke	OSve	1	0.881229519041322	2022/07/06	2022	27	187	1134.77814620632	6524147.89155961	486031.612242612	True	Örebro län	21.0
132	Åsnatorp, Närke	OSve	2	1.76245903808264	2023/06/11	2023	23	162	1134.77814620632	6524147.89155961	486031.612242612	True	Örebro län	21.0
138	Almsjöslingan 2	OSve	1	0.226674118009216	2011/06/09	2011	23	160	4411.61968019366	6563336.82295999	634847.282730261	True	Stockholms län	24.0
140	Nackareservatet	OSve	1	0.485813954623835	2020/06/22	2020	26	174	2058.40114406408	6574100.21354608	679918.888081152	True	Stockholms län	24.0
140	Nackareservatet	OSve	1	0.485813954623835	2021/06/21	2021	25	172	2058.40114406408	6574100.21354608	679918.888081152	True	Stockholms län	24.0
140	Nackareservatet	OSve	1	0.485813954623835	2023/06/12	2023	24	163	2058.40114406408	6574100.21354608	679918.888081152	True	Stockholms län	24.0
140	Nackareservatet	OSve	2	0.971627909247671	2023/06/28	2023	26	179	2058.40114406408	6574100.21354608	679918.888081152	True	Stockholms län	24.0
141	Lillängen	OSve	1	0.531681259066182	2010/06/17	2010	24	168	1880.82612081597	6568441.14591035	670087.963653341	True	Stockholms län	18.0
141	Lillängen	OSve	3	1.59504377719855	2014/07/06	2014	27	187	1880.82612081597	6568441.14591035	670087.963653341	True	Stockholms län	18.0
143	Tumstocksfabriken/Mellösaverken	OSve	2	1.87820004914163	2010/06/13	2010	23	164	1064.84929595973	6551543.4949546	590411.107420863	True	Södermanlands län	2.0
144	Nåsten - Fjärilsstigen	OSve	11	8.13250424728089	2010/06/27	2010	25	178	1352.59689580585	6634990.34981292	642516.339827994	True	Uppsala län	24.0
144	Nåsten - Fjärilsstigen	OSve	1	0.739318567934626	2010/07/13	2010	28	194	1352.59689580585	6634990.34981292	642516.339827994	True	Uppsala län	24.0
144	Nåsten - Fjärilsstigen	OSve	18	13.3077342228233	2011/06/27	2011	26	178	1352.59689580585	6634990.34981292	642516.339827994	True	Uppsala län	24.0
144	Nåsten - Fjärilsstigen	OSve	1	0.739318567934626	2011/07/09	2011	27	190	1352.59689580585	6634990.34981292	642516.339827994	True	Uppsala län	24.0
144	Nåsten - Fjärilsstigen	OSve	5	3.69659283967313	2016/06/29	2016	26	181	1352.59689580585	6634990.34981292	642516.339827994	True	Uppsala län	24.0
144	Nåsten - Fjärilsstigen	OSve	1	0.739318567934626	2017/06/23	2017	25	174	1352.59689580585	6634990.34981292	642516.339827994	True	Uppsala län	24.0
144	Nåsten - Fjärilsstigen	OSve	1	0.739318567934626	2017/06/23	2017	25	174	1352.59689580585	6634990.34981292	642516.339827994	True	Uppsala län	24.0
144	Nåsten - Fjärilsstigen	OSve	2	1.47863713586925	2017/07/01	2017	26	182	1352.59689580585	6634990.34981292	642516.339827994	True	Uppsala län	24.0
144	Nåsten - Fjärilsstigen	OSve	5	3.69659283967313	2017/07/01	2017	26	182	1352.59689580585	6634990.34981292	642516.339827994	True	Uppsala län	24.0
144	Nåsten - Fjärilsstigen	OSve	1	0.739318567934626	2017/07/15	2017	28	196	1352.59689580585	6634990.34981292	642516.339827994	True	Uppsala län	24.0
144	Nåsten - Fjärilsstigen	OSve	3	2.21795570380388	2018/06/09	2018	23	160	1352.59689580585	6634990.34981292	642516.339827994	True	Uppsala län	24.0
144	Nåsten - Fjärilsstigen	OSve	8	5.91454854347701	2018/06/30	2018	26	181	1352.59689580585	6634990.34981292	642516.339827994	True	Uppsala län	24.0
144	Nåsten - Fjärilsstigen	OSve	2	1.47863713586925	2019/07/24	2019	30	205	1352.59689580585	6634990.34981292	642516.339827994	True	Uppsala län	24.0
144	Nåsten - Fjärilsstigen	OSve	2	1.47863713586925	2020/06/28	2020	26	180	1352.59689580585	6634990.34981292	642516.339827994	True	Uppsala län	24.0
144	Nåsten - Fjärilsstigen	OSve	1	0.739318567934626	2020/07/09	2020	28	191	1352.59689580585	6634990.34981292	642516.339827994	True	Uppsala län	24.0
144	Nåsten - Fjärilsstigen	OSve	4	2.95727427173851	2021/06/29	2021	26	180	1352.59689580585	6634990.34981292	642516.339827994	True	Uppsala län	24.0
144	Nåsten - Fjärilsstigen	OSve	2	1.47863713586925	2022/06/30	2022	26	181	1352.59689580585	6634990.34981292	642516.339827994	True	Uppsala län	24.0
144	Nåsten - Fjärilsstigen	OSve	2	1.47863713586925	2023/08/15	2023	33	227	1352.59689580585	6634990.34981292	642516.339827994	True	Uppsala län	24.0
145	Syd Rävsjön, Norrtälje	OSve	3	1.54534662039348	2010/06/23	2010	25	174	1941.31203990735	6634810.38230337	697717.238257543	True	Stockholms län	25.0
145	Syd Rävsjön, Norrtälje	OSve	2	1.03023108026232	2010/07/07	2010	27	188	1941.31203990735	6634810.38230337	697717.238257543	True	Stockholms län	25.0
145	Syd Rävsjön, Norrtälje	OSve	1	0.51511554013116	2011/07/07	2011	27	188	1941.31203990735	6634810.38230337	697717.238257543	True	Stockholms län	25.0
148	Snäcktorp- Mellingeholm	OSve	1	0.637664158530233	2011/06/28	2011	26	179	1568.22362778696	6631073.92459143	717932.164734007	True	Stockholms län	2.0
148	Snäcktorp- Mellingeholm	OSve	1	0.637664158530233	2013/06/24	2013	26	175	1568.22362778696	6631073.92459143	717932.164734007	True	Stockholms län	2.0
148	Snäcktorp- Mellingeholm	OSve	1	0.637664158530233	2014/06/26	2014	26	177	1568.22362778696	6631073.92459143	717932.164734007	True	Stockholms län	2.0
148	Snäcktorp- Mellingeholm	OSve	1	0.637664158530233	2014/07/23	2014	30	204	1568.22362778696	6631073.92459143	717932.164734007	True	Stockholms län	2.0
148	Snäcktorp- Mellingeholm	OSve	1	0.637664158530233	2016/06/21	2016	25	173	1568.22362778696	6631073.92459143	717932.164734007	True	Stockholms län	2.0
148	Snäcktorp- Mellingeholm	OSve	3	1.9129924755907	2017/07/10	2017	28	191	1568.22362778696	6631073.92459143	717932.164734007	True	Stockholms län	2.0
148	Snäcktorp- Mellingeholm	OSve	2	1.27532831706047	2018/06/25	2018	26	176	1568.22362778696	6631073.92459143	717932.164734007	True	Stockholms län	2.0
148	Snäcktorp- Mellingeholm	OSve	1	0.637664158530233	2018/07/07	2018	27	188	1568.22362778696	6631073.92459143	717932.164734007	True	Stockholms län	2.0
148	Snäcktorp- Mellingeholm	OSve	1	0.637664158530233	2019/06/24	2019	26	175	1568.22362778696	6631073.92459143	717932.164734007	True	Stockholms län	2.0
148	Snäcktorp- Mellingeholm	OSve	1	0.637664158530233	2019/07/20	2019	29	201	1568.22362778696	6631073.92459143	717932.164734007	True	Stockholms län	2.0
149	Bullandö	OSve	1	1.07363277968563	2011/06/28	2011	26	179	931.417165087682	6580696.25768885	708157.055206709	True	Stockholms län	
150	Upnäs tomtområde	OSve	2	1.94945279227013	2011/07/12	2011	28	193	1025.92892114664	6625258.68506357	723776.270331896	True	Stockholms län	2.0
150	Upnäs tomtområde	OSve	3	2.92417918840519	2012/07/04	2012	27	186	1025.92892114664	6625258.68506357	723776.270331896	True	Stockholms län	2.0
150	Upnäs tomtområde	OSve	3	2.92417918840519	2013/06/29	2013	26	180	1025.92892114664	6625258.68506357	723776.270331896	True	Stockholms län	2.0
150	Upnäs tomtområde	OSve	1	0.974726396135064	2014/07/04	2014	27	185	1025.92892114664	6625258.68506357	723776.270331896	True	Stockholms län	2.0
151	Röcklinge 2:7	OSve	2	4.47079712117881	2012/07/26	2012	30	208	447.347518975019	6642449.65280136	600959.732616286	True	Uppsala län	24.0
153	Skogsmuren, Ramnäs	OSve	1	0.920182535248995	2011/06/13	2011	24	164	1086.74090378102	6628338.31685351	560863.229881566	True	Västmanlands län	24.0
153	Skogsmuren, Ramnäs	OSve	1	0.920182535248995	2013/06/15	2013	24	166	1086.74090378102	6628338.31685351	560863.229881566	True	Västmanlands län	24.0
153	Skogsmuren, Ramnäs	OSve	3	2.76054760574698	2013/07/11	2013	28	192	1086.74090378102	6628338.31685351	560863.229881566	True	Västmanlands län	24.0
153	Skogsmuren, Ramnäs	OSve	3	2.76054760574698	2014/06/14	2014	24	165	1086.74090378102	6628338.31685351	560863.229881566	True	Västmanlands län	24.0
153	Skogsmuren, Ramnäs	OSve	3	2.76054760574698	2014/07/06	2014	27	187	1086.74090378102	6628338.31685351	560863.229881566	True	Västmanlands län	24.0
154	Hemdalsvägen	OSve	1	0.70218769533197	2011/06/28	2011	26	179	1424.12065413256	6593020.36970151	521760.387942324	True	Örebro län	29.0
154	Hemdalsvägen	OSve	1	0.70218769533197	2011/07/06	2011	27	187	1424.12065413256	6593020.36970151	521760.387942324	True	Örebro län	29.0
154	Hemdalsvägen	OSve	1	0.70218769533197	2014/06/11	2014	24	162	1424.12065413256	6593020.36970151	521760.387942324	True	Örebro län	29.0
154	Hemdalsvägen	OSve	1	0.70218769533197	2014/07/10	2014	28	191	1424.12065413256	6593020.36970151	521760.387942324	True	Örebro län	29.0
154	Hemdalsvägen	OSve	1	0.70218769533197	2016/06/28	2016	26	180	1424.12065413256	6593020.36970151	521760.387942324	True	Örebro län	29.0
154	Hemdalsvägen	OSve	1	0.70218769533197	2020/06/28	2020	26	180	1424.12065413256	6593020.36970151	521760.387942324	True	Örebro län	29.0
158	Erlanderslingan	VGotSve	2	0.926616610726224	2013/07/01	2013	27	182	2158.38997148187	6627012.33976162	413289.178694102	True	Värmlands län	21.0
178	Djäknabygd, Stenbrohult socken	OGot	1	0.159925696464556	2012/06/13	2012	24	165	6252.90383038369	6274455.16372452	450514.400623052	True	Kronobergs län	24.0
178	Djäknabygd, Stenbrohult socken	OGot	1	0.159925696464556	2012/06/20	2012	25	172	6252.90383038369	6274455.16372452	450514.400623052	True	Kronobergs län	24.0
178	Djäknabygd, Stenbrohult socken	OGot	1	0.159925696464556	2012/06/26	2012	26	178	6252.90383038369	6274455.16372452	450514.400623052	True	Kronobergs län	24.0
178	Djäknabygd, Stenbrohult socken	OGot	2	0.319851392929111	2013/06/18	2013	25	169	6252.90383038369	6274455.16372452	450514.400623052	True	Kronobergs län	24.0
178	Djäknabygd, Stenbrohult socken	OGot	1	0.159925696464556	2013/06/20	2013	25	171	6252.90383038369	6274455.16372452	450514.400623052	True	Kronobergs län	24.0
178	Djäknabygd, Stenbrohult socken	OGot	1	0.159925696464556	2013/06/25	2013	26	176	6252.90383038369	6274455.16372452	450514.400623052	True	Kronobergs län	24.0
178	Djäknabygd, Stenbrohult socken	OGot	3	0.479777089393667	2016/05/31	2016	22	152	6252.90383038369	6274455.16372452	450514.400623052	True	Kronobergs län	24.0
178	Djäknabygd, Stenbrohult socken	OGot	2	0.319851392929111	2016/06/03	2016	22	155	6252.90383038369	6274455.16372452	450514.400623052	True	Kronobergs län	24.0
178	Djäknabygd, Stenbrohult socken	OGot	2	0.319851392929111	2016/06/05	2016	22	157	6252.90383038369	6274455.16372452	450514.400623052	True	Kronobergs län	24.0
178	Djäknabygd, Stenbrohult socken	OGot	2	0.319851392929111	2016/06/06	2016	23	158	6252.90383038369	6274455.16372452	450514.400623052	True	Kronobergs län	24.0
178	Djäknabygd, Stenbrohult socken	OGot	3	0.479777089393667	2016/06/07	2016	23	159	6252.90383038369	6274455.16372452	450514.400623052	True	Kronobergs län	24.0
178	Djäknabygd, Stenbrohult socken	OGot	2	0.319851392929111	2016/06/13	2016	24	165	6252.90383038369	6274455.16372452	450514.400623052	True	Kronobergs län	24.0
178	Djäknabygd, Stenbrohult socken	OGot	5	0.799628482322778	2016/06/20	2016	25	172	6252.90383038369	6274455.16372452	450514.400623052	True	Kronobergs län	24.0
178	Djäknabygd, Stenbrohult socken	OGot	1	0.159925696464556	2016/06/28	2016	26	180	6252.90383038369	6274455.16372452	450514.400623052	True	Kronobergs län	24.0
178	Djäknabygd, Stenbrohult socken	OGot	2	0.319851392929111	2017/06/09	2017	23	160	6252.90383038369	6274455.16372452	450514.400623052	True	Kronobergs län	24.0
178	Djäknabygd, Stenbrohult socken	OGot	1	0.159925696464556	2017/06/19	2017	25	170	6252.90383038369	6274455.16372452	450514.400623052	True	Kronobergs län	24.0
178	Djäknabygd, Stenbrohult socken	OGot	3	0.479777089393667	2017/06/21	2017	25	172	6252.90383038369	6274455.16372452	450514.400623052	True	Kronobergs län	24.0
178	Djäknabygd, Stenbrohult socken	OGot	1	0.159925696464556	2017/06/28	2017	26	179	6252.90383038369	6274455.16372452	450514.400623052	True	Kronobergs län	24.0
178	Djäknabygd, Stenbrohult socken	OGot	4	0.639702785858223	2017/07/06	2017	27	187	6252.90383038369	6274455.16372452	450514.400623052	True	Kronobergs län	24.0
178	Djäknabygd, Stenbrohult socken	OGot	2	0.319851392929111	2018/06/11	2018	24	162	6252.90383038369	6274455.16372452	450514.400623052	True	Kronobergs län	24.0
178	Djäknabygd, Stenbrohult socken	OGot	1	0.159925696464556	2019/06/25	2019	26	176	6252.90383038369	6274455.16372452	450514.400623052	True	Kronobergs län	24.0
178	Djäknabygd, Stenbrohult socken	OGot	1	0.159925696464556	2019/06/29	2019	26	180	6252.90383038369	6274455.16372452	450514.400623052	True	Kronobergs län	24.0
178	Djäknabygd, Stenbrohult socken	OGot	1	0.159925696464556	2019/07/11	2019	28	192	6252.90383038369	6274455.16372452	450514.400623052	True	Kronobergs län	24.0
178	Djäknabygd, Stenbrohult socken	OGot	1	0.159925696464556	2020/06/16	2020	25	168	6252.90383038369	6274455.16372452	450514.400623052	True	Kronobergs län	24.0
185	Visby Kungsladugårdshällarna	OGot	1	0.473119187269963	2013/07/16	2013	29	197	2113.63230853159	6390286.45626321	694467.715044178	True	Gotlands län	18.0
192	Stora Karsbo	OSve	1	0.543220134626014	2011/06/06	2011	23	157	1840.874327474	6626707.02413122	522983.837821333	True	Örebro län	20.0
192	Stora Karsbo	OSve	1	0.543220134626014	2011/06/12	2011	23	163	1840.874327474	6626707.02413122	522983.837821333	True	Örebro län	20.0
192	Stora Karsbo	OSve	1	0.543220134626014	2011/07/06	2011	27	187	1840.874327474	6626707.02413122	522983.837821333	True	Örebro län	20.0
192	Stora Karsbo	OSve	1	0.543220134626014	2011/07/14	2011	28	195	1840.874327474	6626707.02413122	522983.837821333	True	Örebro län	20.0
192	Stora Karsbo	OSve	1	0.543220134626014	2011/07/19	2011	29	200	1840.874327474	6626707.02413122	522983.837821333	True	Örebro län	20.0
192	Stora Karsbo	OSve	1	0.543220134626014	2012/07/15	2012	28	197	1840.874327474	6626707.02413122	522983.837821333	True	Örebro län	20.0
192	Stora Karsbo	OSve	1	0.543220134626014	2012/07/21	2012	29	203	1840.874327474	6626707.02413122	522983.837821333	True	Örebro län	20.0
192	Stora Karsbo	OSve	2	1.08644026925203	2012/07/26	2012	30	208	1840.874327474	6626707.02413122	522983.837821333	True	Örebro län	20.0
192	Stora Karsbo	OSve	1	0.543220134626014	2014/07/04	2014	27	185	1840.874327474	6626707.02413122	522983.837821333	True	Örebro län	20.0
192	Stora Karsbo	OSve	3	1.62966040387804	2014/07/05	2014	27	186	1840.874327474	6626707.02413122	522983.837821333	True	Örebro län	20.0
192	Stora Karsbo	OSve	2	1.08644026925203	2014/07/09	2014	28	190	1840.874327474	6626707.02413122	522983.837821333	True	Örebro län	20.0
192	Stora Karsbo	OSve	2	1.08644026925203	2014/07/16	2014	29	197	1840.874327474	6626707.02413122	522983.837821333	True	Örebro län	20.0
192	Stora Karsbo	OSve	2	1.08644026925203	2014/07/19	2014	29	200	1840.874327474	6626707.02413122	522983.837821333	True	Örebro län	20.0
192	Stora Karsbo	OSve	1	0.543220134626014	2015/07/01	2015	27	182	1840.874327474	6626707.02413122	522983.837821333	True	Örebro län	20.0
192	Stora Karsbo	OSve	1	0.543220134626014	2016/07/04	2016	27	186	1840.874327474	6626707.02413122	522983.837821333	True	Örebro län	20.0
192	Stora Karsbo	OSve	1	0.543220134626014	2019/07/13	2019	28	194	1840.874327474	6626707.02413122	522983.837821333	True	Örebro län	20.0
192	Stora Karsbo	OSve	1	0.543220134626014	2022/06/26	2022	25	177	1840.874327474	6626707.02413122	522983.837821333	True	Örebro län	20.0
192	Stora Karsbo	OSve	1	0.543220134626014	2023/06/05	2023	23	156	1840.874327474	6626707.02413122	522983.837821333	True	Örebro län	20.0
192	Stora Karsbo	OSve	1	0.543220134626014	2023/06/09	2023	23	160	1840.874327474	6626707.02413122	522983.837821333	True	Örebro län	20.0
192	Stora Karsbo	OSve	5	2.71610067313007	2023/06/16	2023	24	167	1840.874327474	6626707.02413122	522983.837821333	True	Örebro län	20.0
192	Stora Karsbo	OSve	2	1.08644026925203	2023/06/23	2023	25	174	1840.874327474	6626707.02413122	522983.837821333	True	Örebro län	20.0
192	Stora Karsbo	OSve	1	0.543220134626014	2023/06/29	2023	26	180	1840.874327474	6626707.02413122	522983.837821333	True	Örebro län	20.0
192	Stora Karsbo	OSve	3	1.62966040387804	2024/06/17	2024	25	169	1840.874327474	6626707.02413122	522983.837821333	True	Örebro län	20.0
192	Stora Karsbo	OSve	3	1.62966040387804	2024/06/24	2024	26	176	1840.874327474	6626707.02413122	522983.837821333	True	Örebro län	20.0
192	Stora Karsbo	OSve	1	0.543220134626014	2024/07/03	2024	27	185	1840.874327474	6626707.02413122	522983.837821333	True	Örebro län	20.0
192	Stora Karsbo	OSve	2	1.08644026925203	2025/06/22	2025	25	173	1840.874327474	6626707.02413122	522983.837821333	True	Örebro län	20.0
192	Stora Karsbo	OSve	2	1.08644026925203	2025/07/10	2025	28	191	1840.874327474	6626707.02413122	522983.837821333	True	Örebro län	20.0
202	Kungsborg	SGot	10	2.93665639663501	2011/06/12	2011	23	163	3405.23324807716	6210508.47693838	439634.464303345	True	Skåne län	7.0
202	Kungsborg	SGot	7	2.0556594776445	2011/06/26	2011	25	177	3405.23324807716	6210508.47693838	439634.464303345	True	Skåne län	7.0
203	St Vika kalkstensbrott	OSve	20	5.435396419645	2011/06/12	2011	23	163	3679.58442326572	6537722.31242831	661057.653721425	True	Södermanlands län	24.0
203	St Vika kalkstensbrott	OSve	2	0.5435396419645	2011/06/28	2011	26	179	3679.58442326572	6537722.31242831	661057.653721425	True	Södermanlands län	24.0
207	Månsabola	OGot	2	0.954761236859103	2018/06/08	2018	23	159	2094.76455765992	6452073.85827717	485095.459782294	True	Östergötlands län	21.0
207	Månsabola	OGot	2	0.954761236859103	2018/06/27	2018	26	178	2094.76455765992	6452073.85827717	485095.459782294	True	Östergötlands län	21.0
214	Tomtahagar	OSve	2	1.48986395922364	2014/07/04	2014	27	185	1342.40444412267	6545302.12916535	503357.123890084	True	Örebro län	24.0
214	Tomtahagar	OSve	2	1.48986395922364	2015/07/01	2015	27	182	1342.40444412267	6545302.12916535	503357.123890084	True	Örebro län	24.0
214	Tomtahagar	OSve	2	1.48986395922364	2017/06/28	2017	26	179	1342.40444412267	6545302.12916535	503357.123890084	True	Örebro län	24.0
214	Tomtahagar	OSve	1	0.744931979611818	2018/05/29	2018	22	149	1342.40444412267	6545302.12916535	503357.123890084	True	Örebro län	24.0
214	Tomtahagar	OSve	1	0.744931979611818	2018/06/24	2018	25	175	1342.40444412267	6545302.12916535	503357.123890084	True	Örebro län	24.0
214	Tomtahagar	OSve	1	0.744931979611818	2021/07/12	2021	28	193	1342.40444412267	6545302.12916535	503357.123890084	True	Örebro län	24.0
215	Tripphult	OSve	4	3.47045407516161	2011/06/27	2011	26	178	1152.5869276382	6542503.61454586	500580.898449021	True	Örebro län	24.0
215	Tripphult	OSve	1	0.867613518790403	2011/07/31	2011	30	212	1152.5869276382	6542503.61454586	500580.898449021	True	Örebro län	24.0
215	Tripphult	OSve	3	2.60284055637121	2013/07/06	2013	27	187	1152.5869276382	6542503.61454586	500580.898449021	True	Örebro län	24.0
215	Tripphult	OSve	2	1.73522703758081	2014/07/04	2014	27	185	1152.5869276382	6542503.61454586	500580.898449021	True	Örebro län	24.0
240	Ulvered	SGot	2	0.766138911507738	2016/07/02	2016	26	184	2610.49265343286	6251804.64312344	384347.364389978	True	Hallands län	24.0
240	Ulvered	SGot	1	0.383069455753869	2016/07/06	2016	27	188	2610.49265343286	6251804.64312344	384347.364389978	True	Hallands län	24.0
240	Ulvered	SGot	1	0.383069455753869	2021/07/06	2021	27	187	2610.49265343286	6251804.64312344	384347.364389978	True	Hallands län	24.0
242	Prästabonnens gård	SGot	2	6.48167079166593	2014/07/06	2014	27	187	308.562416124494	6198509.73121052	416996.864840023	True	Skåne län	2.0
255	Wij, Lindhagen	OSve	8	2.86601107485512	2011/06/26	2011	25	177	2791.33603850586	6572987.22188169	558373.624179012	True	Södermanlands län	25.0
255	Wij, Lindhagen	OSve	4	1.43300553742756	2011/07/08	2011	27	189	2791.33603850586	6572987.22188169	558373.624179012	True	Södermanlands län	25.0
255	Wij, Lindhagen	OSve	1	0.35825138435689	2011/07/20	2011	29	201	2791.33603850586	6572987.22188169	558373.624179012	True	Södermanlands län	25.0
255	Wij, Lindhagen	OSve	2	0.716502768713779	2014/07/05	2014	27	186	2791.33603850586	6572987.22188169	558373.624179012	True	Södermanlands län	25.0
255	Wij, Lindhagen	OSve	3	1.07475415307067	2015/06/23	2015	26	174	2791.33603850586	6572987.22188169	558373.624179012	True	Södermanlands län	25.0
255	Wij, Lindhagen	OSve	2	0.716502768713779	2016/06/25	2016	25	177	2791.33603850586	6572987.22188169	558373.624179012	True	Södermanlands län	25.0
255	Wij, Lindhagen	OSve	2	0.716502768713779	2018/06/10	2018	23	161	2791.33603850586	6572987.22188169	558373.624179012	True	Södermanlands län	25.0
255	Wij, Lindhagen	OSve	1	0.35825138435689	2024/06/27	2024	26	179	2791.33603850586	6572987.22188169	558373.624179012	True	Södermanlands län	25.0
256	Liseberg	OSve	1	1.08974047662639	2018/07/20	2018	29	201	917.649680312681	6575966.03792807	672247.527415587	True	Stockholms län	2.0
269	Enebba	OSve	2	1.33195528756622	2011/06/27	2011	26	178	1501.55190543554	6638062.78055516	559654.22442223	True	Västmanlands län	2.0
274	Fjäle ängar	OGot	1	0.554873083997681	2012/07/26	2012	30	208	1802.21392754416	6366578.54509692	717551.612931377	True	Gotlands län	24.0
274	Fjäle ängar	OGot	1	0.554873083997681	2013/06/25	2013	26	176	1802.21392754416	6366578.54509692	717551.612931377	True	Gotlands län	24.0
274	Fjäle ängar	OGot	1	0.554873083997681	2014/07/15	2014	29	196	1802.21392754416	6366578.54509692	717551.612931377	True	Gotlands län	24.0
274	Fjäle ängar	OGot	1	0.554873083997681	2022/07/06	2022	27	187	1802.21392754416	6366578.54509692	717551.612931377	True	Gotlands län	24.0
300	Lilla Silpinge - slinga	SGot	2	1.20831611444939	2014/07/29	2014	31	210	1655.19600051958	6238029.20360752	511605.968556935	True	Blekinge län	12.0
317	Kocktorp, Ängsö	OSve	6	2.15513841694513	2011/06/29	2011	26	180	2784.04391700505	6601451.28900424	606199.937364614	True	Västmanlands län	12.0
317	Kocktorp, Ängsö	OSve	1	0.359189736157522	2012/07/14	2012	28	196	2784.04391700505	6601451.28900424	606199.937364614	True	Västmanlands län	12.0
317	Kocktorp, Ängsö	OSve	5	1.79594868078761	2013/06/28	2013	26	179	2784.04391700505	6601451.28900424	606199.937364614	True	Västmanlands län	12.0
319	Kättilstad Berghamra	OGot	1	0.857391050661826	2011/08/23	2011	34	235	1166.32894550053	6440827.01203887	546995.715853981	True	Östergötlands län	24.0
330	Ransäter Arboga	OSve	2	0.685877099779086	2011/07/05	2011	27	186	2915.97430595682	6580047.29385149	553348.628361826	True	Västmanlands län	24.0
330	Ransäter Arboga	OSve	1	0.342938549889543	2011/07/19	2011	29	200	2915.97430595682	6580047.29385149	553348.628361826	True	Västmanlands län	24.0
330	Ransäter Arboga	OSve	1	0.342938549889543	2013/06/29	2013	26	180	2915.97430595682	6580047.29385149	553348.628361826	True	Västmanlands län	24.0
330	Ransäter Arboga	OSve	4	1.37175419955817	2014/07/05	2014	27	186	2915.97430595682	6580047.29385149	553348.628361826	True	Västmanlands län	24.0
330	Ransäter Arboga	OSve	1	0.342938549889543	2014/07/17	2014	29	198	2915.97430595682	6580047.29385149	553348.628361826	True	Västmanlands län	24.0
330	Ransäter Arboga	OSve	2	0.685877099779086	2015/07/04	2015	27	185	2915.97430595682	6580047.29385149	553348.628361826	True	Västmanlands län	24.0
330	Ransäter Arboga	OSve	1	0.342938549889543	2015/08/01	2015	31	213	2915.97430595682	6580047.29385149	553348.628361826	True	Västmanlands län	24.0
330	Ransäter Arboga	OSve	3	1.02881564966863	2016/07/03	2016	26	185	2915.97430595682	6580047.29385149	553348.628361826	True	Västmanlands län	24.0
330	Ransäter Arboga	OSve	1	0.342938549889543	2016/07/17	2016	28	199	2915.97430595682	6580047.29385149	553348.628361826	True	Västmanlands län	24.0
330	Ransäter Arboga	OSve	1	0.342938549889543	2020/07/19	2020	29	201	2915.97430595682	6580047.29385149	553348.628361826	True	Västmanlands län	24.0
330	Ransäter Arboga	OSve	1	0.342938549889543	2021/06/29	2021	26	180	2915.97430595682	6580047.29385149	553348.628361826	True	Västmanlands län	24.0
330	Ransäter Arboga	OSve	2	0.685877099779086	2022/07/13	2022	28	194	2915.97430595682	6580047.29385149	553348.628361826	True	Västmanlands län	24.0
330	Ransäter Arboga	OSve	1	0.342938549889543	2023/07/08	2023	27	189	2915.97430595682	6580047.29385149	553348.628361826	True	Västmanlands län	24.0
362	Lötaholmen	OSve	1	0.812140673162524	2011/06/24	2011	25	175	1231.31377733606	6629673.81301024	722182.725111085	True	Uppsala län	21.0
364	Axsjöfallet S	OSve	2	0.74763418067431	2014/06/15	2014	24	166	2675.10508708437	6534760.2910951	506127.354901358	True	Örebro län	24.0
387	Klören	SGot	1	0.592302919484922	2012/08/09	2012	32	222	1688.32529285795	6232319.14507665	363644.565886053	True	Skåne län	24.0
387	Klören	SGot	2	1.18460583896984	2016/07/08	2016	27	190	1688.32529285795	6232319.14507665	363644.565886053	True	Skåne län	24.0
390	Broknäs slinga 1, Bogesund	OSve	1	0.32160547114121	2012/07/16	2012	29	198	3109.39983841544	6590486.02132816	685227.556755474	True	Stockholms län	24.0
390	Broknäs slinga 1, Bogesund	OSve	2	0.643210942282421	2013/06/15	2013	24	166	3109.39983841544	6590486.02132816	685227.556755474	True	Stockholms län	24.0
390	Broknäs slinga 1, Bogesund	OSve	1	0.32160547114121	2013/06/29	2013	26	180	3109.39983841544	6590486.02132816	685227.556755474	True	Stockholms län	24.0
390	Broknäs slinga 1, Bogesund	OSve	6	1.92963282684726	2014/06/18	2014	25	169	3109.39983841544	6590486.02132816	685227.556755474	True	Stockholms län	24.0
390	Broknäs slinga 1, Bogesund	OSve	2	0.643210942282421	2014/07/17	2014	29	198	3109.39983841544	6590486.02132816	685227.556755474	True	Stockholms län	24.0
390	Broknäs slinga 1, Bogesund	OSve	1	0.32160547114121	2015/06/29	2015	27	180	3109.39983841544	6590486.02132816	685227.556755474	True	Stockholms län	24.0
390	Broknäs slinga 1, Bogesund	OSve	1	0.32160547114121	2015/07/16	2015	29	197	3109.39983841544	6590486.02132816	685227.556755474	True	Stockholms län	24.0
390	Broknäs slinga 1, Bogesund	OSve	2	0.643210942282421	2016/06/25	2016	25	177	3109.39983841544	6590486.02132816	685227.556755474	True	Stockholms län	24.0
390	Broknäs slinga 1, Bogesund	OSve	1	0.32160547114121	2017/06/18	2017	24	169	3109.39983841544	6590486.02132816	685227.556755474	True	Stockholms län	24.0
390	Broknäs slinga 1, Bogesund	OSve	2	0.643210942282421	2018/05/25	2018	21	145	3109.39983841544	6590486.02132816	685227.556755474	True	Stockholms län	24.0
390	Broknäs slinga 1, Bogesund	OSve	2	0.643210942282421	2022/06/23	2022	25	174	3109.39983841544	6590486.02132816	685227.556755474	True	Stockholms län	24.0
390	Broknäs slinga 1, Bogesund	OSve	1	0.32160547114121	2025/06/03	2025	23	154	3109.39983841544	6590486.02132816	685227.556755474	True	Stockholms län	24.0
411	Längs Nordre älv, Kungälv	VGotSve	1	0.368263164059776	2020/06/15	2020	25	167	2715.44943288893	6417590.06987724	319730.344115623	True	Västra Götalands län	12.0
412	Remmene skjutfält	VGotSve	2	0.915292457952385	2012/07/03	2012	27	185	2185.09393650444	6435447.10651083	379898.6705111	True	Västra Götalands län	27.0
412	Remmene skjutfält	VGotSve	2	0.915292457952385	2012/07/22	2012	29	204	2185.09393650444	6435447.10651083	379898.6705111	True	Västra Götalands län	27.0
412	Remmene skjutfält	VGotSve	1	0.457646228976192	2013/07/07	2013	27	188	2185.09393650444	6435447.10651083	379898.6705111	True	Västra Götalands län	27.0
412	Remmene skjutfält	VGotSve	3	1.37293868692858	2014/06/18	2014	25	169	2185.09393650444	6435447.10651083	379898.6705111	True	Västra Götalands län	27.0
412	Remmene skjutfält	VGotSve	1	0.457646228976192	2014/07/20	2014	29	201	2185.09393650444	6435447.10651083	379898.6705111	True	Västra Götalands län	27.0
412	Remmene skjutfält	VGotSve	1	0.457646228976192	2015/06/11	2015	24	162	2185.09393650444	6435447.10651083	379898.6705111	True	Västra Götalands län	27.0
412	Remmene skjutfält	VGotSve	2	0.915292457952385	2016/06/12	2016	23	164	2185.09393650444	6435447.10651083	379898.6705111	True	Västra Götalands län	27.0
412	Remmene skjutfält	VGotSve	2	0.915292457952385	2016/07/07	2016	27	189	2185.09393650444	6435447.10651083	379898.6705111	True	Västra Götalands län	27.0
412	Remmene skjutfält	VGotSve	1	0.457646228976192	2021/07/25	2021	29	206	2185.09393650444	6435447.10651083	379898.6705111	True	Västra Götalands län	27.0
412	Remmene skjutfält	VGotSve	5	2.28823114488096	2023/06/20	2023	25	171	2185.09393650444	6435447.10651083	379898.6705111	True	Västra Götalands län	27.0
412	Remmene skjutfält	VGotSve	2	0.915292457952385	2025/06/27	2025	26	178	2185.09393650444	6435447.10651083	379898.6705111	True	Västra Götalands län	27.0
412	Remmene skjutfält	VGotSve	2	0.915292457952385	2025/06/28	2025	26	179	2185.09393650444	6435447.10651083	379898.6705111	True	Västra Götalands län	27.0
420	Västra Ringstad, slinga 2	VGotSve	5	4.71422019243444	2013/07/11	2013	28	192	1060.6208017233	6609950.68708184	394244.488475666	True	Värmlands län	12.0
420	Västra Ringstad, slinga 2	VGotSve	2	1.88568807697378	2014/06/10	2014	24	161	1060.6208017233	6609950.68708184	394244.488475666	True	Värmlands län	12.0
420	Västra Ringstad, slinga 2	VGotSve	1	0.942844038486888	2017/06/28	2017	26	179	1060.6208017233	6609950.68708184	394244.488475666	True	Värmlands län	12.0
420	Västra Ringstad, slinga 2	VGotSve	1	0.942844038486888	2018/05/30	2018	22	150	1060.6208017233	6609950.68708184	394244.488475666	True	Värmlands län	12.0
420	Västra Ringstad, slinga 2	VGotSve	1	0.942844038486888	2018/06/24	2018	25	175	1060.6208017233	6609950.68708184	394244.488475666	True	Värmlands län	12.0
426	Lövåsen, Billingsfors	VGotSve	1	0.279719452204399	2012/07/08	2012	27	190	3575.01057620144	6542000.20734939	341086.640511706	True	Västra Götalands län	24.0
426	Lövåsen, Billingsfors	VGotSve	1	0.279719452204399	2014/06/14	2014	24	165	3575.01057620144	6542000.20734939	341086.640511706	True	Västra Götalands län	24.0
441	Åsenslingan	OGot	1	0.664597821968396	2012/06/22	2012	25	174	1504.66939093814	6435269.84109918	556465.259995461	True	Östergötlands län	18.0
441	Åsenslingan	OGot	2	1.32919564393679	2012/07/12	2012	28	194	1504.66939093814	6435269.84109918	556465.259995461	True	Östergötlands län	18.0
441	Åsenslingan	OGot	3	1.99379346590519	2013/07/04	2013	27	185	1504.66939093814	6435269.84109918	556465.259995461	True	Östergötlands län	18.0
441	Åsenslingan	OGot	2	1.32919564393679	2016/07/14	2016	28	196	1504.66939093814	6435269.84109918	556465.259995461	True	Östergötlands län	18.0
446	Sandliden, Bohus	VGotSve	5	4.80350161864855	2012/07/05	2012	27	187	1040.90732073215	6415839.61748226	323881.860977379	True	Västra Götalands län	24.0
446	Sandliden, Bohus	VGotSve	1	0.960700323729709	2013/05/30	2013	22	150	1040.90732073215	6415839.61748226	323881.860977379	True	Västra Götalands län	24.0
446	Sandliden, Bohus	VGotSve	10	9.60700323729709	2013/06/15	2013	24	166	1040.90732073215	6415839.61748226	323881.860977379	True	Västra Götalands län	24.0
446	Sandliden, Bohus	VGotSve	4	3.84280129491884	2013/07/07	2013	27	188	1040.90732073215	6415839.61748226	323881.860977379	True	Västra Götalands län	24.0
446	Sandliden, Bohus	VGotSve	1	0.960700323729709	2014/05/29	2014	22	149	1040.90732073215	6415839.61748226	323881.860977379	True	Västra Götalands län	24.0
446	Sandliden, Bohus	VGotSve	2	1.92140064745942	2014/06/09	2014	24	160	1040.90732073215	6415839.61748226	323881.860977379	True	Västra Götalands län	24.0
459	Gamla Finntorpet	NSveSNor	2	1.48094150193989	2018/06/12	2018	24	163	1350.49223577041	6676079.20890703	503549.543827945	True	Dalarnas län	24.0
459	Gamla Finntorpet	NSveSNor	1	0.740470750969946	2022/06/14	2022	24	165	1350.49223577041	6676079.20890703	503549.543827945	True	Dalarnas län	24.0
477	Mariedal - Östra Vram slinga 2	SGot	2	1.3326935130121	2012/07/02	2012	27	184	1500.72014343318	6198247.0064717	439299.722842703	True	Skåne län	18.0
535	Stormossen-Listrevägen	OSve	2	0.787031294911463	2013/06/17	2013	25	168	2541.19501083498	6580901.49423341	516566.017617954	True	Örebro län	12.0
535	Stormossen-Listrevägen	OSve	3	1.18054694236719	2013/07/03	2013	27	184	2541.19501083498	6580901.49423341	516566.017617954	True	Örebro län	12.0
535	Stormossen-Listrevägen	OSve	1	0.393515647455731	2014/06/01	2014	22	152	2541.19501083498	6580901.49423341	516566.017617954	True	Örebro län	12.0
535	Stormossen-Listrevägen	OSve	8	3.14812517964585	2014/07/04	2014	27	185	2541.19501083498	6580901.49423341	516566.017617954	True	Örebro län	12.0
535	Stormossen-Listrevägen	OSve	1	0.393515647455731	2015/07/01	2015	27	182	2541.19501083498	6580901.49423341	516566.017617954	True	Örebro län	12.0
535	Stormossen-Listrevägen	OSve	1	0.393515647455731	2018/06/07	2018	23	158	2541.19501083498	6580901.49423341	516566.017617954	True	Örebro län	12.0
535	Stormossen-Listrevägen	OSve	6	2.36109388473439	2018/06/12	2018	24	163	2541.19501083498	6580901.49423341	516566.017617954	True	Örebro län	12.0
535	Stormossen-Listrevägen	OSve	2	0.787031294911463	2018/06/26	2018	26	177	2541.19501083498	6580901.49423341	516566.017617954	True	Örebro län	12.0
535	Stormossen-Listrevägen	OSve	1	0.393515647455731	2019/07/18	2019	29	199	2541.19501083498	6580901.49423341	516566.017617954	True	Örebro län	12.0
535	Stormossen-Listrevägen	OSve	2	0.787031294911463	2020/06/23	2020	26	175	2541.19501083498	6580901.49423341	516566.017617954	True	Örebro län	12.0
535	Stormossen-Listrevägen	OSve	1	0.393515647455731	2022/07/06	2022	27	187	2541.19501083498	6580901.49423341	516566.017617954	True	Örebro län	12.0
535	Stormossen-Listrevägen	OSve	2	0.787031294911463	2023/06/06	2023	23	157	2541.19501083498	6580901.49423341	516566.017617954	True	Örebro län	12.0
535	Stormossen-Listrevägen	OSve	7	2.75460953219012	2023/06/20	2023	25	171	2541.19501083498	6580901.49423341	516566.017617954	True	Örebro län	12.0
535	Stormossen-Listrevägen	OSve	1	0.393515647455731	2023/06/26	2023	26	177	2541.19501083498	6580901.49423341	516566.017617954	True	Örebro län	12.0
535	Stormossen-Listrevägen	OSve	3	1.18054694236719	2025/07/01	2025	27	182	2541.19501083498	6580901.49423341	516566.017617954	True	Örebro län	12.0
535	Stormossen-Listrevägen	OSve	2	0.787031294911463	2025/07/10	2025	28	191	2541.19501083498	6580901.49423341	516566.017617954	True	Örebro län	12.0
543	Södra Rörum S slinga	SGot	1	0.498031975673435	2013/06/17	2013	25	168	2007.90320470449	6197888.49449581	420809.323143236	True	Skåne län	23.0
549	Kjugekull transekter	SGot	2	2.65946452913988	2013/07/07	2013	27	188	752.031086741676	6214606.91140408	460539.602464482	True	Skåne län	23.0
550	Kjugekull slinga	SGot	1	0.858934319731728	2013/07/07	2013	27	188	1164.23337271275	6214751.86482757	460284.015525738	True	Skåne län	23.0
565	Södra Rörum N transekter	SGot	2	2.03294853120367	2013/06/18	2013	25	169	983.792737151019	6198985.00392723	419953.931924631	True	Skåne län	23.0
569	L. Harsjön	OSve	4	1.07710092266986	2013/06/21	2013	25	172	3713.67242921398	6606333.95520393	688465.784322554	True	Stockholms län	25.0
569	L. Harsjön	OSve	1	0.269275230667465	2013/07/05	2013	27	186	3713.67242921398	6606333.95520393	688465.784322554	True	Stockholms län	25.0
569	L. Harsjön	OSve	12	3.23130276800958	2013/07/17	2013	29	198	3713.67242921398	6606333.95520393	688465.784322554	True	Stockholms län	25.0
569	L. Harsjön	OSve	1	0.269275230667465	2014/06/27	2014	26	178	3713.67242921398	6606333.95520393	688465.784322554	True	Stockholms län	25.0
569	L. Harsjön	OSve	4	1.07710092266986	2014/07/07	2014	28	188	3713.67242921398	6606333.95520393	688465.784322554	True	Stockholms län	25.0
569	L. Harsjön	OSve	3	0.807825692002396	2015/07/24	2015	30	205	3713.67242921398	6606333.95520393	688465.784322554	True	Stockholms län	25.0
569	L. Harsjön	OSve	3	0.807825692002396	2016/07/05	2016	27	187	3713.67242921398	6606333.95520393	688465.784322554	True	Stockholms län	25.0
569	L. Harsjön	OSve	1	0.269275230667465	2017/06/06	2017	23	157	3713.67242921398	6606333.95520393	688465.784322554	True	Stockholms län	25.0
569	L. Harsjön	OSve	18	4.84695415201438	2018/06/09	2018	23	160	3713.67242921398	6606333.95520393	688465.784322554	True	Stockholms län	25.0
569	L. Harsjön	OSve	77	20.7341927613948	2018/06/28	2018	26	179	3713.67242921398	6606333.95520393	688465.784322554	True	Stockholms län	25.0
569	L. Harsjön	OSve	11	2.96202753734212	2019/06/22	2019	25	173	3713.67242921398	6606333.95520393	688465.784322554	True	Stockholms län	25.0
569	L. Harsjön	OSve	19	5.11622938268184	2019/07/18	2019	29	199	3713.67242921398	6606333.95520393	688465.784322554	True	Stockholms län	25.0
569	L. Harsjön	OSve	2	0.538550461334931	2020/06/15	2020	25	167	3713.67242921398	6606333.95520393	688465.784322554	True	Stockholms län	25.0
569	L. Harsjön	OSve	2	0.538550461334931	2021/06/11	2021	23	162	3713.67242921398	6606333.95520393	688465.784322554	True	Stockholms län	25.0
569	L. Harsjön	OSve	3	0.807825692002396	2022/06/21	2022	25	172	3713.67242921398	6606333.95520393	688465.784322554	True	Stockholms län	25.0
569	L. Harsjön	OSve	1	0.269275230667465	2022/06/26	2022	25	177	3713.67242921398	6606333.95520393	688465.784322554	True	Stockholms län	25.0
569	L. Harsjön	OSve	1	0.269275230667465	2022/07/09	2022	27	190	3713.67242921398	6606333.95520393	688465.784322554	True	Stockholms län	25.0
569	L. Harsjön	OSve	3	0.807825692002396	2023/07/08	2023	27	189	3713.67242921398	6606333.95520393	688465.784322554	True	Stockholms län	25.0
569	L. Harsjön	OSve	1	0.269275230667465	2023/07/24	2023	30	205	3713.67242921398	6606333.95520393	688465.784322554	True	Stockholms län	25.0
569	L. Harsjön	OSve	1	0.269275230667465	2024/06/29	2024	26	181	3713.67242921398	6606333.95520393	688465.784322554	True	Stockholms län	25.0
569	L. Harsjön	OSve	2	0.538550461334931	2025/06/22	2025	25	173	3713.67242921398	6606333.95520393	688465.784322554	True	Stockholms län	25.0
585	Flintabacken slinga	SGot	1	1.43380544781458	2016/06/22	2016	25	174	697.444692740016	6196322.88823457	454480.566663217	True	Skåne län	24.0
603	Horsakärr	SGot	2	0.494254069249425	2014/06/07	2014	23	158	4046.50183869442	6218033.36199086	390891.579191414	True	Skåne län	23.0
603	Horsakärr	SGot	4	0.98850813849885	2014/07/05	2014	27	186	4046.50183869442	6218033.36199086	390891.579191414	True	Skåne län	23.0
603	Horsakärr	SGot	2	0.494254069249425	2016/07/13	2016	28	195	4046.50183869442	6218033.36199086	390891.579191414	True	Skåne län	23.0
603	Horsakärr	SGot	3	0.741381103874138	2017/07/10	2017	28	191	4046.50183869442	6218033.36199086	390891.579191414	True	Skåne län	23.0
620	Rosendalen	VGotSve	1	0.193670930558236	2014/06/09	2014	24	160	5163.39750688245	6554592.60292838	378899.891364145	True	Värmlands län	12.0
620	Rosendalen	VGotSve	1	0.193670930558236	2015/07/01	2015	27	182	5163.39750688245	6554592.60292838	378899.891364145	True	Värmlands län	12.0
620	Rosendalen	VGotSve	1	0.193670930558236	2016/06/28	2016	26	180	5163.39750688245	6554592.60292838	378899.891364145	True	Värmlands län	12.0
620	Rosendalen	VGotSve	4	0.774683722232943	2016/07/17	2016	28	199	5163.39750688245	6554592.60292838	378899.891364145	True	Värmlands län	12.0
620	Rosendalen	VGotSve	2	0.387341861116472	2018/06/25	2018	26	176	5163.39750688245	6554592.60292838	378899.891364145	True	Värmlands län	12.0
630	Bölets ängar	VGotSve	2	4.21906757277336	2019/07/13	2019	28	194	474.03839011882	6497368.98363105	471972.291141499	True	Västra Götalands län	25.0
643	Vitemölla strandbackar transekter	SGot	1	0.585495136642911	2014/05/31	2014	22	151	1707.95611682406	6173376.11350124	447986.614272845	True	Skåne län	12.0
643	Vitemölla strandbackar transekter	SGot	1	0.585495136642911	2014/07/07	2014	28	188	1707.95611682406	6173376.11350124	447986.614272845	True	Skåne län	12.0
659	Näsby fält - Norra transekter	SGot	6	3.86044562565306	2014/06/15	2014	24	166	1554.22471440327	6213999.4591586	445927.923400027	True	Skåne län	23.0
660	Näsby fält - Norra slinga	SGot	1	0.257954707637454	2014/06/15	2014	24	166	3876.6495450258	6213999.4591586	445927.923400027	True	Skåne län	23.0
660	Näsby fält - Norra slinga	SGot	1	0.257954707637454	2014/07/21	2014	30	202	3876.6495450258	6213999.4591586	445927.923400027	True	Skåne län	23.0
660	Näsby fält - Norra slinga	SGot	6	1.54772824582472	2018/06/15	2018	24	166	3876.6495450258	6213999.4591586	445927.923400027	True	Skåne län	23.0
661	Näsby fält - Södra transekter	SGot	2	0.623900259976097	2018/06/15	2018	24	166	3205.64059402159	6212811.6267727	446668.478296003	True	Skåne län	18.0
662	Näsby fält - Södra slinga	SGot	4	1.00824949495073	2014/06/15	2014	24	166	3967.27200958873	6212022.95871833	446153.914393944	True	Skåne län	11.0
662	Näsby fält - Södra slinga	SGot	3	0.756187121213047	2014/07/21	2014	30	202	3967.27200958873	6212022.95871833	446153.914393944	True	Skåne län	11.0
662	Näsby fält - Södra slinga	SGot	2	0.504124747475365	2018/06/15	2018	24	166	3967.27200958873	6212022.95871833	446153.914393944	True	Skåne län	11.0
663	Norra Mosslunda transekter	SGot	6	3.75219599196996	2014/06/15	2014	24	166	1599.0635917848	6203587.85732458	443431.58733855	True	Skåne län	18.0
664	Norra Mosslunda slinga	SGot	6	2.01648603437947	2014/06/15	2014	24	166	2975.47312389216	6203587.85732458	443431.58733855	True	Skåne län	18.0
664	Norra Mosslunda slinga	SGot	1	0.336081005729912	2014/07/18	2014	29	199	2975.47312389216	6203587.85732458	443431.58733855	True	Skåne län	18.0
664	Norra Mosslunda slinga	SGot	4	1.34432402291965	2018/07/06	2018	27	187	2975.47312389216	6203587.85732458	443431.58733855	True	Skåne län	18.0
668	Ry transekter	SGot	1	0.968317004828748	2014/06/27	2014	26	178	1032.71965173931	6198618.18661293	404353.658730505	True	Skåne län	23.0
678	Källsbäck, Södra Ny	VGotSve	2	0.819764993402487	2015/07/19	2015	29	200	2439.72359895349	6559332.4693279	394875.798648013	True	Värmlands län	24.0
678	Källsbäck, Södra Ny	VGotSve	1	0.409882496701244	2016/06/27	2016	26	179	2439.72359895349	6559332.4693279	394875.798648013	True	Värmlands län	24.0
678	Källsbäck, Södra Ny	VGotSve	1	0.409882496701244	2019/06/22	2019	25	173	2439.72359895349	6559332.4693279	394875.798648013	True	Värmlands län	24.0
678	Källsbäck, Södra Ny	VGotSve	1	0.409882496701244	2021/06/26	2021	25	177	2439.72359895349	6559332.4693279	394875.798648013	True	Värmlands län	24.0
679	Ekelund-Bogesund	OSve	1	0.356431912017461	2015/07/22	2015	30	203	2805.58492739846	6591572.0645249	681615.93858571	True	Stockholms län	24.0
708	Nasumemyr, Tofta skjutfält	OGot	1	0.234587952908665	2017/07/02	2017	26	183	4262.79349643049	6381743.73621631	688084.1574405	True	Gotlands län	36.0
708	Nasumemyr, Tofta skjutfält	OGot	2	0.46917590581733	2017/07/19	2017	29	200	4262.79349643049	6381743.73621631	688084.1574405	True	Gotlands län	36.0
726	Årby ängar	OSve	1	0.393680731552139	2015/07/02	2015	27	183	2540.12939891004	6585040.82602275	586278.919382686	True	Södermanlands län	24.0
726	Årby ängar	OSve	1	0.393680731552139	2015/07/11	2015	28	192	2540.12939891004	6585040.82602275	586278.919382686	True	Södermanlands län	24.0
735	Heden Stenshuvud	SGot	1	0.38626811762563	2023/06/17	2023	24	168	2588.87532874043	6167297.15374158	454300.588109481	True	Skåne län	18.0
738	Danskens äng	SGot	7	30.501719271729	2016/06/12	2016	23	164	229.495260173353	6197556.66098706	416695.124505187	True	Skåne län	23.0
738	Danskens äng	SGot	8	34.8591077391188	2017/07/06	2017	27	187	229.495260173353	6197556.66098706	416695.124505187	True	Skåne län	23.0
738	Danskens äng	SGot	3	13.0721654021696	2018/06/18	2018	25	169	229.495260173353	6197556.66098706	416695.124505187	True	Skåne län	23.0
738	Danskens äng	SGot	2	8.7147769347797	2019/06/29	2019	26	180	229.495260173353	6197556.66098706	416695.124505187	True	Skåne län	23.0
738	Danskens äng	SGot	2	8.7147769347797	2020/07/17	2020	29	199	229.495260173353	6197556.66098706	416695.124505187	True	Skåne län	23.0
738	Danskens äng	SGot	1	4.35738846738985	2020/08/01	2020	31	214	229.495260173353	6197556.66098706	416695.124505187	True	Skåne län	23.0
756	Bjärkefall slinga	OGot	3	0.96955792895741	2015/07/01	2015	27	182	3094.19366331827	6416854.77717776	531094.943750322	True	Östergötlands län	24.0
756	Bjärkefall slinga	OGot	1	0.323185976319137	2016/06/22	2016	25	174	3094.19366331827	6416854.77717776	531094.943750322	True	Östergötlands län	24.0
756	Bjärkefall slinga	OGot	4	1.29274390527655	2017/07/03	2017	27	184	3094.19366331827	6416854.77717776	531094.943750322	True	Östergötlands län	24.0
756	Bjärkefall slinga	OGot	1	0.323185976319137	2018/06/09	2018	23	160	3094.19366331827	6416854.77717776	531094.943750322	True	Östergötlands län	24.0
756	Bjärkefall slinga	OGot	1	0.323185976319137	2019/06/25	2019	26	176	3094.19366331827	6416854.77717776	531094.943750322	True	Östergötlands län	24.0
757	Ryr	VGotSve	1	0.586136912267265	2015/07/11	2015	28	192	1706.086033947	6520860.40326869	354175.717790374	True	Västra Götalands län	24.0
799	Fårö, St. Hoburga	OGot	1	0.923755909760441	2024/07/20	2024	29	202	1082.53705273651	6430365.33982655	748416.48122826	True	Gotlands län	32.0
835	Tosteberga ängar transekter	SGot	1	0.57686153370305	2015/06/30	2015	27	181	1733.51825624547	6207628.71862732	466269.730122957	True	Skåne län	18.0
839	Ekebo transekter	SGot	1	0.854781122368502	2011/06/25	2011	25	176	1169.89013190782	6197699.37457054	439824.877283236	True	Skåne län	12.0
842	Sånnarna slinga	SGot	1	0.749659778601322	2020/06/27	2020	26	179	1333.93844587174	6198333.29205281	453216.659215198	True	Skåne län	18.0
852	Lyckan, skogsäng	VGotSve	1	2.68935142849212	2017/06/14	2017	24	165	371.836863492654	6616196.88831394	419346.993416709	True	Värmlands län	24.0
852	Lyckan, skogsäng	VGotSve	1	2.68935142849212	2019/06/23	2019	25	174	371.836863492654	6616196.88831394	419346.993416709	True	Värmlands län	24.0
853	Torsked	VGotSve	1	1.54488653805196	2004/06/03	2004	23	155	647.296727215295	6616846.96615139	422667.611808834	True	Värmlands län	21.0
853	Torsked	VGotSve	2	3.08977307610392	2004/06/28	2004	27	180	647.296727215295	6616846.96615139	422667.611808834	True	Värmlands län	21.0
853	Torsked	VGotSve	2	3.08977307610392	2005/06/13	2005	24	164	647.296727215295	6616846.96615139	422667.611808834	True	Värmlands län	21.0
853	Torsked	VGotSve	1	1.54488653805196	2005/07/06	2005	27	187	647.296727215295	6616846.96615139	422667.611808834	True	Värmlands län	21.0
853	Torsked	VGotSve	2	3.08977307610392	2005/07/13	2005	28	194	647.296727215295	6616846.96615139	422667.611808834	True	Värmlands län	21.0
853	Torsked	VGotSve	2	3.08977307610392	2007/06/15	2007	24	166	647.296727215295	6616846.96615139	422667.611808834	True	Värmlands län	21.0
853	Torsked	VGotSve	1	1.54488653805196	2007/06/23	2007	25	174	647.296727215295	6616846.96615139	422667.611808834	True	Värmlands län	21.0
853	Torsked	VGotSve	4	6.17954615220783	2007/06/24	2007	25	175	647.296727215295	6616846.96615139	422667.611808834	True	Värmlands län	21.0
853	Torsked	VGotSve	2	3.08977307610392	2008/06/10	2008	24	162	647.296727215295	6616846.96615139	422667.611808834	True	Värmlands län	21.0
853	Torsked	VGotSve	1	1.54488653805196	2008/06/17	2008	25	169	647.296727215295	6616846.96615139	422667.611808834	True	Värmlands län	21.0
853	Torsked	VGotSve	2	3.08977307610392	2008/06/25	2008	26	177	647.296727215295	6616846.96615139	422667.611808834	True	Värmlands län	21.0
853	Torsked	VGotSve	3	4.63465961415587	2008/07/02	2008	27	184	647.296727215295	6616846.96615139	422667.611808834	True	Värmlands län	21.0
853	Torsked	VGotSve	1	1.54488653805196	2009/06/16	2009	25	167	647.296727215295	6616846.96615139	422667.611808834	True	Värmlands län	21.0
853	Torsked	VGotSve	4	6.17954615220783	2010/06/24	2010	25	175	647.296727215295	6616846.96615139	422667.611808834	True	Värmlands län	21.0
853	Torsked	VGotSve	3	4.63465961415587	2010/07/02	2010	26	183	647.296727215295	6616846.96615139	422667.611808834	True	Värmlands län	21.0
853	Torsked	VGotSve	4	6.17954615220783	2010/07/09	2010	27	190	647.296727215295	6616846.96615139	422667.611808834	True	Värmlands län	21.0
853	Torsked	VGotSve	2	3.08977307610392	2011/06/19	2011	24	170	647.296727215295	6616846.96615139	422667.611808834	True	Värmlands län	21.0
853	Torsked	VGotSve	2	3.08977307610392	2012/07/10	2012	28	192	647.296727215295	6616846.96615139	422667.611808834	True	Värmlands län	21.0
853	Torsked	VGotSve	1	1.54488653805196	2015/06/29	2015	27	180	647.296727215295	6616846.96615139	422667.611808834	True	Värmlands län	21.0
853	Torsked	VGotSve	5	7.72443269025979	2018/06/12	2018	24	163	647.296727215295	6616846.96615139	422667.611808834	True	Värmlands län	21.0
853	Torsked	VGotSve	1	1.54488653805196	2023/06/05	2023	23	156	647.296727215295	6616846.96615139	422667.611808834	True	Värmlands län	21.0
853	Torsked	VGotSve	2	3.08977307610392	2023/06/16	2023	24	167	647.296727215295	6616846.96615139	422667.611808834	True	Värmlands län	21.0
854	Torsberget	VGotSve	1	2.8040032572277	2004/06/11	2004	24	163	356.632966606713	6614852.33039146	418922.527227198	True	Värmlands län	24.0
854	Torsberget	VGotSve	1	2.8040032572277	2007/06/15	2007	24	166	356.632966606713	6614852.33039146	418922.527227198	True	Värmlands län	24.0
854	Torsberget	VGotSve	1	2.8040032572277	2007/06/24	2007	25	175	356.632966606713	6614852.33039146	418922.527227198	True	Värmlands län	24.0
854	Torsberget	VGotSve	2	5.6080065144554	2008/06/20	2008	25	172	356.632966606713	6614852.33039146	418922.527227198	True	Värmlands län	24.0
854	Torsberget	VGotSve	1	2.8040032572277	2008/06/25	2008	26	177	356.632966606713	6614852.33039146	418922.527227198	True	Värmlands län	24.0
854	Torsberget	VGotSve	1	2.8040032572277	2009/06/21	2009	25	172	356.632966606713	6614852.33039146	418922.527227198	True	Värmlands län	24.0
854	Torsberget	VGotSve	2	5.6080065144554	2009/06/29	2009	27	180	356.632966606713	6614852.33039146	418922.527227198	True	Värmlands län	24.0
854	Torsberget	VGotSve	1	2.8040032572277	2009/07/08	2009	28	189	356.632966606713	6614852.33039146	418922.527227198	True	Värmlands län	24.0
854	Torsberget	VGotSve	1	2.8040032572277	2010/06/23	2010	25	174	356.632966606713	6614852.33039146	418922.527227198	True	Värmlands län	24.0
854	Torsberget	VGotSve	1	2.8040032572277	2011/07/06	2011	27	187	356.632966606713	6614852.33039146	418922.527227198	True	Värmlands län	24.0
854	Torsberget	VGotSve	1	2.8040032572277	2017/06/14	2017	24	165	356.632966606713	6614852.33039146	418922.527227198	True	Värmlands län	24.0
855	Fördarvern	VGotSve	1	1.21538575879683	2008/07/13	2008	28	195	822.784036066008	6614765.22631985	418334.849298156	True	Värmlands län	24.0
855	Fördarvern	VGotSve	1	1.21538575879683	2009/06/29	2009	27	180	822.784036066008	6614765.22631985	418334.849298156	True	Värmlands län	24.0
855	Fördarvern	VGotSve	2	2.43077151759365	2009/07/08	2009	28	189	822.784036066008	6614765.22631985	418334.849298156	True	Värmlands län	24.0
855	Fördarvern	VGotSve	3	3.64615727639048	2011/06/14	2011	24	165	822.784036066008	6614765.22631985	418334.849298156	True	Värmlands län	24.0
856	Fensbol, Ektäppan	VGotSve	1	2.0452649800634	2005/07/14	2005	28	195	488.934201557102	6679067.31956827	390593.752212073	True	Värmlands län	24.0
856	Fensbol, Ektäppan	VGotSve	1	2.0452649800634	2008/06/17	2008	25	169	488.934201557102	6679067.31956827	390593.752212073	True	Värmlands län	24.0
856	Fensbol, Ektäppan	VGotSve	1	2.0452649800634	2008/07/01	2008	27	183	488.934201557102	6679067.31956827	390593.752212073	True	Värmlands län	24.0
856	Fensbol, Ektäppan	VGotSve	1	2.0452649800634	2010/07/02	2010	26	183	488.934201557102	6679067.31956827	390593.752212073	True	Värmlands län	24.0
856	Fensbol, Ektäppan	VGotSve	4	8.18105992025359	2015/07/01	2015	27	182	488.934201557102	6679067.31956827	390593.752212073	True	Värmlands län	24.0
856	Fensbol, Ektäppan	VGotSve	6	12.2715898803804	2016/06/25	2016	25	177	488.934201557102	6679067.31956827	390593.752212073	True	Värmlands län	24.0
856	Fensbol, Ektäppan	VGotSve	2	4.0905299601268	2020/06/23	2020	26	175	488.934201557102	6679067.31956827	390593.752212073	True	Värmlands län	24.0
856	Fensbol, Ektäppan	VGotSve	3	6.13579494019019	2022/06/29	2022	26	180	488.934201557102	6679067.31956827	390593.752212073	True	Värmlands län	24.0
856	Fensbol, Ektäppan	VGotSve	1	2.0452649800634	2023/06/24	2023	25	175	488.934201557102	6679067.31956827	390593.752212073	True	Värmlands län	24.0
888	Båstorp, Ale	VGotSve	2	3.79212975819907	2015/07/11	2015	28	192	527.408112993956	6430257.09754863	330215.113840743	True	Västra Götalands län	21.0
903	Stråslingan	OSve	5	1.51796660846666	2016/06/14	2016	24	166	3293.88009730374	6645239.21997171	589161.716257533	True	Västmanlands län	21.0
903	Stråslingan	OSve	2	0.607186643386665	2016/07/03	2016	26	185	3293.88009730374	6645239.21997171	589161.716257533	True	Västmanlands län	21.0
903	Stråslingan	OSve	1	0.303593321693333	2017/06/28	2017	26	179	3293.88009730374	6645239.21997171	589161.716257533	True	Västmanlands län	21.0
903	Stråslingan	OSve	3	0.910779965079998	2017/07/06	2017	27	187	3293.88009730374	6645239.21997171	589161.716257533	True	Västmanlands län	21.0
903	Stråslingan	OSve	3	0.910779965079998	2017/07/19	2017	29	200	3293.88009730374	6645239.21997171	589161.716257533	True	Västmanlands län	21.0
905	Skeppsvik	OSve	1	0.37626310251037	2016/06/09	2016	23	161	2657.71475685007	6499523.53538246	605776.123114422	True	Södermanlands län	2.0
905	Skeppsvik	OSve	1	0.37626310251037	2016/06/25	2016	25	177	2657.71475685007	6499523.53538246	605776.123114422	True	Södermanlands län	2.0
905	Skeppsvik	OSve	1	0.37626310251037	2016/07/08	2016	27	190	2657.71475685007	6499523.53538246	605776.123114422	True	Södermanlands län	2.0
905	Skeppsvik	OSve	1	0.37626310251037	2017/06/06	2017	23	157	2657.71475685007	6499523.53538246	605776.123114422	True	Södermanlands län	2.0
905	Skeppsvik	OSve	1	0.37626310251037	2018/06/18	2018	25	169	2657.71475685007	6499523.53538246	605776.123114422	True	Södermanlands län	2.0
905	Skeppsvik	OSve	7	2.63384171757259	2023/06/23	2023	25	174	2657.71475685007	6499523.53538246	605776.123114422	True	Södermanlands län	2.0
905	Skeppsvik	OSve	2	0.752526205020739	2024/07/21	2024	29	203	2657.71475685007	6499523.53538246	605776.123114422	True	Södermanlands län	2.0
915	Knutserud	VGotSve	1	1.95555038513799	2017/06/21	2017	25	172	511.364988394015	6616771.81749814	407188.523794245	True	Värmlands län	21.0
915	Knutserud	VGotSve	1	1.95555038513799	2024/06/15	2024	24	167	511.364988394015	6616771.81749814	407188.523794245	True	Värmlands län	21.0
916	Råbäcksängen	VGotSve	2	9.50544358482098	2024/06/15	2024	24	167	210.4057514153	6616271.18940187	406213.060075232	True	Värmlands län	24.0
917	Mickelstorp	VGotSve	5	12.3736635781779	2017/06/21	2017	25	172	404.084042564238	6616411.77771887	405855.516121432	True	Värmlands län	25.0
917	Mickelstorp	VGotSve	1	2.47473271563558	2020/06/20	2020	25	172	404.084042564238	6616411.77771887	405855.516121432	True	Värmlands län	25.0
917	Mickelstorp	VGotSve	1	2.47473271563558	2024/06/01	2024	22	153	404.084042564238	6616411.77771887	405855.516121432	True	Värmlands län	25.0
917	Mickelstorp	VGotSve	5	12.3736635781779	2024/06/15	2024	24	167	404.084042564238	6616411.77771887	405855.516121432	True	Värmlands län	25.0
918	Alstrumsängen	VGotSve	6	4.69625469246229	2017/06/27	2017	26	178	1277.61384186217	6596483.23336165	419884.181167982	True	Värmlands län	18.0
918	Alstrumsängen	VGotSve	1	0.782709115410381	2020/06/09	2020	24	161	1277.61384186217	6596483.23336165	419884.181167982	True	Värmlands län	18.0
918	Alstrumsängen	VGotSve	1	0.782709115410381	2022/06/19	2022	24	170	1277.61384186217	6596483.23336165	419884.181167982	True	Värmlands län	18.0
918	Alstrumsängen	VGotSve	3	2.34812734623114	2023/06/20	2023	25	171	1277.61384186217	6596483.23336165	419884.181167982	True	Värmlands län	18.0
918	Alstrumsängen	VGotSve	4	3.13083646164152	2024/06/17	2024	25	169	1277.61384186217	6596483.23336165	419884.181167982	True	Värmlands län	18.0
919	Almarskogen	VGotSve	3	3.8957667966862	2017/06/27	2017	26	178	770.06662784637	6591455.91670711	415055.345658723	True	Värmlands län	24.0
919	Almarskogen	VGotSve	1	1.29858893222873	2021/06/24	2021	25	175	770.06662784637	6591455.91670711	415055.345658723	True	Värmlands län	24.0
958	Hågadalen Södra Norby	OSve	2	1.17935701826469	2016/06/30	2016	26	182	1695.83931670056	6635131.02333135	645941.95235627	True	Uppsala län	12.0
958	Hågadalen Södra Norby	OSve	10	5.89678509132343	2017/06/28	2017	26	179	1695.83931670056	6635131.02333135	645941.95235627	True	Uppsala län	12.0
958	Hågadalen Södra Norby	OSve	1	0.589678509132343	2017/07/24	2017	30	205	1695.83931670056	6635131.02333135	645941.95235627	True	Uppsala län	12.0
958	Hågadalen Södra Norby	OSve	1	0.589678509132343	2018/06/26	2018	26	177	1695.83931670056	6635131.02333135	645941.95235627	True	Uppsala län	12.0
958	Hågadalen Södra Norby	OSve	2	1.17935701826469	2020/06/29	2020	27	181	1695.83931670056	6635131.02333135	645941.95235627	True	Uppsala län	12.0
958	Hågadalen Södra Norby	OSve	1	0.589678509132343	2021/06/24	2021	25	175	1695.83931670056	6635131.02333135	645941.95235627	True	Uppsala län	12.0
958	Hågadalen Södra Norby	OSve	1	0.589678509132343	2021/07/02	2021	26	183	1695.83931670056	6635131.02333135	645941.95235627	True	Uppsala län	12.0
958	Hågadalen Södra Norby	OSve	1	0.589678509132343	2021/07/10	2021	27	191	1695.83931670056	6635131.02333135	645941.95235627	True	Uppsala län	12.0
958	Hågadalen Södra Norby	OSve	2	1.17935701826469	2021/07/18	2021	28	199	1695.83931670056	6635131.02333135	645941.95235627	True	Uppsala län	12.0
958	Hågadalen Södra Norby	OSve	1	0.589678509132343	2022/06/21	2022	25	172	1695.83931670056	6635131.02333135	645941.95235627	True	Uppsala län	12.0
958	Hågadalen Södra Norby	OSve	1	0.589678509132343	2022/06/30	2022	26	181	1695.83931670056	6635131.02333135	645941.95235627	True	Uppsala län	12.0
958	Hågadalen Södra Norby	OSve	2	1.17935701826469	2022/07/19	2022	29	200	1695.83931670056	6635131.02333135	645941.95235627	True	Uppsala län	12.0
958	Hågadalen Södra Norby	OSve	1	0.589678509132343	2023/06/10	2023	23	161	1695.83931670056	6635131.02333135	645941.95235627	True	Uppsala län	12.0
958	Hågadalen Södra Norby	OSve	1	0.589678509132343	2023/06/20	2023	25	171	1695.83931670056	6635131.02333135	645941.95235627	True	Uppsala län	12.0
958	Hågadalen Södra Norby	OSve	2	1.17935701826469	2023/06/27	2023	26	178	1695.83931670056	6635131.02333135	645941.95235627	True	Uppsala län	12.0
958	Hågadalen Södra Norby	OSve	3	1.76903552739703	2023/07/08	2023	27	189	1695.83931670056	6635131.02333135	645941.95235627	True	Uppsala län	12.0
958	Hågadalen Södra Norby	OSve	2	1.17935701826469	2023/07/19	2023	29	200	1695.83931670056	6635131.02333135	645941.95235627	True	Uppsala län	12.0
958	Hågadalen Södra Norby	OSve	2	1.17935701826469	2024/07/09	2024	28	191	1695.83931670056	6635131.02333135	645941.95235627	True	Uppsala län	12.0
958	Hågadalen Södra Norby	OSve	1	0.589678509132343	2024/07/20	2024	29	202	1695.83931670056	6635131.02333135	645941.95235627	True	Uppsala län	12.0
958	Hågadalen Södra Norby	OSve	1	0.589678509132343	2025/06/26	2025	26	177	1695.83931670056	6635131.02333135	645941.95235627	True	Uppsala län	12.0
958	Hågadalen Södra Norby	OSve	1	0.589678509132343	2025/07/01	2025	27	182	1695.83931670056	6635131.02333135	645941.95235627	True	Uppsala län	12.0
958	Hågadalen Södra Norby	OSve	1	0.589678509132343	2025/07/09	2025	28	190	1695.83931670056	6635131.02333135	645941.95235627	True	Uppsala län	12.0
958	Hågadalen Södra Norby	OSve	1	0.589678509132343	2025/07/16	2025	29	197	1695.83931670056	6635131.02333135	645941.95235627	True	Uppsala län	12.0
958	Hågadalen Södra Norby	OSve	1	0.589678509132343	2025/07/28	2025	31	209	1695.83931670056	6635131.02333135	645941.95235627	True	Uppsala län	12.0
963	Hälle	VGotSve	5	2.62241073994999	2024/06/02	2024	22	154	1906.64258799342	6624619.56271603	349690.38363458	True	Värmlands län	24.0
963	Hälle	VGotSve	3	1.57344644397	2025/06/13	2025	24	164	1906.64258799342	6624619.56271603	349690.38363458	True	Värmlands län	24.0
976	Igelbäcken naturreservat	OSve	2	0.593629500612339	2017/06/17	2017	24	168	3369.10480011011	6587500.98693882	668522.410269374	True	Stockholms län	18.0
976	Igelbäcken naturreservat	OSve	3	0.890444250918508	2017/07/06	2017	27	187	3369.10480011011	6587500.98693882	668522.410269374	True	Stockholms län	18.0
976	Igelbäcken naturreservat	OSve	3	0.890444250918508	2017/07/20	2017	29	201	3369.10480011011	6587500.98693882	668522.410269374	True	Stockholms län	18.0
976	Igelbäcken naturreservat	OSve	1	0.296814750306169	2018/06/08	2018	23	159	3369.10480011011	6587500.98693882	668522.410269374	True	Stockholms län	18.0
976	Igelbäcken naturreservat	OSve	5	1.48407375153085	2018/06/16	2018	24	167	3369.10480011011	6587500.98693882	668522.410269374	True	Stockholms län	18.0
976	Igelbäcken naturreservat	OSve	2	0.593629500612339	2018/07/08	2018	27	189	3369.10480011011	6587500.98693882	668522.410269374	True	Stockholms län	18.0
976	Igelbäcken naturreservat	OSve	1	0.296814750306169	2018/07/22	2018	29	203	3369.10480011011	6587500.98693882	668522.410269374	True	Stockholms län	18.0
1007	Boåsen 6378	VGotSve	1	2.89220613143922	2015/08/02	2015	31	214	345.756821801073	6524767.49220518	449257.737504544	True	Västra Götalands län	12.0
1008	Boåsen 6603	VGotSve	1	2.17810954069685	2015/08/02	2015	31	214	459.113732030239	6524693.60571203	449513.521146455	True	Västra Götalands län	12.0
1009	Boåsen 7563	VGotSve	1	4.24961804798569	2015/08/02	2015	31	214	235.315265679935	6524814.75494448	449115.227448619	True	Västra Götalands län	12.0
1036	Långsered A	VGotSve	1	2.70735716010459	2015/06/16	2015	25	167	369.363900240398	6412461.40830869	415266.005620799	True	Västra Götalands län	21.0
1037	Långsered B	VGotSve	1	10.2900830302192	2015/08/06	2015	32	218	97.180945679765	6412431.73721133	415376.308401286	True	Västra Götalands län	21.0
1057	Åsabacken	VGotSve	1	2.91027905964097	2015/08/02	2015	31	214	343.609660622499	6460451.16761455	423270.812565547	True	Västra Götalands län	12.0
1068	Älleköpinge slinga	SGot	3	1.75659397336016	2017/07/04	2017	27	185	1707.85055937619	6198516.57626713	451447.278261992	True	Skåne län	12.0
1068	Älleköpinge slinga	SGot	1	0.585531324453388	2017/08/08	2017	32	220	1707.85055937619	6198516.57626713	451447.278261992	True	Skåne län	12.0
1069	Betesmark öster om Dalby, transekter	SGot	1	1.02805206195231	2017/07/08	2017	27	189	972.713383893192	6169668.60031873	398015.991924706	True	Skåne län	18.0
1085	Kaninlandet	SGot	1	0.786424544876373	2021/06/05	2021	22	156	1271.57780935894	6171198.68930745	400066.179417732	True	Skåne län	12.0
1098	Medevi	OGot	2	0.5028500621329	2019/06/23	2019	25	174	3977.32873198177	6504298.91237061	497219.422926074	True	Östergötlands län	25.0
1098	Medevi	OGot	1	0.25142503106645	2020/06/01	2020	23	153	3977.32873198177	6504298.91237061	497219.422926074	True	Östergötlands län	25.0
1098	Medevi	OGot	1	0.25142503106645	2022/07/19	2022	29	200	3977.32873198177	6504298.91237061	497219.422926074	True	Östergötlands län	25.0
1098	Medevi	OGot	1	0.25142503106645	2023/06/20	2023	25	171	3977.32873198177	6504298.91237061	497219.422926074	True	Östergötlands län	25.0
1098	Medevi	OGot	1	0.25142503106645	2023/06/25	2023	25	176	3977.32873198177	6504298.91237061	497219.422926074	True	Östergötlands län	25.0
1102	Ignaberga flygplats slinga 1	SGot	1	0.549044829571318	2009/06/26	2009	26	177	1821.34489961553	6221631.69221138	430495.573310389	True	Skåne län	12.0
2648	Loppängarna, Muskö	OSve	2	1.06776727832516	2019/07/22	2019	30	203	1873.06732524815	6542902.97424501	679083.141559514	True	Stockholms län	12.0
2683	Sundsbron Lelångebanan	VGotSve	6	2.29350658559551	2019/05/19	2019	20	139	2616.08143516279	6489189.68027748	324848.864468882	True	Västra Götalands län	24.0
2683	Sundsbron Lelångebanan	VGotSve	8	3.05800878079401	2019/06/10	2019	24	161	2616.08143516279	6489189.68027748	324848.864468882	True	Västra Götalands län	24.0
2683	Sundsbron Lelångebanan	VGotSve	11	4.20476207359177	2019/06/30	2019	26	181	2616.08143516279	6489189.68027748	324848.864468882	True	Västra Götalands län	24.0
2683	Sundsbron Lelångebanan	VGotSve	10	3.82251097599251	2019/07/17	2019	29	198	2616.08143516279	6489189.68027748	324848.864468882	True	Västra Götalands län	24.0
2707	Berthåga kyrkogård	OSve	1	0.483871107995489	2019/06/30	2019	26	181	2066.66606762833	6638460.45070111	644223.752555142	True	Uppsala län	11.0
2707	Berthåga kyrkogård	OSve	11	5.32258218795038	2020/06/14	2020	24	166	2066.66606762833	6638460.45070111	644223.752555142	True	Uppsala län	11.0
2707	Berthåga kyrkogård	OSve	2	0.967742215990979	2020/06/27	2020	26	179	2066.66606762833	6638460.45070111	644223.752555142	True	Uppsala län	11.0
2707	Berthåga kyrkogård	OSve	1	0.483871107995489	2021/07/12	2021	28	193	2066.66606762833	6638460.45070111	644223.752555142	True	Uppsala län	11.0
2707	Berthåga kyrkogård	OSve	2	0.967742215990979	2022/06/30	2022	26	181	2066.66606762833	6638460.45070111	644223.752555142	True	Uppsala län	11.0
2707	Berthåga kyrkogård	OSve	21	10.1612932679053	2023/06/17	2023	24	168	2066.66606762833	6638460.45070111	644223.752555142	True	Uppsala län	11.0
2707	Berthåga kyrkogård	OSve	2	0.967742215990979	2023/07/17	2023	29	198	2066.66606762833	6638460.45070111	644223.752555142	True	Uppsala län	11.0
2707	Berthåga kyrkogård	OSve	3	1.45161332398647	2024/06/21	2024	25	173	2066.66606762833	6638460.45070111	644223.752555142	True	Uppsala län	11.0
2707	Berthåga kyrkogård	OSve	1	0.483871107995489	2024/07/16	2024	29	198	2066.66606762833	6638460.45070111	644223.752555142	True	Uppsala län	11.0
2711	Böneruds fornåkrar	OSve	2	1.80000400677512	2019/07/25	2019	30	206	1111.10863779864	6555548.28638879	536523.199551561	True	Örebro län	29.0
2712	Derbol	OSve	2	1.06931474836203	2022/06/17	2022	24	168	1870.35669625206	6556141.23835591	539017.245155311	True	Örebro län	21.0
2740	Svensvik, Åbyfjorden	VGotSve	1	1.31305472545962	2025/07/29	2025	31	210	761.582880446936	6477526.38669582	289546.574323284	True	Västra Götalands län	32.0
2758	Soldatängen Motala	OGot	1	0.94207320411619	2020/07/09	2020	28	191	1061.48863552292	6491709.63321639	503974.307523033	True	Östergötlands län	23.0
2758	Soldatängen Motala	OGot	1	0.94207320411619	2023/06/26	2023	26	177	1061.48863552292	6491709.63321639	503974.307523033	True	Östergötlands län	23.0
2768	Kocktorp 2, Ängsö	OSve	3	1.44268819943991	2017/06/18	2017	24	169	2079.45140271105	6601844.93068236	606178.165430919	True	Västmanlands län	29.0
2768	Kocktorp 2, Ängsö	OSve	1	0.480896066479969	2017/07/15	2017	28	196	2079.45140271105	6601844.93068236	606178.165430919	True	Västmanlands län	29.0
2768	Kocktorp 2, Ängsö	OSve	1	0.480896066479969	2018/07/10	2018	28	191	2079.45140271105	6601844.93068236	606178.165430919	True	Västmanlands län	29.0
2799	Edeby naturreservat	VGotSve	1	0.984252431054244	2022/06/21	2022	25	172	1015.9995225299	6617504.15386762	414893.103604438	True	Värmlands län	25.0
2801	Prästgårdsön, Pannkakan	VGotSve	1	0.925534787195657	2018/06/05	2018	23	156	1080.45641701915	6608004.5379006	415888.099757385	True	Värmlands län	29.0
2801	Prästgårdsön, Pannkakan	VGotSve	1	0.925534787195657	2019/06/22	2019	25	173	1080.45641701915	6608004.5379006	415888.099757385	True	Värmlands län	29.0
2803	Gårdsviksmossen	VGotSve	1	1.10150259677994	2023/06/12	2023	24	163	907.850787572662	6589139.48226155	378238.892267068	True	Värmlands län	12.0
2804	Lafallhöjden	VGotSve	2	2.29438688031746	2017/06/27	2017	26	178	871.692571622127	6646096.63450701	365544.605252439	True	Värmlands län	24.0
2804	Lafallhöjden	VGotSve	4	4.58877376063493	2018/06/28	2018	26	179	871.692571622127	6646096.63450701	365544.605252439	True	Värmlands län	24.0
2804	Lafallhöjden	VGotSve	3	3.4415803204762	2020/06/24	2020	26	176	871.692571622127	6646096.63450701	365544.605252439	True	Värmlands län	24.0
2804	Lafallhöjden	VGotSve	2	2.29438688031746	2021/06/15	2021	24	166	871.692571622127	6646096.63450701	365544.605252439	True	Värmlands län	24.0
2804	Lafallhöjden	VGotSve	2	2.29438688031746	2021/06/24	2021	25	175	871.692571622127	6646096.63450701	365544.605252439	True	Värmlands län	24.0
2804	Lafallhöjden	VGotSve	3	3.4415803204762	2023/06/12	2023	24	163	871.692571622127	6646096.63450701	365544.605252439	True	Värmlands län	24.0
2804	Lafallhöjden	VGotSve	1	1.14719344015873	2024/06/20	2024	25	172	871.692571622127	6646096.63450701	365544.605252439	True	Värmlands län	24.0
2805	Genbäcken	VGotSve	6	8.66201875975546	2017/06/28	2017	26	179	692.679174036953	6613433.20849464	419271.619016137	True	Värmlands län	24.0
2805	Genbäcken	VGotSve	3	4.33100937987773	2022/06/21	2022	25	172	692.679174036953	6613433.20849464	419271.619016137	True	Värmlands län	24.0
2805	Genbäcken	VGotSve	3	4.33100937987773	2023/06/16	2023	24	167	692.679174036953	6613433.20849464	419271.619016137	True	Värmlands län	24.0
2819	Åsa gravfält	OSve	1	0.3979876935049	2022/07/13	2022	28	194	2512.64050703037	6585535.80467154	624248.808444164	True	Södermanlands län	12.0
2859	Pelarbo slinga	OGot	1	0.468822119636116	2018/06/08	2018	23	159	2133.00515934736	6452407.01135334	487040.737578474	True	Östergötlands län	24.0
2859	Pelarbo slinga	OGot	2	0.937644239272232	2018/07/01	2018	26	182	2133.00515934736	6452407.01135334	487040.737578474	True	Östergötlands län	24.0
2859	Pelarbo slinga	OGot	1	0.468822119636116	2019/06/14	2019	24	165	2133.00515934736	6452407.01135334	487040.737578474	True	Östergötlands län	24.0
2859	Pelarbo slinga	OGot	1	0.468822119636116	2020/07/18	2020	29	200	2133.00515934736	6452407.01135334	487040.737578474	True	Östergötlands län	24.0
2884	Dösjebro-ån-gamla tippen	SGot	1	0.314995306920925	2021/07/15	2021	28	196	3174.65047265303	6188127.45185154	376050.275533986	True	Skåne län	2.0
2884	Dösjebro-ån-gamla tippen	SGot	1	0.314995306920925	2021/08/21	2021	33	233	3174.65047265303	6188127.45185154	376050.275533986	True	Skåne län	2.0
2885	Dyestad	OGot	2	0.89042396606322	2020/07/02	2020	27	184	2246.1210347274	6287309.54786221	600794.789530164	True	Kalmar län	23.0
2885	Dyestad	OGot	6	2.67127189818966	2020/07/21	2020	30	203	2246.1210347274	6287309.54786221	600794.789530164	True	Kalmar län	23.0
2885	Dyestad	OGot	1	0.44521198303161	2020/08/10	2020	33	223	2246.1210347274	6287309.54786221	600794.789530164	True	Kalmar län	23.0
2890	Simängsvägen	OSve	1	1.10421933515587	2024/07/12	2024	28	194	905.617179632922	6582335.37462177	517504.329256932	True	Örebro län	24.0
2908	Kleva strand	OGot	1	0.490139973510149	2021/06/14	2021	24	165	2040.23351296667	6267636.07816905	585701.926178237	True	Kalmar län	12.0
2908	Kleva strand	OGot	1	0.490139973510149	2021/07/18	2021	28	199	2040.23351296667	6267636.07816905	585701.926178237	True	Kalmar län	12.0
2908	Kleva strand	OGot	1	0.490139973510149	2022/07/20	2022	29	201	2040.23351296667	6267636.07816905	585701.926178237	True	Kalmar län	12.0
2908	Kleva strand	OGot	1	0.490139973510149	2024/07/20	2024	29	202	2040.23351296667	6267636.07816905	585701.926178237	True	Kalmar län	12.0
2911	Styggtjärn	NSveSNor	3	0.839277303315117	2020/06/28	2020	26	180	3574.50390729036	6668724.25025239	502767.661666387	True	Dalarnas län	24.0
2911	Styggtjärn	NSveSNor	1	0.279759101105039	2021/06/02	2021	22	153	3574.50390729036	6668724.25025239	502767.661666387	True	Dalarnas län	24.0
2911	Styggtjärn	NSveSNor	1	0.279759101105039	2022/07/07	2022	27	188	3574.50390729036	6668724.25025239	502767.661666387	True	Dalarnas län	24.0
2911	Styggtjärn	NSveSNor	1	0.279759101105039	2024/06/04	2024	23	156	3574.50390729036	6668724.25025239	502767.661666387	True	Dalarnas län	24.0
2924	Knösen, slinga	SGot	1	0.480431835282848	2023/06/20	2023	25	171	2081.46073294927	6145198.56081624	364811.443379511	True	Skåne län	12.0
2949	Klammersbäck transekter	SGot	1	0.998998340212966	2010/07/04	2010	26	185	1001.00266411536	6174073.32122708	448116.447186567	True	Skåne län	18.0
2949	Klammersbäck transekter	SGot	1	0.998998340212966	2010/07/16	2010	28	197	1001.00266411536	6174073.32122708	448116.447186567	True	Skåne län	18.0
2956	Kung Björns hög - Högbyhatt	OSve	3	1.04908888013259	2022/07/09	2022	27	190	2859.62424806262	6635224.02870524	644383.125704021	True	Uppsala län	24.0
2956	Kung Björns hög - Högbyhatt	OSve	1	0.349696293377529	2025/07/19	2025	29	200	2859.62424806262	6635224.02870524	644383.125704021	True	Uppsala län	24.0
3115	Norrskog	OGot	6	3.12247162241423	2023/06/23	2023	25	174	1921.55469306105	6351257.20327428	496570.642046297	True	Jönköpings län	24.0
3136	Gilsåsen	OSve	2	0.993839790346468	2021/06/15	2021	24	166	2012.39678610852	6575808.33782405	490393.97765745	True	Örebro län	24.0
3136	Gilsåsen	OSve	2	0.993839790346468	2021/06/24	2021	25	175	2012.39678610852	6575808.33782405	490393.97765745	True	Örebro län	24.0
3136	Gilsåsen	OSve	6	2.9815193710394	2022/06/25	2022	25	176	2012.39678610852	6575808.33782405	490393.97765745	True	Örebro län	24.0
3136	Gilsåsen	OSve	1	0.496919895173234	2022/07/14	2022	28	195	2012.39678610852	6575808.33782405	490393.97765745	True	Örebro län	24.0
3136	Gilsåsen	OSve	6	2.9815193710394	2023/06/10	2023	23	161	2012.39678610852	6575808.33782405	490393.97765745	True	Örebro län	24.0
3136	Gilsåsen	OSve	10	4.96919895173234	2023/06/25	2023	25	176	2012.39678610852	6575808.33782405	490393.97765745	True	Örebro län	24.0
3136	Gilsåsen	OSve	4	1.98767958069294	2024/06/25	2024	26	177	2012.39678610852	6575808.33782405	490393.97765745	True	Örebro län	24.0
3137	Lövnäset, Frösvidal	OSve	5	2.23325948869806	2023/06/12	2023	24	163	2238.87999818368	6581232.60627629	498258.414606896	True	Örebro län	24.0
3137	Lövnäset, Frösvidal	OSve	2	0.893303795479225	2023/06/29	2023	26	180	2238.87999818368	6581232.60627629	498258.414606896	True	Örebro län	24.0
3137	Lövnäset, Frösvidal	OSve	4	1.78660759095845	2024/06/19	2024	25	171	2238.87999818368	6581232.60627629	498258.414606896	True	Örebro län	24.0
3137	Lövnäset, Frösvidal	OSve	1	0.446651897739612	2024/07/11	2024	28	193	2238.87999818368	6581232.60627629	498258.414606896	True	Örebro län	24.0
3137	Lövnäset, Frösvidal	OSve	3	1.33995569321884	2025/07/16	2025	29	197	2238.87999818368	6581232.60627629	498258.414606896	True	Örebro län	24.0
3196	Stadsnära lantgård, Lidköping	VGotSve	4	4.68691632378546	2023/06/14	2023	24	165	853.43960157781	6486052.81569435	389811.430766084	True	Västra Götalands län	12.0
3196	Stadsnära lantgård, Lidköping	VGotSve	3	3.5151872428391	2023/06/22	2023	25	173	853.43960157781	6486052.81569435	389811.430766084	True	Västra Götalands län	12.0
3226	Sötåsens naturbruksskola	VGotSve	2	1.10023857129244	2018/06/09	2018	23	160	1817.78757097256	6504873.42154947	449724.076205868	True	Västra Götalands län	24.0
3244	Fensbol, Petteråsen	VGotSve	2	2.48088806444052	2021/06/11	2021	23	162	806.162933615078	6678374.92717915	390289.362853416	True	Värmlands län	12.0
3244	Fensbol, Petteråsen	VGotSve	2	2.48088806444052	2024/06/23	2024	25	175	806.162933615078	6678374.92717915	390289.362853416	True	Värmlands län	12.0
3278	Dalby fälad no 5	SGot	1	0.563550603415756	2023/06/14	2023	24	165	1774.4635422957	6171012.42521251	398402.169686069	True	Skåne län	18.0
3278	Dalby fälad no 5	SGot	1	0.563550603415756	2023/06/25	2023	25	176	1774.4635422957	6171012.42521251	398402.169686069	True	Skåne län	18.0
3285	Moen	OGot	1	0.443011130669798	2022/07/17	2022	28	198	2257.27962746236	6286910.24422371	455559.738118169	True	Kronobergs län	24.0
3286	Fagerhults naturreservat	OGot	1	0.527455535637522	2022/06/27	2022	26	178	1895.89440708272	6289661.95456203	453510.20442196	True	Kronobergs län	23.0
3575	Nybrofältet	SGot	1	0.747538121711034	2023/06/25	2023	25	176	1337.724419607	6144503.47831474	432362.917345749	True	Skåne län	18.0
3575	Nybrofältet	SGot	1	0.747538121711034	2025/06/22	2025	25	173	1337.724419607	6144503.47831474	432362.917345749	True	Skåne län	18.0
3575	Nybrofältet	SGot	2	1.49507624342207	2025/06/26	2025	26	177	1337.724419607	6144503.47831474	432362.917345749	True	Skåne län	18.0
3617	Vårdsätra skog	OSve	2	0.755109131574257	2024/06/06	2024	23	158	2648.62377684453	6631751.35375597	647311.82213123	True	Uppsala län	23.0
3765	Strömsmarkssätern	VGotSve	1	0.759831347127954	2025/07/11	2025	28	192	1316.08152753877	6625193.37668352	331049.364088004	True	Värmlands län	24.0
3769	Grunneröd	VGotSve	2	1.93918843645185	2023/06/11	2023	23	162	1031.35928536136	6436164.92473493	330310.44280691	True	Västra Götalands län	24.0
3789	Uddevik	VGotSve	1	0.284143573890897	2023/06/03	2023	22	154	3519.34758300735	6596981.93319017	426964.988296604	True	Värmlands län	24.0
3789	Uddevik	VGotSve	5	1.42071786945449	2024/06/15	2024	24	167	3519.34758300735	6596981.93319017	426964.988296604	True	Värmlands län	24.0
3789	Uddevik	VGotSve	1	0.284143573890897	2024/07/08	2024	28	190	3519.34758300735	6596981.93319017	426964.988296604	True	Värmlands län	24.0
3789	Uddevik	VGotSve	6	1.70486144334538	2025/07/09	2025	28	190	3519.34758300735	6596981.93319017	426964.988296604	True	Värmlands län	24.0
3893	Granbacken, Berg	OSve	3	3.68928804720147	2023/06/15	2023	24	166	813.165023066081	6646820.19053464	571221.260037573	True	Västmanlands län	12.0
3893	Granbacken, Berg	OSve	1	1.22976268240049	2023/06/28	2023	26	179	813.165023066081	6646820.19053464	571221.260037573	True	Västmanlands län	12.0
3893	Granbacken, Berg	OSve	1	1.22976268240049	2023/08/23	2023	34	235	813.165023066081	6646820.19053464	571221.260037573	True	Västmanlands län	12.0
3893	Granbacken, Berg	OSve	1	1.22976268240049	2024/06/11	2024	24	163	813.165023066081	6646820.19053464	571221.260037573	True	Västmanlands län	12.0
3893	Granbacken, Berg	OSve	1	1.22976268240049	2024/07/22	2024	30	204	813.165023066081	6646820.19053464	571221.260037573	True	Västmanlands län	12.0
3894	Cronberget-Vallvägen, Berg	OSve	1	0.61095368956986	2023/06/29	2023	26	180	1636.7852704254	6648109.27808492	570929.631420633	True	Västmanlands län	24.0
3918	naturum Stenshuvud, fjärilsslinga	SGot	4	3.09670470861764	2025/06/24	2025	26	175	1291.69564952985	6168018.62131051	454195.245733927	True	Skåne län	23.0
3946	Kumlan	SGot	1	0.682196976129727	2025/07/10	2025	28	191	1465.85229045319	6180132.00302885	445566.050308094	True	Skåne län	18.0
3950	Rinkaby skjutfält	SGot	1	0.774270049410838	2024/07/08	2024	28	190	1291.53904475696	6202141.24282574	457465.435476975	True	Skåne län	18.0
4071	Ishult slinga	NSveSNor	3	9.34830526697959	2024/06/16	2024	24	168	320.913782158645	6371113.68631472	576162.612926081	True	Kalmar län	24.0
4201	Vitemölla	SGot	2	0.174310788435525	2024/07/15	2024	29	197	11473.7591284533	6173930.96114514	449799.374746218	True	Skåne län	18.0
4201	Vitemölla	SGot	4	0.348621576871051	2025/07/07	2025	28	188	11473.7591284533	6173930.96114514	449799.374746218	True	Skåne län	18.0
4262	Pommerndalen	OSve	2	1.40458684554067	2025/06/30	2025	27	181	1423.90625851984	6593090.26867472	665160.221214938	True	Stockholms län	24.0
