landscape	model	rep	comparison	simulation_hist_year	simulation_modern_year	historical_FROH	modern_FROH	delta_FROH	empirical_historical_FROH	empirical_modern_FROH	empirical_delta_FROH	delta_error
full	Kexp1p3_D120	rep001	W_Skane	1951	2020	0.0372895580006372	0.0302712727374804	-0.00701828526315684	0.0082	0.061375	0.053175	-0.0601932852631568
full	Kexp1p3_D120	rep001	E_Skane	1956	2020	0.0353182060625293	0.0250189021804977	-0.0102993038820316	0.0084	0.016125	0.007725	-0.0180243038820316
full	Kexp1p3_D120	rep001	Ehist_to_SEmodern	1956	2020	0.0353182060625293	0.0389636547909368	0.00364544872840756	0.0084	0.1537142857	0.1453142857	-0.141668836971592
full	Kexp1p3_D120	rep002	W_Skane	1951	2020	0.0210412030748096	0.0288379904536761	0.00779678737886648	0.0082	0.061375	0.053175	-0.0453782126211335
full	Kexp1p3_D120	rep002	E_Skane	1956	2020	0.0222472369390756	0.0504150499346928	0.0281678129956172	0.0084	0.016125	0.007725	0.0204428129956172
full	Kexp1p3_D120	rep002	Ehist_to_SEmodern	1956	2020	0.0222472369390756	0.026164037392356	0.0039168004532804	0.0084	0.1537142857	0.1453142857	-0.14139748524672
full	Kexp1p3_D120	rep003	W_Skane	1951	2020	0.0240207522223512	0.0241946367366852	0.000173884514334029	0.0082	0.061375	0.053175	-0.053001115485666
full	Kexp1p3_D120	rep003	E_Skane	1956	2020	0.0221191016914986	0.0312823084277845	0.00916320673628597	0.0084	0.016125	0.007725	0.00143820673628597
full	Kexp1p3_D120	rep003	Ehist_to_SEmodern	1956	2020	0.0221191016914986	0.0354945431980225	0.0133754415065239	0.0084	0.1537142857	0.1453142857	-0.131938844193476
full	Kexp1p3_D120	rep004	W_Skane	1951	2020	0.0224851250586922	0.0379864948713662	0.0155013698126739	0.0082	0.061375	0.053175	-0.0376736301873261
full	Kexp1p3_D120	rep004	E_Skane	1956	2020	0.0289288954537771	0.0778728819726522	0.0489439865188751	0.0084	0.016125	0.007725	0.0412189865188751
full	Kexp1p3_D120	rep004	Ehist_to_SEmodern	1956	2020	0.0289288954537771	0.027439829669234	-0.00148906578454309	0.0084	0.1537142857	0.1453142857	-0.146803351484543
full	Kexp1p3_D120	rep005	W_Skane	1951	2020	0.0271999769233816	0.0241083720582024	-0.0030916048651792	0.0082	0.061375	0.053175	-0.0562666048651792
full	Kexp1p3_D120	rep005	E_Skane	1956	2020	0.0261877323188711	0.0441351307090549	0.0179473983901838	0.0084	0.016125	0.007725	0.0102223983901838
full	Kexp1p3_D120	rep005	Ehist_to_SEmodern	1956	2020	0.0261877323188711	0.0468662203145768	0.0206784879957056	0.0084	0.1537142857	0.1453142857	-0.124635797704294
no_oland	Kexp1p2_D120	rep001	W_Skane	1951	2020	0.017410615626641	0.021308414497901	0.00389779887126	0.0082	0.061375	0.053175	-0.04927720112874
no_oland	Kexp1p2_D120	rep001	E_Skane	1956	2020	0.0263146720034187	0.0342762613001443	0.0079615892967256	0.0084	0.016125	0.007725	0.000236589296725596
no_oland	Kexp1p2_D120	rep001	Ehist_to_SEmodern	1956	2020	0.0263146720034187	0.0226971758361362	-0.00361749616728253	0.0084	0.1537142857	0.1453142857	-0.148931781867283
no_oland	Kexp1p2_D120	rep002	W_Skane	1951	2020	0.0163692621509526	0.0456431212205775	0.0292738590696249	0.0082	0.061375	0.053175	-0.0239011409303751
no_oland	Kexp1p2_D120	rep002	E_Skane	1956	2020	0.0231841082878063	0.0270418369329088	0.00385772864510243	0.0084	0.016125	0.007725	-0.00386727135489757
no_oland	Kexp1p2_D120	rep002	Ehist_to_SEmodern	1956	2020	0.0231841082878063	0.0648512415852999	0.0416671332974936	0.0084	0.1537142857	0.1453142857	-0.103647152402506
no_oland	Kexp1p2_D120	rep003	W_Skane	1951	2020	0.0165916037159967	0.0136707738063234	-0.00292082990967321	0.0082	0.061375	0.053175	-0.0560958299096732
no_oland	Kexp1p2_D120	rep003	E_Skane	1956	2020	0.0198634521164559	0.023378121173319	0.00351466905686305	0.0084	0.016125	0.007725	-0.00421033094313695
no_oland	Kexp1p2_D120	rep003	Ehist_to_SEmodern	1956	2020	0.0198634521164559	0.0269167639819527	0.00705331186549675	0.0084	0.1537142857	0.1453142857	-0.138260973834503
no_oland	Kexp1p2_D120	rep004	W_Skane	1951	2020	0.0146985184945306	0.031950542902238	0.0172520244077074	0.0082	0.061375	0.053175	-0.0359229755922926
no_oland	Kexp1p2_D120	rep004	E_Skane	1956	2020	0.0233203474157002	0.0347201404802054	0.0113997930645052	0.0084	0.016125	0.007725	0.0036747930645052
no_oland	Kexp1p2_D120	rep004	Ehist_to_SEmodern	1956	2020	0.0233203474157002	0.0347114315580489	0.0113910841423486	0.0084	0.1537142857	0.1453142857	-0.133923201557651
no_oland	Kexp1p2_D120	rep005	W_Skane	1951	2020	0.0326045345761652	0.0273752556543784	-0.00522927892178686	0.0082	0.061375	0.053175	-0.0584042789217869
no_oland	Kexp1p2_D120	rep005	E_Skane	1956	2020	0.0271942482613385	0.0171292051494327	-0.0100650431119057	0.0084	0.016125	0.007725	-0.0177900431119057
no_oland	Kexp1p2_D120	rep005	Ehist_to_SEmodern	1956	2020	0.0271942482613385	0.0272742017344607	7.99534731221845e-05	0.0084	0.1537142857	0.1453142857	-0.145234332226878
no_oland	Kexp1p3_D120	rep001	W_Skane	1951	2020	0.0305558881556674	0.0287609089057722	-0.00179497924989522	0.0082	0.061375	0.053175	-0.0549699792498952
no_oland	Kexp1p3_D120	rep001	E_Skane	1956	2020	0.0189859253804014	0.0363697792314463	0.017383853851045	0.0084	0.016125	0.007725	0.00965885385104497
no_oland	Kexp1p3_D120	rep001	Ehist_to_SEmodern	1956	2020	0.0189859253804014	0.0252489545150452	0.00626302913464386	0.0084	0.1537142857	0.1453142857	-0.139051256565356
no_oland	Kexp1p3_D120	rep002	W_Skane	1951	2020	0.018147436142767	0.0225824812854978	0.0044350451427308	0.0082	0.061375	0.053175	-0.0487399548572692
no_oland	Kexp1p3_D120	rep002	E_Skane	1956	2020	0.0264741903156812	0.0420050501795075	0.0155308598638262	0.0084	0.016125	0.007725	0.00780585986382624
no_oland	Kexp1p3_D120	rep002	Ehist_to_SEmodern	1956	2020	0.0264741903156812	0.0424994389665022	0.016025248650821	0.0084	0.1537142857	0.1453142857	-0.129289037049179
no_oland	Kexp1p3_D120	rep003	W_Skane	1951	2020	0.0178131657479146	0.0209618162021723	0.00314865045425766	0.0082	0.061375	0.053175	-0.0500263495457423
no_oland	Kexp1p3_D120	rep003	E_Skane	1956	2020	0.0205525814022806	0.0417466763704157	0.0211940949681351	0.0084	0.016125	0.007725	0.0134690949681351
no_oland	Kexp1p3_D120	rep003	Ehist_to_SEmodern	1956	2020	0.0205525814022806	0.0346528756350672	0.0141002942327867	0.0084	0.1537142857	0.1453142857	-0.131213991467213
no_oland	Kexp1p3_D120	rep004	W_Skane	1951	2020	0.0216433809229191	0.0136955038917519	-0.00794787703116723	0.0082	0.061375	0.053175	-0.0611228770311672
no_oland	Kexp1p3_D120	rep004	E_Skane	1956	2020	0.0151906416358699	0.0290651267052513	0.0138744850693814	0.0084	0.016125	0.007725	0.00614948506938144
no_oland	Kexp1p3_D120	rep004	Ehist_to_SEmodern	1956	2020	0.0151906416358699	0.0350041834302517	0.0198135417943818	0.0084	0.1537142857	0.1453142857	-0.125500743905618
no_oland	Kexp1p3_D120	rep005	W_Skane	1951	2020	0.0208611137236722	0.0241357116272843	0.00327459790361214	0.0082	0.061375	0.053175	-0.0499004020963879
no_oland	Kexp1p3_D120	rep005	E_Skane	1956	2020	0.0130690872531175	0.0478841894123463	0.0348151021592288	0.0084	0.016125	0.007725	0.0270901021592288
no_oland	Kexp1p3_D120	rep005	Ehist_to_SEmodern	1956	2020	0.0130690872531175	0.025692142460887	0.0126230552077695	0.0084	0.1537142857	0.1453142857	-0.13269123049223
skane_only	Kexp1p2_D120	rep001	W_Skane	1951	2020	0.0206255992728696	0.0160441163300182	-0.00458148294285143	0.0082	0.061375	0.053175	-0.0577564829428514
skane_only	Kexp1p2_D120	rep001	E_Skane	1956	2020	0.0286543557969338	0.0357942802370198	0.00713992444008598	0.0084	0.016125	0.007725	-0.000585075559914024
skane_only	Kexp1p2_D120	rep001	Ehist_to_SEmodern	1956	2020	0.0286543557969338	0.0301894478510298	0.00153509205409593	0.0084	0.1537142857	0.1453142857	-0.143779193645904
skane_only	Kexp1p2_D120	rep002	W_Skane	1951	2020	0.0156839844085111	0.0336486009748477	0.0179646165663366	0.0082	0.061375	0.053175	-0.0352103834336634
skane_only	Kexp1p2_D120	rep002	E_Skane	1956	2020	0.0193834903736465	0.027221951088312	0.00783846071466551	0.0084	0.016125	0.007725	0.000113460714665512
skane_only	Kexp1p2_D120	rep002	Ehist_to_SEmodern	1956	2020	0.0193834903736465	0.0200931436980715	0.00070965332442496	0.0084	0.1537142857	0.1453142857	-0.144604632375575
skane_only	Kexp1p2_D120	rep003	W_Skane	1951	2020	0.0195917053088979	0.0138052644465286	-0.0057864408623693	0.0082	0.061375	0.053175	-0.0589614408623693
skane_only	Kexp1p2_D120	rep003	E_Skane	1956	2020	0.0304769875034534	0.0328936013464597	0.00241661384300637	0.0084	0.016125	0.007725	-0.00530838615699363
skane_only	Kexp1p2_D120	rep003	Ehist_to_SEmodern	1956	2020	0.0304769875034534	0.0272153818130762	-0.00326160569037711	0.0084	0.1537142857	0.1453142857	-0.148575891390377
skane_only	Kexp1p2_D120	rep004	W_Skane	1951	2020	0.0227573702757558	0.0220124684755988	-0.000744901800157002	0.0082	0.061375	0.053175	-0.053919901800157
skane_only	Kexp1p2_D120	rep004	E_Skane	1956	2020	0.0220723727789078	0.0262899249901441	0.00421755221123639	0.0084	0.016125	0.007725	-0.00350744778876361
skane_only	Kexp1p2_D120	rep004	Ehist_to_SEmodern	1956	2020	0.0220723727789078	0.046373878787974	0.0243015060090663	0.0084	0.1537142857	0.1453142857	-0.121012779690934
skane_only	Kexp1p2_D120	rep005	W_Skane	1951	2020	0.0141620730612555	0.0107712434526939	-0.00339082960856157	0.0082	0.061375	0.053175	-0.0565658296085616
skane_only	Kexp1p2_D120	rep005	E_Skane	1956	2020	0.0239366968279308	0.0244072712730345	0.000470574445103657	0.0084	0.016125	0.007725	-0.00725442555489634
skane_only	Kexp1p2_D120	rep005	Ehist_to_SEmodern	1956	2020	0.0239366968279308	0.0434188768582697	0.0194821800303389	0.0084	0.1537142857	0.1453142857	-0.125832105669661
skane_only	Kexp1p3_D120	rep001	W_Skane	1951	2020	0.0197597245763248	0.0182184316070339	-0.00154129296929088	0.0082	0.061375	0.053175	-0.0547162929692909
skane_only	Kexp1p3_D120	rep001	E_Skane	1956	2020	0.0373681395674704	0.0453701091501322	0.00800196958266183	0.0084	0.016125	0.007725	0.000276969582661832
skane_only	Kexp1p3_D120	rep001	Ehist_to_SEmodern	1956	2020	0.0373681395674704	0.0260228011244325	-0.0113453384430379	0.0084	0.1537142857	0.1453142857	-0.156659624143038
skane_only	Kexp1p3_D120	rep002	W_Skane	1951	2020	0.0125346633481374	0.0185670183759194	0.00603235502778206	0.0082	0.061375	0.053175	-0.0471426449722179
skane_only	Kexp1p3_D120	rep002	E_Skane	1956	2020	0.0159480720306582	0.0449302612120317	0.0289821891813735	0.0084	0.016125	0.007725	0.0212571891813735
skane_only	Kexp1p3_D120	rep002	Ehist_to_SEmodern	1956	2020	0.0159480720306582	0.0614051435993783	0.04545707156872	0.0084	0.1537142857	0.1453142857	-0.09985721413128
skane_only	Kexp1p3_D120	rep003	W_Skane	1951	2020	0.01096059006314	0.0279204106129926	0.0169598205498526	0.0082	0.061375	0.053175	-0.0362151794501474
skane_only	Kexp1p3_D120	rep003	E_Skane	1956	2020	0.0426212186406808	0.0658686233087584	0.0232474046680776	0.0084	0.016125	0.007725	0.0155224046680776
skane_only	Kexp1p3_D120	rep003	Ehist_to_SEmodern	1956	2020	0.0426212186406808	0.0313322483869628	-0.011288970253718	0.0084	0.1537142857	0.1453142857	-0.156603255953718
skane_only	Kexp1p3_D120	rep004	W_Skane	1951	2020	0.014246183719735	0.0225651744673436	0.00831899074760858	0.0082	0.061375	0.053175	-0.0448560092523914
skane_only	Kexp1p3_D120	rep004	E_Skane	1956	2020	0.0194748974373953	0.0309650649024726	0.0114901674650774	0.0084	0.016125	0.007725	0.00376516746507737
skane_only	Kexp1p3_D120	rep004	Ehist_to_SEmodern	1956	2020	0.0194748974373953	0.0599009308732725	0.0404260334358773	0.0084	0.1537142857	0.1453142857	-0.104888252264123
skane_only	Kexp1p3_D120	rep005	W_Skane	1951	2020	0.0146151954780158	0.0207737560305613	0.00615856055254556	0.0082	0.061375	0.053175	-0.0470164394474544
skane_only	Kexp1p3_D120	rep005	E_Skane	1956	2020	0.0216688291441369	0.0175934866451302	-0.00407534249900668	0.0084	0.016125	0.007725	-0.0118003424990067
skane_only	Kexp1p3_D120	rep005	Ehist_to_SEmodern	1956	2020	0.0216688291441369	0.0483025207427817	0.0266336915986448	0.0084	0.1537142857	0.1453142857	-0.118680594101355
skane_only	Kexp1p5_D120	rep001	W_Skane	1951	2020	0.0255345566936681	0.0265831054078258	0.00104854871415771	0.0082	0.061375	0.053175	-0.0521264512858423
skane_only	Kexp1p5_D120	rep001	E_Skane	1956	2020	0.029644288802949	0.0342846557557853	0.00464036695283635	0.0084	0.016125	0.007725	-0.00308463304716365
skane_only	Kexp1p5_D120	rep001	Ehist_to_SEmodern	1956	2020	0.029644288802949	0.0386141101332127	0.00896982133026374	0.0084	0.1537142857	0.1453142857	-0.136344464369736
skane_only	Kexp1p5_D120	rep002	W_Skane	1951	2020	0.026352489870537	0.0319433169328199	0.00559082706228295	0.0082	0.061375	0.053175	-0.0475841729377171
skane_only	Kexp1p5_D120	rep002	E_Skane	1956	2020	0.0175856722296915	0.0875033038997987	0.0699176316701072	0.0084	0.016125	0.007725	0.0621926316701072
skane_only	Kexp1p5_D120	rep002	Ehist_to_SEmodern	1956	2020	0.0175856722296915	0.0374982057811179	0.0199125335514264	0.0084	0.1537142857	0.1453142857	-0.125401752148574
skane_only	Kexp1p5_D120	rep003	W_Skane	1951	2020	0.0250182511363091	0.0213061215559322	-0.0037121295803769	0.0082	0.061375	0.053175	-0.0568871295803769
skane_only	Kexp1p5_D120	rep003	E_Skane	1956	2020	0.0351257106015421	0.0225266840185483	-0.0125990265829938	0.0084	0.016125	0.007725	-0.0203240265829938
skane_only	Kexp1p5_D120	rep003	Ehist_to_SEmodern	1956	2020	0.0351257106015421	0.0362211174181742	0.0010954068166321	0.0084	0.1537142857	0.1453142857	-0.144218878883368
skane_only	Kexp1p5_D120	rep004	W_Skane	1951	2020	0.0397249846590587	0.0295854679721794	-0.0101395166868794	0.0082	0.061375	0.053175	-0.0633145166868794
skane_only	Kexp1p5_D120	rep004	E_Skane	1956	2020	0.026676304098801	0.0226733287489989	-0.00400297534980213	0.0084	0.016125	0.007725	-0.0117279753498021
skane_only	Kexp1p5_D120	rep004	Ehist_to_SEmodern	1956	2020	0.026676304098801	0.0537585487283242	0.0270822446295232	0.0084	0.1537142857	0.1453142857	-0.118232041070477
skane_only	Kexp1p5_D120	rep005	W_Skane	1951	2020	0.0179073564674883	0.02622815249048	0.00832079602299171	0.0082	0.061375	0.053175	-0.0448542039770083
skane_only	Kexp1p5_D120	rep005	E_Skane	1956	2020	0.0272944787744435	0.0491142268849938	0.0218197481105502	0.0084	0.016125	0.007725	0.0140947481105502
skane_only	Kexp1p5_D120	rep005	Ehist_to_SEmodern	1956	2020	0.0272944787744435	0.0338976438644281	0.00660316508998456	0.0084	0.1537142857	0.1453142857	-0.138711120610015
