state	year	scenario	region	n_reps	mean_FROH_100kb_mean	mean_FROH_100kb_sd	mean_FROH_100kb_se	mean_n_roh_mean	mean_n_roh_sd	mean_n_roh_se	mean_roh_length_bp_mean	mean_roh_length_bp_sd	mean_roh_length_bp_se	mean_individual_max_roh_bp_mean	mean_individual_max_roh_bp_sd	mean_individual_max_roh_bp_se	max_roh_bp_observed_mean	max_roh_bp_observed_sd	max_roh_bp_observed_se	mean_FROH_100_250kb_mean	mean_FROH_100_250kb_sd	mean_FROH_100_250kb_se	mean_FROH_250_500kb_mean	mean_FROH_250_500kb_sd	mean_FROH_250_500kb_se	mean_FROH_500kb_1Mb_mean	mean_FROH_500kb_1Mb_sd	mean_FROH_500kb_1Mb_se	mean_FROH_gt1Mb_mean	mean_FROH_gt1Mb_sd	mean_FROH_gt1Mb_se
1900	1900	historical	NW	7	0.0275236943177989	0.017329331224627	0.00654987154391849	0.928571428571429	0.270581384641083	0.102270150451974	605273.576234282	401916.691259163	151910.230405382	449801.407142857	307239.428606931	116125.588721075	4063126	4571876.63624224	1728006.9434805	0.00473807370429595	0.00128433849823059	0.000485434323649186	0.00408993991734282	0.00238226892581603	0.000900413019112313	0.00425715464631692	0.00331704950551642	0.00125372686829803	0.0144385260498432	0.0177334400930832	0.00670261033942291
1900	1900	historical	NE	7	0.0266272659011318	0.0224121600673058	0.00847100026883767	0.728571428571429	0.114953406710222	0.0434483037878444	775470.165450422	749721.063119338	283367.926525818	459602.242857143	436059.080817254	164814.840681982	5723939.57142857	7105932.43621902	2685790.0084947	0.00354962822819671	0.00134070705813983	0.000506739636689571	0.00495197069974843	0.0021415205441729	0.000809418683916744	0.00133615250867507	0.000986159040097227	0.000372733081893634	0.0167895144645116	0.0218659549993663	0.00826455415817897
1900	1900	historical	W	7	0.0193177806104359	0.0168144316129081	0.00635525778352249	0.814285714285714	0.213530414918433	0.0807069107460871	407987.768823438	143047.924994641	54067.0335856629	256018.55	152101.039951099	57488.7894092726	1955473.85714286	1918626.74199338	725172.745438939	0.00410219097793501	0.000321514361281518	0.000121521006126667	0.00479072323483957	0.0015163894837071	0.000573141352086089	0.00309946520549379	0.00286421564294349	0.00108257175606992	0.0073254011921675	0.0134078969352995	0.00506770869931251
1900	1900	historical	E	7	0.0273109586792105	0.0205648350330681	0.00777277703579528	0.8	0.182574185835055	0.0690065559342354	734052.480096491	611725.024760107	231210.32661001	471991.821428571	394705.573965176	149184.684257552	5199305.28571429	6940467.16292829	2623250.01367404	0.00296049159129302	0.00141781534281716	0.000535883828872283	0.0050156250826609	0.00159147065887967	0.000601519368893101	0.00600858483257753	0.00250982331164179	0.000948624045330963	0.0133262571726791	0.0192222101395867	0.0072653125254815
1900	1900	historical	SE	7	0.0246144518407038	0.0125959564233124	0.00476082403158448	0.771428571428571	0.0906326967174966	0.0342559394522337	591375.469733045	219156.138927089	82833.2345563143	401243.557142857	190550.570097108	72021.3458083612	3717221.28571429	3371455.28448669	1274290.31987519	0.00376423871290434	0.00113744522481372	0.000429913884973581	0.00368927179921619	0.00149848182633394	0.000566372893804212	0.00210973976803837	0.00179218271396026	0.000677381395018236	0.0150512015605449	0.01106024840587	0.00418038096007581
2020	2020	historical	NW	7	0.0432911671513266	0.0372873198677202	0.0140932822037293	1.03571428571429	0.162568666810586	0.0614451804788759	1046410.62096832	1166747.75396963	440989.199963831	720078.585714286	736848.719370158	278502.637904266	6419654	8432604.32271097	3187224.84892878	0.00478435421803448	0.00162093458037949	0.000612655684455569	0.00483174960484906	0.00304138834979382	0.00114953674484622	0.00407308069010835	0.00206754892837096	0.000781460041132521	0.0296019826383347	0.0383269668020411	0.0144862318093756
2020	2020	historical	NE	7	0.0701581278124582	0.0451964470944306	0.0170826513079359	0.914285714285714	0.230424039751147	0.0870921007531994	1683034.32551893	1069870.63354649	404373.090196446	1229856.36428571	873315.368187863	330082.182907985	11219376	6970296.85412869	2634524.57718863	0.00399303302459908	0.00168432841430552	0.000636616301487454	0.0043099506376849	0.00125765471245933	0.000475348800622264	0.00395522510353581	0.00288818873017992	0.00109163273135364	0.0578999190466385	0.044503512484365	0.0168207466432126
2020	2020	historical	W	7	0.0192422997926461	0.00888158915473848	0.0033569251643552	0.885714285714286	0.165111794738912	0.0624063924861007	356970.567176871	43648.8066480557	16497.698202214	299841.214285714	134249.782819231	50741.6484148737	2444365	2321517.0023942	877450.950391883	0.00391899504883465	0.00131227500448303	0.000495993330512609	0.0057400490955867	0.00206929751111094	0.000782120943286352	0.00340302869031787	0.00131771376372783	0.000498048988284394	0.00618022695790692	0.00732444019918464	0.00276837817997242
2020	2020	historical	E	7	0.0346506746645935	0.0291950631821318	0.0110346966701056	0.814285714285714	0.237546987833084	0.089784322071261	961867.033967223	904408.377190988	341834.235670122	568735.335714286	514740.86158398	194553.758484905	5923583	6177210.71968244	2334766.19433172	0.00429160909409716	0.00163275256362715	0.000617122462265799	0.00369660738367821	0.00107642752923561	0.00040685136382016	0.00287697387411156	0.00219092236278769	0.000828090816255181	0.0237854843127065	0.0298611443799435	0.0112864516990178
2020	2020	historical	SE	7	0.0187658317418354	0.00687974620904673	0.00260029965033958	0.85	0.104083299973307	0.0393397896234722	447230.795003607	203299.055718686	76839.8204579868	289492.35	124393.832906164	47016.4494999762	2044093.28571429	1637454.57650105	618899.656083767	0.00428778192887843	0.00114462620310294	0.000432628039648357	0.0044086980670853	0.00143892529525021	0.000543862640918892	0.003663197345454	0.00284082647493634	0.00107373148150998	0.00640615440041768	0.00751376471893324	0.00283993612230692
2140 SQ	2140	status_quo	NW	7	0.0492967534106539	0.0108183859384527	0.00408896554003772	1.21428571428571	0.295401260596337	0.111651181787556	961005.11484682	555236.934546057	209859.835360959	770680.385714286	233649.336309525	88311.1482671853	6791145.28571429	5793698.82400655	2189812.32278982	0.00443256195848093	0.00165542364032392	0.000625691323822047	0.0084511038840872	0.0023985496030391	0.000906566536699165	0.00476951777341947	0.00411346915823004	0.00155474520263013	0.0316435697946663	0.0126607020147546	0.00478529556493357
2140 SQ	2140	status_quo	NE	7	0.0405306466028471	0.0185010761300118	0.0069927494895835	1.03571428571429	0.114434427054266	0.0432521479156784	844210.894897959	544619.496286445	205846.820904457	673432.528571429	355966.3608418	134542.637984584	6461964.14285714	4799574.57488295	1814068.67486412	0.00408815582528597	0.00129559362379998	0.000489688361253676	0.00706863323194038	0.00169376619927997	0.000640183448911696	0.00390391954473807	0.00325761250147467	0.00123126179238814	0.0254699380008826	0.0200310140491278	0.00757101166891903
2140 SQ	2140	status_quo	W	7	0.027257813690513	0.0168176451409962	0.00635647238297283	0.942857142857143	0.133630620956212	0.0505076272276105	534602.59872667	271455.502706664	102600.536025979	439045.714285714	257326.287437831	97260.1946228607	4133013.14285714	4591056.66660597	1735256.31354923	0.00488487983678848	0.000970062934949594	0.000366649325994008	0.00467259169689017	0.00242428490584344	0.000916293566861339	0.00384528209066784	0.00314413437599584	0.00118837109249346	0.0138550600661665	0.0178121651070557	0.00673236559784164
2140 SQ	2140	status_quo	E	7	0.0402639071322386	0.0331620117463118	0.0125340622936206	0.985714285714286	0.217398033022161	0.0821687329844638	833680.339073624	677087.399124237	255914.981991181	690166.585714286	618404.117547689	233734.786395649	7711517.42857143	7627136.54864218	2882786.64617696	0.00491355590700742	0.00222994363682653	0.000842839471533418	0.00594647474440244	0.0019194591037713	0.000725487348619684	0.00268752661335212	0.00127378226344997	0.000481444441933367	0.0267163498674766	0.0322338451487245	0.0121832482946987
2140 SQ	2140	status_quo	SE	7	0.0320130026517968	0.0103285936796814	0.00390384146706721	1.07857142857143	0.209875246390848	0.0793253868997985	589708.770249195	208711.01762791	78885.3497889525	494935.028571429	198187.534440192	74907.8470116853	3696045.85714286	3161783.58671607	1195041.86712236	0.00381133047942058	0.00146669470066287	0.00055435848960147	0.00681717143301469	0.00163543199805742	0.0006181351932882	0.00799374140801592	0.00413615630775031	0.00156332013914264	0.0133907593313456	0.0124341800610662	0.00469967831408273
2140 R2	2140	restore_2km	NW	7	0.04732225084566	0.0289742460094431	0.0109512356237989	1.10714285714286	0.200890873006075	0.0759296129481046	1046173.18150461	811685.334898543	306788.219854246	768900.814285714	513696.480385735	194159.019495689	8200811.57142857	7988699.16670221	3019444.47057185	0.00380258193536845	0.000791063024652314	0.000298993719229797	0.00638352343616307	0.00224703131356766	0.000849298006267832	0.00715588293325069	0.00186677348404959	0.000705574056126403	0.0299802625408778	0.0296787643939763	0.0112175185437343
2140 R2	2140	restore_2km	NE	7	0.0422844319960821	0.0289433025829149	0.010939540107898	0.982417582417583	0.223141647803593	0.0843396153184956	907987.435212935	486330.955078309	183815.823144247	706454.145604396	526021.339470381	198817.378364531	6683794.28571429	5901576.80171539	2230586.36578384	0.00346413495002178	0.00109803817959606	0.000415019421895037	0.00573497785052322	0.00370030495983868	0.00139858381411886	0.00619246598606557	0.00474272064910778	0.00179257991077	0.0268928532094716	0.0265351575987611	0.0100293468580325
2140 R2	2140	restore_2km	W	7	0.0224274158047078	0.00747646163325669	0.00282583688118757	0.964285714285714	0.205577004457952	0.0777008041527653	470678.611821875	207490.721039739	78424.1210320894	357512.878571429	163763.075328371	61896.6244648581	2498402.42857143	2760320.8696576	1043303.22283651	0.00411602875894417	0.00172460444916852	0.000651839211779347	0.006343821116276	0.00251367157011877	0.000950078550318216	0.00491147520411234	0.00241274789227298	0.000911932985607081	0.00705609072537532	0.00958736466686203	0.00362368323385779
2140 R2	2140	restore_2km	E	7	0.0333863370260719	0.0191092498246546	0.00722261753957724	1.11428571428571	0.252841000291827	0.0955649154304261	734555.024414573	596220.52612903	225350.176955643	536029.885714286	360888.981926546	136403.213868704	6170769	7105669.54623205	2685690.64541931	0.00537421504284296	0.00164742365464614	0.000622667613451262	0.0072112901329682	0.00333859554122996	0.00126187050433194	0.00316181730450208	0.00271717665158446	0.0010269962411891	0.0176390145457586	0.018707355785882	0.00707071587100702
2140 R2	2140	restore_2km	SE	7	0.0214013389382157	0.00459136420482331	0.00173537255206947	1.02857142857143	0.26117864712546	0.0987162497220375	387269.049062049	73033.1461667547	27603.9346031233	316560.1	92135.5256926086	34823.9554138349	1838706.28571429	1199351.81676044	453312.37737452	0.00425825771398648	0.0021945000050234	0.000829443037917415	0.00732514368673828	0.00317424070884274	0.00119975021672218	0.00389762209820987	0.00198465279316446	0.000750128247074694	0.00592031543928105	0.00585722580213526	0.0022138232636001
2140 R4	2140	restore_4km	NW	7	0.0327522900404212	0.00943007690000447	0.00356423404594668	1.07142857142857	0.234266840122439	0.0885445427704145	603775.770136054	209471.193946049	79172.6694304319	501459.921428571	177606.814646595	67129.0661007477	3350059	1494166.16506532	564741.727167131	0.00425572877456346	0.00125400685865203	0.00047397004148037	0.0066863804411921	0.00178876195940539	0.000676088471325611	0.00625147369287274	0.00491607783124451	0.00185810276675867	0.0155587071317929	0.00891050014003709	0.00336785248967777
2140 R4	2140	restore_4km	NE	7	0.0316675417793152	0.0177370804838237	0.00670398627779066	0.885714285714286	0.170084012854152	0.0642857142857143	699065.162372812	504147.34769179	190549.786589327	534298.764285714	332185.743484764	125554.409477397	6508092.85714286	5868646.06543473	2218139.71739971	0.00460199167684902	0.000822931450746362	0.000311038852104067	0.00439801159177291	0.00225917323371469	0.000853887220717523	0.00228811060615207	0.00147314630124428	0.000556796965415287	0.0203794279045412	0.0178626783484255	0.00675145780849597
2140 R4	2140	restore_4km	W	7	0.0273094272966365	0.0140403768605217	0.00530676364093802	0.9	0.191485421551268	0.0723746864455746	560726.893930375	264081.604684502	99813.4645460089	449751.085714286	276249.678382977	104412.56410899	4868360.57142857	5365540.43785985	2027983.6640054	0.00428287899599268	0.00164656137119741	0.000622341700941981	0.00498606102452202	0.00187997671685991	0.000710564409057575	0.0040171075687169	0.00337782822540914	0.00127669906513246	0.0140233797074049	0.014989109750619	0.00566535096777018
2140 R4	2140	restore_4km	E	7	0.0238130632179592	0.00686556609300223	0.00259494007025161	0.85	0.243241991988774	0.0919368313157515	680112.241803752	495810.236336634	187398.654689556	386192.871428571	149872.105937251	56646.3315393561	3512883.14285714	3184619.51831756	1203673.03797579	0.0038350099113397	0.00175256975279279	0.00066240910302624	0.00505701373108227	0.00205682821017296	0.000777407990528536	0.00387084743627484	0.00248603341149046	0.000939632308257322	0.0110501921392624	0.00972802827684028	0.0036768490810748
2140 R4	2140	restore_4km	SE	7	0.0188470020277188	0.0089866517688355	0.00339663509992535	0.842857142857143	0.243975018237133	0.0922138891954147	489464.984334845	254402.371685867	96155.0583465461	289178.621428571	163175.680920981	61674.6102472203	2232080.85714286	2909895.95865571	1099837.29252498	0.00365334462697546	0.00185493861115417	0.000701100894629355	0.00525574409945677	0.00205674971370351	0.000777378321651826	0.00422142004976968	0.00285850161006246	0.00108041205464329	0.00571649325151684	0.00780394039563555	0.00294961221903181
2140 R6	2140	restore_6km	NW	7	0.038799766677946	0.0194945012796688	0.00736822890274771	1.23571428571429	0.274945882120897	0.103919775441882	707042.630880066	487596.404710003	184294.11814741	621784.514285714	384343.821236136	145268.309847869	6418790.85714286	6086540.38683954	2300496.02976118	0.00529781709253601	0.00228226652179636	0.000862615663177363	0.00909966598594479	0.00138084387324805	0.000521909926860221	0.00399485880449762	0.00330029222058091	0.00124739320992832	0.0204074247949676	0.0210949637624459	0.0079731468616216
2140 R6	2140	restore_6km	NE	7	0.0498525567444756	0.0397201818702271	0.015012817608411	0.835714285714286	0.174914945316969	0.0661116351281658	1170417.21013986	859596.643780617	324896.992467041	876768.685714286	719748.891100153	272039.510323645	8557437.28571429	8392761.51331677	3172165.6824729	0.00321133065502601	0.000937112346488095	0.000354195174190813	0.00592763368455229	0.00231130419402428	0.000873590871658402	0.001506902956895	0.0011117201391019	0.000420190716509396	0.0392066894480023	0.0393701117346817	0.0148805035341134
2140 R6	2140	restore_6km	W	7	0.0281317908064556	0.0233141629472224	0.00881192531199816	0.914285714285714	0.244462481297038	0.0923981329139631	701764.250420809	695462.62572957	262860.16483149	468302.2	429891.558248174	162483.736264387	4888408.71428571	6999749.00116606	2645656.44242259	0.00413970155032214	0.000919892601568641	0.000347686722376978	0.00551948684140985	0.00270344380839382	0.00102180571434963	0.00312209985893794	0.00194987433866463	0.000736983226847592	0.0153505025557857	0.0223130017166309	0.00843352193508036
2140 R6	2140	restore_6km	E	7	0.0190951099844425	0.00518919034642387	0.00196132959463067	0.964285714285714	0.295401260596337	0.111651181787556	449565.357752962	284084.604587805	107373.887863065	289761.335714286	107768.361398854	40732.6119231857	1640771.85714286	1662821.0532032	628487.283082597	0.00473398017959314	0.00196803061950825	0.000743845655968459	0.0051024114217662	0.00233691394680285	0.000883270448371252	0.00379124653161769	0.0015689925223595	0.000593023431869025	0.00546747185146544	0.00724213242818258	0.00273726876668106
2140 R6	2140	restore_6km	SE	7	0.0219111015556183	0.00562115880341395	0.00212459832483353	0.921428571428571	0.199702159179495	0.0754803213530827	502674.703911168	157840.391758073	59658.0604904099	349339.171428571	104982.334769466	39679.5928364195	2332105.57142857	1876141.89879354	709114.98406803	0.00449037155842057	0.00192479367041815	0.000727503625291092	0.00522531566421094	0.00229835562618943	0.000868696773040479	0.00407128073453652	0.00196285083729039	0.000741887882312182	0.0081241335984503	0.00748138353951925	0.0028276971868943
