scenario	rep	year	region	n_individuals	n_individuals_with_roh	mean_FROH_100kb	sd_FROH_100kb	median_FROH_100kb	mean_n_roh	mean_roh_length_bp	mean_individual_max_roh_bp	max_roh_bp_observed	mean_FROH_100_250kb	mean_FROH_250_500kb	mean_FROH_500kb_1Mb	mean_FROH_gt1Mb	state
historical	rep001	1900	NW	20	16	0.0262854200654709	0.0299965693366221	0.0163817391227549	1.45	342595.1875	323802.25	1052161	0.00662027532967465	0.00795012227560455	0.0089978875184263	0.00271713494176537	1900
historical	rep001	1900	NE	20	11	0.0107906871693227	0.0194556124210303	0.00763775121969586	0.6	353985.909090909	200739.05	1674179	0.00457491376353459	0.00189231885874656	0	0.00432345454704157	1900
historical	rep001	1900	W	20	8	0.00696735944554964	0.00928043071255061	0	0.55	270660.145833333	108856.25	368897	0.00342000080675197	0.00354735863879767	0	0	1900
historical	rep001	1900	E	20	14	0.0236572783359878	0.0226994026787327	0.0169575441354529	1.1	453781.714285714	381935.45	1088188	0.00461829604997813	0.00652184074354641	0.00700483054360879	0.00551231099885448	1900
historical	rep001	1900	SE	20	11	0.0462915982773935	0.155256063867434	0.0109256011993644	0.85	714308.257575758	680927.1	10086544	0.00359824547458372	0.00522208172066869	0.00465483747227565	0.0328164336098654	1900
historical	rep001	2020	NW	20	13	0.116060833126868	0.303047154452414	0.0114650197357252	1	3311248.78205128	2179105.7	19358784	0.00461589438759391	0.00387428686767393	0.00328165472369029	0.10428899714791	2020
historical	rep001	2020	NE	20	15	0.125429966001241	0.273351330097002	0.0183429676148998	1.15	2579317.2	2306701	19360134	0.00582147983825088	0.00489766619878152	0.00427906769428893	0.11043175226992	2020
historical	rep001	2020	W	20	9	0.0105267522205951	0.0152421008728922	0	0.6	340719.833333333	171363.15	873395	0.00245914733547954	0.00436521506576759	0.00370238981934799	0	2020
historical	rep001	2020	E	20	8	0.0169817157052554	0.0475612875089626	0	0.6	706308.875	292984.2	4160065	0.00457088258613485	0.00166774534879343	0	0.0107430877703271	2020
historical	rep001	2020	SE	20	11	0.0129047801810068	0.0167320062788134	0.010508460849985	0.85	282983.848484849	185472.75	842633	0.00460689719216744	0.0061218399998058	0.0021760429890336	0	2020
historical	rep002	1900	NW	20	12	0.0190495315234715	0.024143818687207	0.0133201360694104	0.9	461298.694444444	287399.15	1631167	0.00406611513135621	0.00515370406840058	0.00561733337072696	0.00421237895298779	1900
historical	rep002	1900	NE	20	10	0.0224448778455115	0.0620239270372295	0.00377339897050805	0.8	472739.666666667	349080.2	4571712	0.00400680698262937	0.00437371126925584	0.00225822116149661	0.0118061384321297	1900
historical	rep002	1900	W	20	10	0.0128194927596077	0.0187806650398462	0.00415588307343989	0.75	381958.733333333	195777.8	1473567	0.00402613390874065	0.0049879712868608	0	0.00380538756400624	1900
historical	rep002	1900	E	20	7	0.0175457267479441	0.0410743975593321	0	0.55	537572.071428571	273007	2672115	0.00138094295876232	0.0028152467238097	0.0064489799881611	0.00690055707721097	1900
historical	rep002	1900	SE	20	9	0.0325608502483965	0.0798799818755087	0	0.7	806694.222222222	545788	6333970	0.00256579147506953	0.00451254284965971	0.00190777988314905	0.0235747360405182	1900
historical	rep002	2020	NW	20	13	0.0215483346950501	0.0241538716510471	0.0160289529955418	1.1	482501.948717949	328572	1712689	0.00570833571562747	0.00612646255428725	0.00241171062974222	0.00730182579539314	2020
historical	rep002	2020	NE	20	10	0.0575054816007095	0.180671568146866	0.00521132330616046	0.6	1394316.4	767930	9153723	0.00108865031687224	0.00416782940697688	0.00151459417922775	0.0507344076976327	2020
historical	rep002	2020	W	20	12	0.0248495771705514	0.0605756020379505	0.00805788719097384	0.95	379949.625	413296.9	4889124	0.00573733126965974	0.00415010875398708	0.0023363035957431	0.0126258335511615	2020
historical	rep002	2020	E	20	9	0.0183415550242286	0.0351924232170414	0	0.6	710244.333333333	328470.3	2716755	0.00274796660542686	0.00293579209846878	0.00137465731764061	0.0112831390026924	2020
historical	rep002	2020	SE	20	12	0.0180943542392104	0.0329444444115837	0.00901609883362363	0.9	448104.479166667	280415.3	2719057	0.00533902976661678	0.00439189159526111	0.00134165124566997	0.00702178163166257	2020
historical	rep003	1900	NW	20	12	0.0502377749057683	0.113770520536291	0.0101978716726194	0.9	1361199.65277778	856214.65	9346937	0.00403045431859957	0.00548966306432804	0	0.0407176575228407	1900
historical	rep003	1900	NE	20	12	0.0699413178329527	0.220732975105924	0.0111651993025986	0.8	2088072.81944444	1294956.3	19360134	0.00190115077848208	0.00747625621016953	0.00244431125978348	0.0581195995845176	1900
historical	rep003	1900	W	20	10	0.0128239035546101	0.0196485810990801	0.00407631832284013	0.75	336485.066666667	188659.55	1052720	0.00425751987608042	0.00347745735125356	0.00237034780564756	0.00271857852162857	1900
historical	rep003	1900	E	20	13	0.0661714258060121	0.197796005137262	0.0234467584246314	0.95	1812357.23076923	1200932.05	17468160	0.00243785001324013	0.00547798013892352	0.0103359130286259	0.0479196826252225	1900
historical	rep003	1900	SE	20	8	0.00786655991922977	0.0108205742407824	0	0.6	256818.625	113796.45	368897	0.00311820223019918	0.00474835768903059	0	0	1900
historical	rep003	2020	NW	20	12	0.0718347987864013	0.209389775420253	0.017220022592154	0.85	2009313.75	1262027.85	18096236	0.0024082863240202	0.00236797196759006	0.00771160879409226	0.0593469317006987	2020
historical	rep003	2020	NE	20	10	0.0371340570239354	0.0623893584433478	0.00408496947228866	0.8	1170621.7	644856.75	4260657	0.00422489342171244	0.00394952346111675	0	0.0289596401411062	2020
historical	rep003	2020	W	20	12	0.012082807356359	0.0127287879457996	0.0125926389616059	0.8	298245.416666667	189066.4	560451	0.00288403240043986	0.00639694396983636	0.00280183098608281	0	2020
historical	rep003	2020	E	20	11	0.0113201375155727	0.0178261393431042	0.00865107197554911	0.65	310720.636363636	193014.25	925153	0.00346164769844045	0.00359939465712241	0.00425909516000985	0	2020
historical	rep003	2020	SE	20	11	0.0108961537196146	0.0139403301140678	0.00638181091438311	0.8	262304.227272727	164987.05	645269	0.0046292119928793	0.00460057797942101	0.00166636374731433	0	2020
historical	rep004	1900	NW	20	11	0.00979836675595169	0.0106490336035959	0.00837914181527146	0.8	246103.772727273	148661.65	589415	0.00517437127706822	0.0031018709259865	0.00152212455289698	0	1900
historical	rep004	1900	NE	20	11	0.0120866112796837	0.015708449627154	0.00838027808564679	0.75	301540.46969697	177898.4	630552	0.00307203608133609	0.00738621711265537	0.00162835808569224	0	1900
historical	rep004	1900	W	20	11	0.0185504325084062	0.0350266219707828	0.0111333320834359	0.75	540600.545454545	315392.55	2980947	0.00427861835100415	0.00450308598121776	0.00207063325226044	0.00769809492392386	1900
historical	rep004	1900	E	20	10	0.0115879925970952	0.0154412049327291	0.00283928142468059	0.7	316149.716666667	179244.3	643828	0.00363461903875761	0.00488994988995996	0.00306342366837763	0	1900
historical	rep004	1900	SE	20	10	0.0273004710512138	0.0374094646954513	0.00829856991592994	0.8	827730.183333333	465377.1	2072560	0.0028066291459859	0.00360538848335227	0.00350525723895905	0.0173831961829166	1900
historical	rep004	2020	NW	20	14	0.0276940647794972	0.031587992631228	0.0187432705032629	1.15	468537.55952381	380399.2	1323640	0.00278882327271796	0.00981916825111823	0.0029269033652145	0.0121591698904465	2020
historical	rep004	2020	NE	20	13	0.0364538623353693	0.10190551845583	0.0091077235447979	0.75	974882	682667.5	8821260	0.00372148432651886	0.0030959881443615	0.00246285054393005	0.0271735393205589	2020
historical	rep004	2020	W	20	14	0.0364680889569549	0.0942467002207773	0.0104207614364709	1.15	424957.267857143	544751.7	6562342	0.00435365351469861	0.00851226621947197	0.00387781963556813	0.0197243495872162	2020
historical	rep004	2020	E	20	15	0.0341540226889436	0.0741229804949347	0.0133092640278647	1.25	482409.166666667	401829.9	3322317	0.00715943820520103	0.00461200782642375	0.00536774383548788	0.0170148328218309	2020
historical	rep004	2020	SE	20	12	0.0180652683000347	0.0240461042757099	0.0102627165569933	1.05	294343.513888889	235750.15	1025431	0.00569593487394036	0.00591998931492658	0.00380123759470362	0.00264810651646412	2020
historical	rep005	1900	NW	20	10	0.0104567941195322	0.0223868653717489	0.00305842666115885	0.55	310465.5	194946.1	1738815	0.00333341700415188	0.000726342760400502	0.00190666168980242	0.00449037266517743	1900
historical	rep005	1900	NE	20	7	0.00916771862061528	0.0162257920216046	0	0.65	265249.357142857	108350.2	530629	0.00346225457011819	0.00433515038460945	0.00137031366588765	0	1900
historical	rep005	1900	W	20	14	0.0566751959252931	0.162207365772993	0.018954720090381	1.25	668718.69047619	571916.45	5891137	0.0042736988167655	0.00764693435027466	0.00769881542263912	0.0370557473356138	1900
historical	rep005	1900	E	20	12	0.0148234863367877	0.0184467689377421	0.00998363305821645	0.85	315461.638888889	231610	946661	0.00481190360977087	0.00285407876388658	0.0071575039631303	0	1900
historical	rep005	1900	SE	20	12	0.0136607253671173	0.023268234696593	0.00873763511868783	0.8	359192.166666667	224925.85	1991019	0.00518935971629188	0.00332969313624001	0	0.00514167251458545	1900
historical	rep005	2020	NW	20	11	0.015546242098208	0.0292816541918128	0.00868606393824391	0.8	355376.893939394	222233.6	1368126	0.00537090215064476	0.00152132141633623	0.00195515461050227	0.00669886392072469	2020
historical	rep005	2020	NE	20	13	0.0692461708592203	0.183194391199371	0.0106693980540543	0.85	1697659.02564103	1261310.1	15450178	0.00315348084292049	0.00251417122840486	0.00639041816247623	0.0571881006254187	2020
historical	rep005	2020	W	20	12	0.016808235625702	0.0280403402766331	0.00778611197665646	0.9	314262.902777778	238656.35	1140768	0.00463751193148455	0.00318182820635228	0.00604293893440254	0.00294595655346263	2020
historical	rep005	2020	E	20	14	0.0325226896408141	0.0763085959860043	0.0119403422931868	0.95	760774.630952381	554686.5	6696183	0.00535454502210537	0.00428972022905765	0.00558598263809856	0.0172924417515525	2020
historical	rep005	2020	SE	20	12	0.0155444602196648	0.0189316204600396	0.00949867802689128	0.75	444988.958333333	278105.4	1358863	0.00339010398371745	0.00193807956568028	0.0067071044633785	0.0035091722068886	2020
historical	rep008	1900	NW	20	14	0.0248234171275922	0.0295367252238492	0.0158779065086032	0.9	606411.226190476	437056.8	2178540	0.00371987288853203	0.00405917096990335	0.00750732804006944	0.00953704522908734	1900
historical	rep008	1900	NE	20	12	0.0184244097940515	0.0331558961717998	0.0111432744492201	0.9	334203.236111111	271833.85	1924578	0.00569055824911891	0.00303560570364344	0.00165186338786553	0.00804638245342363	1900
historical	rep008	1900	W	20	12	0.0136679871677888	0.0168597254047198	0.00925977718047832	0.8	329700.916666667	223335.8	987530	0.00435594413247797	0.00363148654792745	0.00568055648738334	0	1900
historical	rep008	1900	E	20	11	0.0127009074513461	0.0168778688454862	0.00936805858238185	0.75	309356.363636364	196220.95	816414	0.00241840429522598	0.0063516894197062	0.00393081373641389	0	1900
historical	rep008	1900	SE	20	12	0.0217639006798461	0.028322994488306	0.0135230119800601	0.85	537592.708333333	371455.85	1771598	0.00360214236548457	0.00374807047086889	0.00329570315742164	0.011117984686071	1900
historical	rep008	2020	NW	20	13	0.0318795993448678	0.0563988895286611	0.0085252300314814	1.1	415131.858974359	435958.95	2435117	0.00589815226425889	0.00272170326516073	0.00584165380227832	0.0174180900131699	2020
historical	rep008	2020	NE	20	12	0.139681050971591	0.284007521996233	0.0104567347235808	1	3569321.72222222	2577859.55	19360134	0.00385271839000404	0.00587112968878742	0.0046446187861957	0.125312584106604	2020
historical	rep008	2020	W	20	12	0.0160450389686508	0.0203496226710377	0.00870938330526487	0.9	384248.638888889	247579.2	1372011	0.00490639482121018	0.00530029844141408	0.00229521967437693	0.00354312603164957	2020
historical	rep008	2020	E	20	11	0.0315201376291998	0.057133458046599	0.00958242631841839	0.9	787217.545454545	508663.35	4285188	0.00432341839298417	0.00461807137833573	0.00221626179545491	0.0203623860624249	2020
historical	rep008	2020	SE	20	11	0.0299889332430308	0.0679591643421991	0.00893227306911638	0.75	834421.242424242	534660.8	5297266	0.00397649955280013	0.00338224564109898	0.00150316174979233	0.0211270262993394	2020
historical	rep009	1900	NW	20	12	0.0520145557268053	0.139189819133992	0.0107127312742771	1	908841	900529.25	11904847	0.00622200998068909	0.00214870535677624	0.00424874735229634	0.0393950930370436	1900
historical	rep009	1900	NE	20	10	0.0435352387657852	0.130885958226348	0.00435372324038074	0.6	1612499.7	814357.7	11375793	0.00213967717215772	0.0061645353591588	0	0.0352310262344687	1900
historical	rep009	1900	W	20	10	0.0137200929117956	0.0172859508422339	0.00489812587179699	0.85	327790.283333333	188191.45	933519	0.00410342095372441	0.00574076848754511	0.0038759034705261	0	1900
historical	rep009	1900	E	20	12	0.0446898934793007	0.145268803461101	0.0113064067210599	0.7	1393688.625	840993	12759771	0.0014214251733161	0.00619858989879395	0.00411862889972512	0.0329512495074655	1900
historical	rep009	1900	SE	20	12	0.0228570573417295	0.0417013552354696	0.00955900365409058	0.8	637292.125	406434.55	3395961	0.0054693005827156	0.00065876824469314	0.00140460062446321	0.0153243878898576	1900
historical	rep009	2020	NW	20	14	0.0184742972283938	0.0205013394637653	0.0178404778657372	1.25	282763.553571429	232252.8	642986	0.00670008541137817	0.00739133291177702	0.00438287890523861	0	2020
historical	rep009	2020	NE	20	13	0.0256563058951411	0.033826814739127	0.0143895989115356	1.25	395122.230769231	367669.65	2129546	0.00608852403591461	0.00567334633536535	0.00839502635863203	0.00549940916522916	2020
historical	rep009	2020	W	20	14	0.0179155982497098	0.0235996733078627	0.0122871630009293	0.9	356410.285714286	294174.8	1712464	0.00245489406887007	0.00827368301227756	0.00276469818670358	0.00442232298185857	2020
historical	rep009	2020	E	20	10	0.0977144644481401	0.265804977417694	0.00398252436822205	0.75	2975394.05	1701498.85	19359420	0.00242336514838736	0.00415352014754574	0.00133507637208909	0.0898025027801179	2020
historical	rep009	2020	SE	20	11	0.0258668722902857	0.0482578185157267	0.0108316006501326	0.85	563469.295454545	347055	2420134	0.00237679614002756	0.00450626237340334	0.00844681962828567	0.0105369941485691	2020
restore_2km	rep001	2140	NW	20	15	0.0282872728059665	0.0346844871513345	0.0140252693102823	1.1	483179.788888889	441747.6	2236424	0.00302298535517927	0.00849879883309164	0.00441370282160209	0.0123517857960935	2140 R2
restore_2km	rep001	2140	NE	20	13	0.0306077280124064	0.0596512273683862	0.00946593278062043	0.9	730959.512820513	519022.35	5134611	0.00381883687335786	0.00141012703037958	0.0121189769083519	0.0132597872003171	2140 R2
restore_2km	rep001	2140	W	20	14	0.0389205116377587	0.100675615420589	0.0117269558815653	0.8	730563	714777.75	8306578	0.0038253885050447	0.00404419544284304	0.00522637114133556	0.0258245565485354	2140 R2
restore_2km	rep001	2140	E	20	17	0.0248723464794134	0.0236257168862233	0.0162092584446452	1.45	326169	339833.65	1391379	0.00769932157944268	0.00925257219332566	0.00142179704362075	0.00649865566302435	2140 R2
restore_2km	rep001	2140	SE	20	11	0.0202281847838005	0.0273260841142787	0.0118198201604218	0.8	482385.454545455	322444.55	1893742	0.00089492654760929	0.00904128529946586	0.00540151172509653	0.00489046121162886	2140 R2
restore_2km	rep002	2140	NW	20	11	0.0194431743179757	0.0280268033663745	0.00899773773733137	0.95	351530.568181818	264887.2	1029014	0.0044357619614795	0.006072231468192	0.00627782151557912	0.00265735937272504	2140 R2
restore_2km	rep002	2140	NE	20	11	0.0307273824477939	0.0729441230117241	0.010789145457018	1	859074.515151515	506960.75	6437489	0.0046516584976574	0.00517920817346138	0.00427213386256676	0.0166243819141084	2140 R2
restore_2km	rep002	2140	W	20	12	0.021069097169659	0.0249580369889329	0.0132846276201814	1.25	350788.194444444	267527.4	1241373	0.00633551306145379	0.0066997057937755	0.00482811612208068	0.00320576219234899	2140 R2
restore_2km	rep002	2140	E	20	14	0.0473282926313538	0.138694589480459	0.0106898509208103	0.9	1160100.14285714	840175.4	12062930	0.00492994402473888	0.00444109726737821	0.00257767324778973	0.0353795780914469	2140 R2
restore_2km	rep002	2140	SE	20	14	0.0224957698461629	0.0242070784147279	0.0117614055333991	1.2	380915.857142857	305195.5	1183458	0.00490535668327636	0.00761033869689105	0.00692387386179926	0.00305620060419628	2140 R2
restore_2km	rep003	2140	NW	20	14	0.0939659343042557	0.219652853090518	0.020519570991823	1.4	1925389.11309524	1600324.05	19359420	0.00517337187562446	0.00604361811419507	0.00844411065641358	0.0743048336580226	2140 R2
restore_2km	rep003	2140	NE	20	15	0.0332967350975171	0.058827407638861	0.0113494558736889	1.2	523495.994444444	533349.15	3572191	0.00496508060366326	0.00766718320484956	0.00289483988116884	0.0177696314078354	2140 R2
restore_2km	rep003	2140	W	20	9	0.0227868694041589	0.0456170791770178	0	0.65	810194.537037037	390598.8	3744579	0.00241322651772021	0.00505219380496095	0.00235392353385871	0.0129675255476191	2140 R2
restore_2km	rep003	2140	E	20	16	0.0487919431612767	0.0869645180984784	0.0277527066605949	1.5	825980.114583333	718169.8	7650309	0.00467816716902729	0.0132139748447299	0.00778063721939351	0.0231191639281259	2140 R2
restore_2km	rep003	2140	SE	20	14	0.0236433461117267	0.0253089386802341	0.0189135044649486	1.5	297167.351190476	257232.95	1047992	0.00621476883947903	0.0129730183819107	0.00174919011037782	0.00270636877995912	2140 R2
restore_2km	rep004	2140	NW	20	14	0.0308175041831536	0.0534062357396939	0.0148627005769	0.85	634043.035714286	538035.2	3777467	0.00374254664738519	0.00415434394356785	0.00862516242855894	0.0142954511636416	2140 R2
restore_2km	rep004	2140	NE	20	9	0.025580506331376	0.0776226349200002	0	0.55	1010415.5	461793.2	6780184	0.00185408594304941	0.00467822656497873	0.00153882514498164	0.0175093686783662	2140 R2
restore_2km	rep004	2140	W	20	14	0.0192005676806795	0.0262526875025678	0.0108172423244807	0.95	375992.047619048	313249.4	1614446	0.00597694744992263	0.00443272502065817	0.00139610442097495	0.00739479078912376	2140 R2
restore_2km	rep004	2140	E	20	12	0.0168029364738607	0.0210162934561924	0.0114083095142656	1	329118	236912.1	1204671	0.00607726721190084	0.00446572592776347	0.00314896158574588	0.0031109817484505	2140 R2
restore_2km	rep004	2140	SE	20	10	0.0160050293392758	0.0257028180623937	0.00604320234253501	0.8	365245.541666667	222263.6	1206615	0.00246017514368268	0.00586148430276048	0.00456736789526934	0.00311600199756332	2140 R2
restore_2km	rep005	2140	NW	20	10	0.0819710587803511	0.226879246657571	0.00797253779119059	0.95	2435432.91666667	1381818.2	19356374	0.00341530852658839	0.00294680617381146	0.00528808095244662	0.0703208631275047	2140 R2
restore_2km	rep005	2140	NE	13	10	0.0551055573923273	0.0885887086677293	0.0262962404583632	1.07692307692308	959091.05	906141.769230769	4370412	0.00332121500978045	0.00113748610517135	0.0127565856929805	0.037890270584395	2140 R2
restore_2km	rep005	2140	W	20	11	0.018063176529571	0.0220976920112255	0.0130241376366372	0.9	385588.954545455	259930.95	969307	0.00185372440247544	0.00907373356597953	0.00713571856111603	0	2140 R2
restore_2km	rep005	2140	E	20	12	0.0620138460743072	0.216470940496356	0.00972792057511395	0.9	1853955.375	1124087.75	18965743	0.002720153805558	0.00886020512056113	0.00145573279135302	0.0489777543568351	2140 R2
restore_2km	rep005	2140	SE	20	12	0.0290608379301926	0.0568500740183711	0.0107563485620937	1.05	426461.805555556	473691.45	3876583	0.00717401087276463	0.00367348981532456	0.00137672326377758	0.0168366139783258	2140 R2
restore_2km	rep008	2140	NW	20	14	0.0317087998304271	0.043042981596892	0.0234039416909428	1.25	521687.892857143	457466.9	2988276	0.00296049048453616	0.0084753968282252	0.00941098377824258	0.0108619287394232	2140 R2
restore_2km	rep008	2140	NE	20	15	0.102647538381276	0.244696313410378	0.0219912735468148	1.2	1884789.12222222	1806623.85	19358784	0.00280744002984466	0.00976208874178664	0.00780708649481197	0.0822709231148332	2140 R2
restore_2km	rep008	2140	W	20	16	0.0190672211872693	0.0171649403957828	0.0156678256108008	1.15	319434.822916667	282378.9	838585	0.00338546076977463	0.0104506711716688	0.00523108924582585	0	2140 R2
restore_2km	rep008	2140	E	20	13	0.0118598969330461	0.0128430181519793	0.00874930771436167	1	221010.487179487	161804.6	450268	0.00684456477203395	0.0050153321610122	0	0	2140 R2
restore_2km	rep008	2140	SE	20	12	0.0224513959055737	0.0395630580054584	0.010005377141308	0.8	458886.111111111	400208.9	3060193	0.00320249025015457	0.00420851046884633	0.00420383368327878	0.010836561503294	2140 R2
restore_2km	rep009	2140	NW	20	13	0.0450620116974903	0.0997115848892329	0.0155966279420558	1.25	971948.955128205	698026.55	8658706	0.0038676086967862	0.00849346869205828	0.0076313183799119	0.0250696159287339	2140 R2
restore_2km	rep009	2140	NE	20	9	0.0180255763098783	0.0243337873543126	0	0.95	388086.351851852	211287.95	1132889	0.00283062769279939	0.0103105251330353	0.00195881391759736	0.00292560956644623	2140 R2
restore_2km	rep009	2140	W	20	14	0.0178844670238584	0.0188574845835156	0.0104571479128082	1.05	322188.726190476	274126.95	773949	0.00502194060621781	0.00465352301404601	0.00820900340359461	0	2140 R2
restore_2km	rep009	2140	E	20	13	0.0220350974292451	0.0241983653186208	0.0135075173840329	1.05	425552.051282051	331225.9	1470083	0.0046700867371991	0.00523012341600682	0.00574791924361167	0.0063869680324275	2140 R2
restore_2km	rep009	2140	SE	20	15	0.0159248086507776	0.0139367064124205	0.0146384421237327	1.05	299821.222222222	234883.75	602361	0.00495607566093878	0.00790787884196901	0.00306085414786978	0	2140 R2
restore_4km	rep001	2140	NW	20	14	0.0409862408503765	0.0695093960375721	0.0171360677060132	1.1	814759.952380952	655418.75	5676452	0.00303162359246444	0.00954711671650504	0.00587774329885837	0.0225297572425486	2140 R4
restore_4km	rep001	2140	NE	20	9	0.0329810972642793	0.102480146714966	0	0.8	722558.277777778	494313.95	7514871	0.00468113696659918	0.00342167164069023	0.0017306379140679	0.023147650742922	2140 R4
restore_4km	rep001	2140	W	20	12	0.0127192659652056	0.0138817711364401	0.00929939169765457	0.75	357104.666666667	223664.55	952328	0.00363687350247957	0.00358043960131578	0.00550195286141029	0	2140 R4
restore_4km	rep001	2140	E	20	7	0.0348561396484555	0.119218216804714	0	0.45	1746591.85714286	641138.3	10312436	0.00137193543360517	0.00367081957994253	0	0.0298133846349078	2140 R4
restore_4km	rep001	2140	SE	20	12	0.0372125139109192	0.0997394208265183	0.00822497058480066	0.9	1025634.48611111	646198.75	8764742	0.00418722605877028	0.00390894827898681	0.00648198347769907	0.022634356095463	2140 R4
restore_4km	rep002	2140	NW	20	14	0.0433761350889124	0.0749324790159419	0.0128632262568945	0.9	958527.214285714	786900.75	4453429	0.00309073805874094	0.00573120315693097	0.00393756163298374	0.0306166322402567	2140 R4
restore_4km	rep002	2140	NE	20	12	0.0607651598223679	0.204409833709984	0.00904298195773084	0.9	1747493.75	1105818.6	17851234	0.00325852129182166	0.00700840204799306	0	0.0504982364825532	2140 R4
restore_4km	rep002	2140	W	20	12	0.0164747738421676	0.0212986422703301	0.011104357188865	1.15	276130.308333333	201944.2	825013	0.00736013196024355	0.00539346228246039	0.00372117959946366	0	2140 R4
restore_4km	rep002	2140	E	20	10	0.025319597993739	0.0470473786660062	0.00364358008012669	0.8	688779.725	397688.85	3398710	0.00283566085407556	0.00419575583388326	0.006107339640357	0.0121808416654232	2140 R4
restore_4km	rep002	2140	SE	20	12	0.0114942580384286	0.012560505996081	0.0108734877080595	0.8	278754.111111111	180295.6	521601	0.00348931588207972	0.00665794269261681	0.00134699946373203	0	2140 R4
restore_4km	rep003	2140	NW	20	9	0.015399588329243	0.0298310837389839	0	0.7	383683.666666667	229270.75	2251216	0.00318104314682023	0.00640493143408839	0	0.00581361374833439	2140 R4
restore_4km	rep003	2140	NE	20	9	0.010275442785197	0.0139750291765298	0	0.75	284853.925925926	145282.85	621770	0.00494620560326944	0.00372355801995384	0.00160567916197374	0	2140 R4
restore_4km	rep003	2140	W	20	11	0.0504323767021395	0.183841218575953	0.00970622814067585	0.85	935353.340909091	907918.05	15710668	0.004441358093078	0.00541927627944173	0	0.0405717423296197	2140 R4
restore_4km	rep003	2140	E	20	11	0.0263463138278578	0.0445216908433296	0.0116023793295065	0.75	696525.409090909	456290.1	3159757	0.00226681807985904	0.0047664527947577	0.00584835005019474	0.0134646929030463	2140 R4
restore_4km	rep003	2140	SE	20	15	0.0166414259697383	0.0156704715221428	0.0132854281743095	1.15	291515.316666667	235761.8	767743	0.00681818005743227	0.00784060130601884	0.00198264460628722	0	2140 R4
restore_4km	rep004	2140	NW	20	10	0.0360091519347921	0.0753873133101111	0.00366728681204833	1.05	607920.26	501529.05	4501922	0.00461446630232674	0.0040706627952902	0.00839875022654391	0.0189252726106313	2140 R4
restore_4km	rep004	2140	NE	20	13	0.0411627268815592	0.084422829339245	0.0106272011042069	0.85	789880.538461538	717218.85	6262561	0.00452573133331154	0.00136254829084534	0.00304817440345418	0.0322262728539481	2140 R4
restore_4km	rep004	2140	W	20	11	0.0272606163677992	0.0436839889482773	0.0145891693083662	0.9	592664.757575758	448146.8	3510180	0.00229561478657563	0.00531246169929545	0.0105877363681256	0.00906480351380251	2140 R4
restore_4km	rep004	2140	E	20	11	0.0186928898242804	0.033907685932357	0.00809073573455154	0.8	512074.242424242	306583.2	2806018	0.00418572308295564	0.00383675637366334	0.00342405780847843	0.00724635255918303	2140 R4
restore_4km	rep004	2140	SE	20	10	0.0188191527048736	0.0246104814142837	0.00497239663542078	0.9	423575.866666667	254078.4	1057427	0.00461676208497144	0.00398353668182916	0.00748811990586103	0.00273073403221192	2140 R4
restore_4km	rep005	2140	NW	20	15	0.0268338512918542	0.0355604024462806	0.0165775391678854	1.05	453512.5	446555.1	1984142	0.0055277074624402	0.00565524864720556	0.00248578771091567	0.0131651074712928	2140 R4
restore_4km	rep005	2140	NE	20	10	0.00996565674439221	0.0127892402015955	0.00401780039851068	0.7	279839.1	160909.75	714268	0.00408257297476979	0.00268775718769777	0.00319532658192466	0	2140 R4
restore_4km	rep005	2140	W	20	9	0.0215531896684719	0.0561600462445632	0	0.6	482904.777777778	295198.7	2530463	0.00312578167008916	0.00153228126059282	0.00158033258530589	0.0153147941524841	2140 R4
restore_4km	rep005	2140	E	20	12	0.0269507709310429	0.0447384633732766	0.0101925518613168	0.95	492121.652777778	437075.55	3142895	0.00462060732721886	0.00351380509110074	0.00678788295733372	0.0120284755553896	2140 R4
restore_4km	rep005	2140	SE	20	6	0.0096906018405824	0.0223248692861752	0	0.35	533717.25	165383.1	1662605	0.000829823419968268	0.0028742630576447	0.00169294989166437	0.00429356547130507	2140 R4
restore_4km	rep008	2140	NW	20	14	0.0316761398044344	0.0373414482308898	0.0250311325170677	1.3	535353.083333333	463572.25	2541757	0.00617174292874412	0.00788706185220645	0.00793091155896347	0.0096864234645204	2140 R4
restore_4km	rep008	2140	NE	20	13	0.0360357561561709	0.0974996293730244	0.0106641815400585	1	622292.5	623421.25	8369389	0.00476439717835143	0.0050471761382808	0.00461079924793363	0.021613383591605	2140 R4
restore_4km	rep008	2140	W	20	16	0.0425847847508797	0.0924297548780932	0.016998785585212	1.1	901079.53125	755672.25	8090386	0.00523590290032497	0.00694286507166328	0.00354515582372914	0.0268608609551623	2140 R4
restore_4km	rep008	2140	E	20	14	0.0211556706425284	0.0172182462157879	0.0212129025153876	1.25	352113.226190476	297195.4	1013617	0.00632131742906019	0.00924270730052167	0.00297404825605998	0.00261759765688653	2140 R4
restore_4km	rep008	2140	SE	20	9	0.0205235660151654	0.0331562517193364	0	0.85	488290.074074074	257364.55	1262239	0.00273207689720095	0.00387614880162987	0.00765998596499492	0.00625535435133965	2140 R4
restore_4km	rep009	2140	NW	20	14	0.0349849229833357	0.0456870699814117	0.0209433740174941	1.4	472673.714285714	426972.8	2041495	0.00417277993040757	0.00750843848611806	0.015129561421844	0.00817414314496605	2140 R4
restore_4km	rep009	2140	NE	20	15	0.0304869528012396	0.0526546617830369	0.0166929997326149	1.2	446538.044444444	493126.1	4222557	0.00595537638982007	0.00753496781694932	0.00182615693371035	0.0151704516607599	2140 R4
restore_4km	rep009	2140	W	20	12	0.020140983779792	0.0328989242516023	0.0106982438269917	0.95	379850.875	315713.05	2459486	0.00388449005915785	0.0067216409768847	0.0031833957429837	0.0063514570007658	2140 R4
restore_4km	rep009	2140	E	20	10	0.0133700596578101	0.0190142344107854	0.00291329394503726	0.95	272579.58	167378.7	756749	0.00524300717260345	0.00617279914370665	0.00195425334150002	0	2140 R4
restore_4km	rep009	2140	SE	20	14	0.0175474957143239	0.0196687013592423	0.0143686812068989	0.95	384767.785714286	285168.15	1588209	0.00290002798840529	0.00764876787747121	0.00289725703814909	0.00410144281029827	2140 R4
restore_6km	rep001	2140	NW	20	14	0.0301056101335484	0.0441229191322412	0.0247583243296818	1.3	426857.05952381	409686.6	2825233	0.00542541213946851	0.00987128948972112	0.00751293450139862	0.00729597400296019	2140 R6
restore_6km	rep001	2140	NE	20	13	0.0810031914219437	0.223794257949117	0.0145606850760028	1.05	2122117.41025641	1441381.75	19359420	0.00462966908346211	0.00576220784358143	0.00220270402393109	0.0684086104709691	2140 R6
restore_6km	rep001	2140	W	20	14	0.0415830978542102	0.100006691620636	0.0159776917070185	1.1	965883.309523809	725862.9	8826546	0.0052759409364593	0.00428041830657597	0.00325927794459432	0.0287674606665806	2140 R6
restore_6km	rep001	2140	E	20	11	0.0174204555214967	0.0207611508169374	0.0085269344370444	1.1	301058.454545455	225323.85	1205439	0.00522392299516326	0.00602082814587171	0.00306273932371976	0.00311296505674199	2140 R6
restore_6km	rep001	2140	SE	20	11	0.0193997481301767	0.021646789016974	0.0160236331842392	1.15	340353.621212121	237633.9	866628	0.00623289235196553	0.0090377396194083	0.00412911615880287	0	2140 R6
restore_6km	rep002	2140	NW	20	18	0.0414421667560447	0.0551029561312398	0.025383169738806	1.8	435043.935185185	602177.05	4526873	0.00932680163802671	0.00852258045556075	0.00755085494274256	0.0160419297197146	2140 R6
restore_6km	rep002	2140	NE	20	11	0.0988224003722009	0.204233913531794	0.0102011771864386	0.8	2167420.8030303	1792058.15	12829237	0.00201501798225342	0.0039307052742417	0.00275813106042071	0.090118546055285	2140 R6
restore_6km	rep002	2140	W	20	10	0.0100270644108807	0.0157408698507373	0.00376838905112592	0.8	220060.525	116874.85	387539	0.00481606390880418	0.00521100050207656	0	0	2140 R6
restore_6km	rep002	2140	E	20	14	0.0241185911962081	0.0221165488040725	0.02691116932603	1.4	334543.261904762	297841.35	1082684	0.00711240694139308	0.00817111395144273	0.00603911176918382	0.00279595853418849	2140 R6
restore_6km	rep002	2140	SE	20	13	0.0282824075028139	0.0371850476573483	0.0131055617387602	1.1	528155.461538462	435753.15	2098398	0.00492253244297253	0.00634808692612988	0.00273019946864898	0.0142815886650626	2140 R6
restore_6km	rep003	2140	NW	20	14	0.0177307451366724	0.0161556066915344	0.0164528076698664	1.2	286163.488095238	218864.85	478129	0.00632150594664518	0.0114092391900272	0	0	2140 R6
restore_6km	rep003	2140	NE	20	10	0.0288503128539708	0.0482499857314336	0.00448181190087239	0.75	755704.85	499750.6	3044109	0.00248410912967939	0.00478788698592869	0	0.0215783167383627	2140 R6
restore_6km	rep003	2140	W	20	13	0.0183628523464681	0.025247668402293	0.0114708043849087	0.95	360982.615384615	295446.65	1938467	0.00496898782429479	0.00622405784979735	0.00216384615952751	0.0050059605128484	2140 R6
restore_6km	rep003	2140	E	20	9	0.0251785713455647	0.0626770810175266	0	0.5	1061937	480113.2	5373868	0.00184397830157432	0.00149906859400848	0.00146342327584787	0.020372101174134	2140 R6
restore_6km	rep003	2140	SE	20	12	0.0217544748005962	0.0351509799114928	0.0126893768894691	0.85	567440.069444444	363213.4	2975828	0.00327621353805207	0.0059470248025614	0.00484636100890273	0.00768487545107997	2140 R6
restore_6km	rep004	2140	NW	20	16	0.0414034147713806	0.0813877903088495	0.0173150044658008	1.1	617844.489583333	682853.25	6656387	0.0033423109022715	0.00960740618964693	0.00520418287982458	0.0232495147996376	2140 R6
restore_6km	rep004	2140	NE	20	10	0.0101659760466974	0.012442517641415	0.00420541413207356	0.75	287376.95	148478.8	513394	0.00332218342203215	0.00551798718586579	0.00132580543879947	0	2140 R6
restore_6km	rep004	2140	W	20	12	0.0749682347869279	0.220425899175496	0.0141656503502889	0.95	2184548.14583333	1338205.45	19359420	0.00405601781961181	0.00399750247771503	0.00590128733752173	0.0610134271520793	2140 R6
restore_6km	rep004	2140	E	20	13	0.0146197530584912	0.0160419166715255	0.00972402110178044	0.9	312078.461538462	231576	742358	0.00526083370533276	0.00402187289483317	0.0053370464583253	0	2140 R6
restore_6km	rep004	2140	SE	20	14	0.0186949583528501	0.0223409416380926	0.0108810800601128	1.05	371409.922619048	281826.6	1269256	0.00698405487276897	0.00161724846034073	0.00681588685722024	0.00327776816252013	2140 R6
restore_6km	rep005	2140	NW	20	13	0.0270751667128147	0.0533741889193098	0.0123193401120125	1	647143.012820513	438122.4	4694181	0.00374314318933224	0.00921985277138152	0.00198976437316173	0.0121224063789392	2140 R6
restore_6km	rep005	2140	NE	20	10	0.0137560171326847	0.0264290790614386	0.00379994637836802	0.55	501124.4	256009.4	2220396	0.00256696131706959	0.00340455011208016	0.00205048253012705	0.00573402317340793	2140 R6
restore_6km	rep005	2140	W	20	13	0.0144065861536468	0.0166331244266279	0.0107246104645647	0.75	375067.423076923	251053.3	1022088	0.00363143231684135	0.00581101582106717	0.00232466457169399	0.00263947344404429	2140 R6
restore_6km	rep005	2140	E	20	13	0.0210605286580559	0.0219793332742797	0.0167544099815361	0.85	536172.884615385	358214.65	1304512	0.00251449145005609	0.00640981481426963	0.00301665839513482	0.00911956399859536	2140 R6
restore_6km	rep005	2140	SE	20	13	0.0304254779915016	0.0705404481916476	0.0117829171975503	0.95	784190.179487179	530274.7	6218892	0.00541535098178151	0.00430954814710714	0.00142328452483936	0.0192772943377736	2140 R6
restore_6km	rep008	2140	NW	20	14	0.0350944723596808	0.0738982296111851	0.0169328302547895	1	790782.714285714	579409.3	6391313	0.00268514893069985	0.00751436775153114	0.00570627493435585	0.019188680743094	2140 R6
restore_6km	rep008	2140	NE	20	14	0.094515504383447	0.257316756705672	0.0139543815334578	1	1932522.75	1656927.4	19358784	0.00413714494197764	0.00842523823845243	0	0.081953121203017	2140 R6
restore_6km	rep008	2140	W	20	9	0.0116993548411755	0.0195237656891091	0	0.55	408654.888888889	202116.55	1381483	0.00274423757264964	0.00224495520486464	0.00314257522975	0.0035675868339112	2140 R6
restore_6km	rep008	2140	E	20	14	0.0205668191799754	0.0214490673680759	0.0156883043018835	1.2	340247.291666667	290963.65	1112019	0.00666738923132807	0.00659419792456084	0.00443351782748823	0.00287171419659822	2140 R6
restore_6km	rep008	2140	SE	20	13	0.0143032836819333	0.0159192673244627	0.0115805577734348	0.75	366755.923076923	256553.5	855281	0.00295993784394452	0.00532205801910163	0.00602128781888718	0	2140 R6
restore_6km	rep009	2140	NW	20	15	0.0787467908754803	0.22029190195765	0.0195141783042704	1.25	1745463.71666667	1421378.15	19359420	0.00624039690130805	0.00755292605374487	0	0.0649534679204274	2140 R6
restore_6km	rep009	2140	NE	20	13	0.0218544950003845	0.0323962319465122	0.0119792337292151	0.95	426653.307692308	342774.7	2576721	0.00332422870870774	0.00966486015171585	0.00221119764498668	0.00665420849497425	2140 R6
restore_6km	rep009	2140	W	20	14	0.0258753452518799	0.0270823748300829	0.015391247071715	1.3	397152.845238095	348555.7	1303318	0.00348523047359388	0.0108674577277722	0.00506304776947801	0.00645960928103577	2140 R6
restore_6km	rep009	2140	E	20	10	0.0107010509313053	0.0140776337533354	0.00369484136865006	0.8	260920.15	144296.65	664523	0.0045148386323044	0.00299998362737686	0.00318622867162401	0	2140 R6
restore_6km	rep009	2140	SE	20	10	0.0205173604294565	0.0376028535469831	0.00356491918096185	0.6	560417.75	340118.95	2040456	0.00164161887745887	0.00399550367482752	0.0025328293044543	0.0123474085727158	2140 R6
status_quo	rep001	2140	NW	20	11	0.0675051205766221	0.220441766010132	0.0103216993192036	1	2107927.3030303	1212423.3	19359420	0.00576910552124622	0.00481451444920146	0.00692710190263826	0.0499943987035362	2140 SQ
status_quo	rep001	2140	NE	20	13	0.0430924238707887	0.0949123173085772	0.0111766136550053	0.95	924489.679487179	767361.8	6341661	0.00512009887205022	0.00537671778902031	0.00150583973247237	0.0310897674772458	2140 SQ
status_quo	rep001	2140	W	20	12	0.0599631776090279	0.186558766761218	0.0129037962741591	1	915547.055555556	881923.1	11979808	0.00498601380289603	0.00499973943254348	0.00238449695425308	0.0475929274193353	2140 SQ
status_quo	rep001	2140	E	20	12	0.0236901630336229	0.0300362321764181	0.0153057169016448	0.9	493922.458333333	366591.3	1712297	0.00154462012389582	0.00979250205135539	0.00502584524441666	0.00732719561395503	2140 SQ
status_quo	rep001	2140	SE	20	15	0.0283201988225243	0.0256634936009095	0.0309211707778737	1.45	364601.9	388678.75	1142249	0.00554077198932381	0.0097707192317738	0.010058926465178	0.00294978113624868	2140 SQ
status_quo	rep002	2140	NW	20	15	0.0446030850050582	0.113024675634981	0.016167758751619	1.2	635844.161111111	606398.05	6887176	0.00458012769509775	0.0108316626285167	0	0.0291912946814438	2140 SQ
status_quo	rep002	2140	NE	20	14	0.0211646084420034	0.0348174868839489	0.0152993124686202	0.95	384653.047619048	338648.3	2282332	0.00351345129782478	0.00585898450793476	0.00589820391291231	0.00589396872333154	2140 SQ
status_quo	rep002	2140	W	20	14	0.0203485338935766	0.0225020821722673	0.0168192806902367	1.05	374886.154761905	323573.1	1611485	0.00373133372472683	0.00885961374347942	0.00359603491221717	0.00416155151315318	2140 SQ
status_quo	rep002	2140	E	20	11	0.02487531111212	0.0705466604278095	0.00723943680448955	0.65	838366.136363636	462196.95	6216767	0.00264609480141325	0.00438522375410407	0.00178961034654749	0.0160543822100552	2140 SQ
status_quo	rep002	2140	SE	20	12	0.040477969034463	0.0890842053702536	0.0162012270790378	0.9	811148.180555556	701796.45	7467053	0.00215467335867939	0.00776553515313232	0.00419910008419247	0.0263586604384588	2140 SQ
status_quo	rep003	2140	NW	20	15	0.0376041140011804	0.0501257125674781	0.0261034618594579	1.6	417229.712222222	454170.6	2152044	0.00619451223760612	0.00711292859279267	0.0127548570522802	0.0115418161185014	2140 SQ
status_quo	rep003	2140	NE	20	13	0.0173462648132857	0.0228174664445958	0.0111017747561938	1.1	293497.071794872	215074.5	884252	0.00431032545934117	0.0094237874794264	0.00361215187451815	0	2140 SQ
status_quo	rep003	2140	W	20	15	0.039148806433191	0.107892553502626	0.0106630194453565	0.95	943599.466666667	718570.65	9471395	0.00579548507098255	0.00299427386874084	0.00133717588985078	0.0290218716036168	2140 SQ
status_quo	rep003	2140	E	20	15	0.063847838108742	0.201115550245236	0.0156373787296074	1.25	1436120.71111111	1134102.65	17711606	0.00791719109418137	0.0042520425363848	0.0031746877800164	0.0485039166981594	2140 SQ
status_quo	rep003	2140	SE	20	11	0.0267054165853846	0.0332823529696788	0.0112504712294017	1	530543.348484849	393081.85	1578130	0.00242113392655944	0.00453780937091475	0.0156710588165052	0.00407541447140521	2140 SQ
status_quo	rep004	2140	NW	20	13	0.0472631430199247	0.0798853472171814	0.013323854772457	1.1	990468.064102564	788117.3	6152522	0.00352669401256271	0.00782653221282613	0.0027836093411548	0.033126307453381	2140 SQ
status_quo	rep004	2140	NE	20	15	0.0529122687192668	0.120519914446679	0.0200706925449146	1	820373.766666667	841094.95	7902238	0.00159235380939033	0.00719066756349388	0.00973481050548072	0.0343944368409018	2140 SQ
status_quo	rep004	2140	W	20	10	0.0116262668317151	0.0184538731351535	0.00344085911543727	0.7	319863.1	186761	1168855	0.00411746422259041	0.00132577186717474	0.00316454140205125	0.0030184893398987	2140 SQ
status_quo	rep004	2140	E	20	15	0.106075028242775	0.256781074027318	0.0183689727118988	1.25	2064435.4	1911676.85	19355660	0.00642112328693683	0.0052132033171451	0.0034827978220176	0.0909579038166754	2140 SQ
status_quo	rep004	2140	SE	20	11	0.0192454012942843	0.0299424810842476	0.00966767242089479	0.85	412776.863636364	278481.2	1475979	0.0028160989265912	0.00596126433631041	0.00665642163977347	0.00381161639160918	2140 SQ
status_quo	rep005	2140	NW	20	15	0.039114648596249	0.0677720927668687	0.0133276509484836	0.9	814314.8	722784.65	4361066	0.00248801635031092	0.00787579211602932	0.00234541183577443	0.0264054282941343	2140 SQ
status_quo	rep005	2140	NE	20	13	0.070243607071713	0.18547967398642	0.0109764234743336	0.9	1938281	1285520.8	15473572	0.00378603997843359	0.00543844825959274	0.00189877494042457	0.0591203438932621	2140 SQ
status_quo	rep005	2140	W	20	13	0.0161472129172869	0.0177963472612691	0.0123962191326342	0.85	397181.057692308	277711.7	1141786	0.00464176003322868	0.00634977583709684	0.00220709157703947	0.00294858546992192	2140 SQ
status_quo	rep005	2140	E	20	14	0.0253256279740263	0.0620809597218196	0.0110581058197238	1.05	326168.327380952	388529.7	4413432	0.00616768850945033	0.00569775548897355	0.00206279298667067	0.0113973909889317	2140 SQ
status_quo	rep005	2140	SE	20	12	0.042425342775327	0.0986623397331918	0.015978724680087	1	797285.916666667	716463.45	8472406	0.00330091708898479	0.00700951507647435	0.00322414653053528	0.0288907640793325	2140 SQ
status_quo	rep008	2140	NW	20	20	0.0494882341526824	0.044393679936989	0.0364521476000756	1.65	659754.058333333	794608.25	3025827	0.00608539412751712	0.0120681856225747	0.00447553917191404	0.0268591152306766	2140 SQ
status_quo	rep008	2140	NE	20	13	0.0464143593792844	0.101280204309413	0.00897188758629263	1.15	934320.865384615	741031.95	7931618	0.00532416270172867	0.00922672720715226	0	0.0318634694704035	2140 SQ
status_quo	rep008	2140	W	20	15	0.0240807792170364	0.0391043249989319	0.0138277648595887	1.1	412372.433333333	368193.4	2560114	0.00650125617272425	0.0038509106871342	0.00348661723993831	0.0102419951172396	2140 SQ
status_quo	rep008	2140	E	20	11	0.0129557419073404	0.0171015975696355	0.00793408536871638	0.85	270145.545454545	166066.95	632508	0.00436481478870355	0.00695751779463969	0.00163340932399712	0	2140 SQ
status_quo	rep008	2140	SE	20	13	0.044661238806381	0.071695010520805	0.0186964768232607	1.25	809814.205128205	687031.1	4547614	0.00518286231569113	0.00633071231911802	0.00856881374767329	0.0245788504238986	2140 SQ
status_quo	rep009	2140	NW	20	13	0.0594989285228604	0.119747228798239	0.0181293229600112	1.05	1101497.70512821	816260.55	5599962	0.00238408376502569	0.00862811156666945	0.00410010511017458	0.0443866280809907	2140 SQ
status_quo	rep009	2140	NE	20	15	0.0325409939235876	0.0535350963168478	0.0165219135681477	1.2	613860.833333333	525295.4	4418076	0.00497065865823306	0.00696509981696234	0.0046776558473584	0.0159275796010338	2140 SQ
status_quo	rep009	2140	W	20	13	0.0194899189317571	0.0218629820161498	0.0118111431866465	0.95	378768.923076923	316587.05	997649	0.00442084583037064	0.00432805644206165	0.0107410166593248	0	2140 SQ
status_quo	rep009	2140	E	20	13	0.0250776395470434	0.0505273317550653	0.011792084833533	0.95	406603.794871795	402001.7	3938352	0.00533335874447082	0.00532707826821445	0.00164354278979892	0.0127736597445592	2140 SQ
status_quo	rep009	2140	SE	20	11	0.0222554512442135	0.0282892063865045	0.0122180312783212	1.1	401790.977272727	299012.4	1188890	0.00526285575011431	0.00634464454337916	0.00757772257225375	0.00307022837846625	2140 SQ
