state	scenario	rep	year	region	roh_class	FROH_contribution
1900	historical	rep001	1900	NW	100-250kb	0.00662027532967465
1900	historical	rep001	1900	NE	100-250kb	0.00457491376353459
1900	historical	rep001	1900	W	100-250kb	0.00342000080675197
1900	historical	rep001	1900	E	100-250kb	0.00461829604997813
1900	historical	rep001	1900	SE	100-250kb	0.00359824547458372
2020	historical	rep001	2020	NW	100-250kb	0.00461589438759391
2020	historical	rep001	2020	NE	100-250kb	0.00582147983825088
2020	historical	rep001	2020	W	100-250kb	0.00245914733547954
2020	historical	rep001	2020	E	100-250kb	0.00457088258613485
2020	historical	rep001	2020	SE	100-250kb	0.00460689719216744
1900	historical	rep002	1900	NW	100-250kb	0.00406611513135621
1900	historical	rep002	1900	NE	100-250kb	0.00400680698262937
1900	historical	rep002	1900	W	100-250kb	0.00402613390874065
1900	historical	rep002	1900	E	100-250kb	0.00138094295876232
1900	historical	rep002	1900	SE	100-250kb	0.00256579147506953
2020	historical	rep002	2020	NW	100-250kb	0.00570833571562747
2020	historical	rep002	2020	NE	100-250kb	0.00108865031687224
2020	historical	rep002	2020	W	100-250kb	0.00573733126965974
2020	historical	rep002	2020	E	100-250kb	0.00274796660542686
2020	historical	rep002	2020	SE	100-250kb	0.00533902976661678
1900	historical	rep003	1900	NW	100-250kb	0.00403045431859957
1900	historical	rep003	1900	NE	100-250kb	0.00190115077848208
1900	historical	rep003	1900	W	100-250kb	0.00425751987608042
1900	historical	rep003	1900	E	100-250kb	0.00243785001324013
1900	historical	rep003	1900	SE	100-250kb	0.00311820223019918
2020	historical	rep003	2020	NW	100-250kb	0.0024082863240202
2020	historical	rep003	2020	NE	100-250kb	0.00422489342171244
2020	historical	rep003	2020	W	100-250kb	0.00288403240043986
2020	historical	rep003	2020	E	100-250kb	0.00346164769844045
2020	historical	rep003	2020	SE	100-250kb	0.0046292119928793
1900	historical	rep004	1900	NW	100-250kb	0.00517437127706822
1900	historical	rep004	1900	NE	100-250kb	0.00307203608133609
1900	historical	rep004	1900	W	100-250kb	0.00427861835100415
1900	historical	rep004	1900	E	100-250kb	0.00363461903875761
1900	historical	rep004	1900	SE	100-250kb	0.0028066291459859
2020	historical	rep004	2020	NW	100-250kb	0.00278882327271796
2020	historical	rep004	2020	NE	100-250kb	0.00372148432651886
2020	historical	rep004	2020	W	100-250kb	0.00435365351469861
2020	historical	rep004	2020	E	100-250kb	0.00715943820520103
2020	historical	rep004	2020	SE	100-250kb	0.00569593487394036
1900	historical	rep005	1900	NW	100-250kb	0.00333341700415188
1900	historical	rep005	1900	NE	100-250kb	0.00346225457011819
1900	historical	rep005	1900	W	100-250kb	0.0042736988167655
1900	historical	rep005	1900	E	100-250kb	0.00481190360977087
1900	historical	rep005	1900	SE	100-250kb	0.00518935971629188
2020	historical	rep005	2020	NW	100-250kb	0.00537090215064476
2020	historical	rep005	2020	NE	100-250kb	0.00315348084292049
2020	historical	rep005	2020	W	100-250kb	0.00463751193148455
2020	historical	rep005	2020	E	100-250kb	0.00535454502210537
2020	historical	rep005	2020	SE	100-250kb	0.00339010398371745
1900	historical	rep008	1900	NW	100-250kb	0.00371987288853203
1900	historical	rep008	1900	NE	100-250kb	0.00569055824911891
1900	historical	rep008	1900	W	100-250kb	0.00435594413247797
1900	historical	rep008	1900	E	100-250kb	0.00241840429522598
1900	historical	rep008	1900	SE	100-250kb	0.00360214236548457
2020	historical	rep008	2020	NW	100-250kb	0.00589815226425889
2020	historical	rep008	2020	NE	100-250kb	0.00385271839000404
2020	historical	rep008	2020	W	100-250kb	0.00490639482121018
2020	historical	rep008	2020	E	100-250kb	0.00432341839298417
2020	historical	rep008	2020	SE	100-250kb	0.00397649955280013
1900	historical	rep009	1900	NW	100-250kb	0.00622200998068909
1900	historical	rep009	1900	NE	100-250kb	0.00213967717215772
1900	historical	rep009	1900	W	100-250kb	0.00410342095372441
1900	historical	rep009	1900	E	100-250kb	0.0014214251733161
1900	historical	rep009	1900	SE	100-250kb	0.0054693005827156
2020	historical	rep009	2020	NW	100-250kb	0.00670008541137817
2020	historical	rep009	2020	NE	100-250kb	0.00608852403591461
2020	historical	rep009	2020	W	100-250kb	0.00245489406887007
2020	historical	rep009	2020	E	100-250kb	0.00242336514838736
2020	historical	rep009	2020	SE	100-250kb	0.00237679614002756
2140 R2	restore_2km	rep001	2140	NW	100-250kb	0.00302298535517927
2140 R2	restore_2km	rep001	2140	NE	100-250kb	0.00381883687335786
2140 R2	restore_2km	rep001	2140	W	100-250kb	0.0038253885050447
2140 R2	restore_2km	rep001	2140	E	100-250kb	0.00769932157944268
2140 R2	restore_2km	rep001	2140	SE	100-250kb	0.00089492654760929
2140 R2	restore_2km	rep002	2140	NW	100-250kb	0.0044357619614795
2140 R2	restore_2km	rep002	2140	NE	100-250kb	0.0046516584976574
2140 R2	restore_2km	rep002	2140	W	100-250kb	0.00633551306145379
2140 R2	restore_2km	rep002	2140	E	100-250kb	0.00492994402473888
2140 R2	restore_2km	rep002	2140	SE	100-250kb	0.00490535668327636
2140 R2	restore_2km	rep003	2140	NW	100-250kb	0.00517337187562446
2140 R2	restore_2km	rep003	2140	NE	100-250kb	0.00496508060366326
2140 R2	restore_2km	rep003	2140	W	100-250kb	0.00241322651772021
2140 R2	restore_2km	rep003	2140	E	100-250kb	0.00467816716902729
2140 R2	restore_2km	rep003	2140	SE	100-250kb	0.00621476883947903
2140 R2	restore_2km	rep004	2140	NW	100-250kb	0.00374254664738519
2140 R2	restore_2km	rep004	2140	NE	100-250kb	0.00185408594304941
2140 R2	restore_2km	rep004	2140	W	100-250kb	0.00597694744992263
2140 R2	restore_2km	rep004	2140	E	100-250kb	0.00607726721190084
2140 R2	restore_2km	rep004	2140	SE	100-250kb	0.00246017514368268
2140 R2	restore_2km	rep005	2140	NW	100-250kb	0.00341530852658839
2140 R2	restore_2km	rep005	2140	NE	100-250kb	0.00332121500978045
2140 R2	restore_2km	rep005	2140	W	100-250kb	0.00185372440247544
2140 R2	restore_2km	rep005	2140	E	100-250kb	0.002720153805558
2140 R2	restore_2km	rep005	2140	SE	100-250kb	0.00717401087276463
2140 R2	restore_2km	rep008	2140	NW	100-250kb	0.00296049048453616
2140 R2	restore_2km	rep008	2140	NE	100-250kb	0.00280744002984466
2140 R2	restore_2km	rep008	2140	W	100-250kb	0.00338546076977463
2140 R2	restore_2km	rep008	2140	E	100-250kb	0.00684456477203395
2140 R2	restore_2km	rep008	2140	SE	100-250kb	0.00320249025015457
2140 R2	restore_2km	rep009	2140	NW	100-250kb	0.0038676086967862
2140 R2	restore_2km	rep009	2140	NE	100-250kb	0.00283062769279939
2140 R2	restore_2km	rep009	2140	W	100-250kb	0.00502194060621781
2140 R2	restore_2km	rep009	2140	E	100-250kb	0.0046700867371991
2140 R2	restore_2km	rep009	2140	SE	100-250kb	0.00495607566093878
2140 R4	restore_4km	rep001	2140	NW	100-250kb	0.00303162359246444
2140 R4	restore_4km	rep001	2140	NE	100-250kb	0.00468113696659918
2140 R4	restore_4km	rep001	2140	W	100-250kb	0.00363687350247957
2140 R4	restore_4km	rep001	2140	E	100-250kb	0.00137193543360517
2140 R4	restore_4km	rep001	2140	SE	100-250kb	0.00418722605877028
2140 R4	restore_4km	rep002	2140	NW	100-250kb	0.00309073805874094
2140 R4	restore_4km	rep002	2140	NE	100-250kb	0.00325852129182166
2140 R4	restore_4km	rep002	2140	W	100-250kb	0.00736013196024355
2140 R4	restore_4km	rep002	2140	E	100-250kb	0.00283566085407556
2140 R4	restore_4km	rep002	2140	SE	100-250kb	0.00348931588207972
2140 R4	restore_4km	rep003	2140	NW	100-250kb	0.00318104314682023
2140 R4	restore_4km	rep003	2140	NE	100-250kb	0.00494620560326944
2140 R4	restore_4km	rep003	2140	W	100-250kb	0.004441358093078
2140 R4	restore_4km	rep003	2140	E	100-250kb	0.00226681807985904
2140 R4	restore_4km	rep003	2140	SE	100-250kb	0.00681818005743227
2140 R4	restore_4km	rep004	2140	NW	100-250kb	0.00461446630232674
2140 R4	restore_4km	rep004	2140	NE	100-250kb	0.00452573133331154
2140 R4	restore_4km	rep004	2140	W	100-250kb	0.00229561478657563
2140 R4	restore_4km	rep004	2140	E	100-250kb	0.00418572308295564
2140 R4	restore_4km	rep004	2140	SE	100-250kb	0.00461676208497144
2140 R4	restore_4km	rep005	2140	NW	100-250kb	0.0055277074624402
2140 R4	restore_4km	rep005	2140	NE	100-250kb	0.00408257297476979
2140 R4	restore_4km	rep005	2140	W	100-250kb	0.00312578167008916
2140 R4	restore_4km	rep005	2140	E	100-250kb	0.00462060732721886
2140 R4	restore_4km	rep005	2140	SE	100-250kb	0.000829823419968268
2140 R4	restore_4km	rep008	2140	NW	100-250kb	0.00617174292874412
2140 R4	restore_4km	rep008	2140	NE	100-250kb	0.00476439717835143
2140 R4	restore_4km	rep008	2140	W	100-250kb	0.00523590290032497
2140 R4	restore_4km	rep008	2140	E	100-250kb	0.00632131742906019
2140 R4	restore_4km	rep008	2140	SE	100-250kb	0.00273207689720095
2140 R4	restore_4km	rep009	2140	NW	100-250kb	0.00417277993040757
2140 R4	restore_4km	rep009	2140	NE	100-250kb	0.00595537638982007
2140 R4	restore_4km	rep009	2140	W	100-250kb	0.00388449005915785
2140 R4	restore_4km	rep009	2140	E	100-250kb	0.00524300717260345
2140 R4	restore_4km	rep009	2140	SE	100-250kb	0.00290002798840529
2140 R6	restore_6km	rep001	2140	NW	100-250kb	0.00542541213946851
2140 R6	restore_6km	rep001	2140	NE	100-250kb	0.00462966908346211
2140 R6	restore_6km	rep001	2140	W	100-250kb	0.0052759409364593
2140 R6	restore_6km	rep001	2140	E	100-250kb	0.00522392299516326
2140 R6	restore_6km	rep001	2140	SE	100-250kb	0.00623289235196553
2140 R6	restore_6km	rep002	2140	NW	100-250kb	0.00932680163802671
2140 R6	restore_6km	rep002	2140	NE	100-250kb	0.00201501798225342
2140 R6	restore_6km	rep002	2140	W	100-250kb	0.00481606390880418
2140 R6	restore_6km	rep002	2140	E	100-250kb	0.00711240694139308
2140 R6	restore_6km	rep002	2140	SE	100-250kb	0.00492253244297253
2140 R6	restore_6km	rep003	2140	NW	100-250kb	0.00632150594664518
2140 R6	restore_6km	rep003	2140	NE	100-250kb	0.00248410912967939
2140 R6	restore_6km	rep003	2140	W	100-250kb	0.00496898782429479
2140 R6	restore_6km	rep003	2140	E	100-250kb	0.00184397830157432
2140 R6	restore_6km	rep003	2140	SE	100-250kb	0.00327621353805207
2140 R6	restore_6km	rep004	2140	NW	100-250kb	0.0033423109022715
2140 R6	restore_6km	rep004	2140	NE	100-250kb	0.00332218342203215
2140 R6	restore_6km	rep004	2140	W	100-250kb	0.00405601781961181
2140 R6	restore_6km	rep004	2140	E	100-250kb	0.00526083370533276
2140 R6	restore_6km	rep004	2140	SE	100-250kb	0.00698405487276897
2140 R6	restore_6km	rep005	2140	NW	100-250kb	0.00374314318933224
2140 R6	restore_6km	rep005	2140	NE	100-250kb	0.00256696131706959
2140 R6	restore_6km	rep005	2140	W	100-250kb	0.00363143231684135
2140 R6	restore_6km	rep005	2140	E	100-250kb	0.00251449145005609
2140 R6	restore_6km	rep005	2140	SE	100-250kb	0.00541535098178151
2140 R6	restore_6km	rep008	2140	NW	100-250kb	0.00268514893069985
2140 R6	restore_6km	rep008	2140	NE	100-250kb	0.00413714494197764
2140 R6	restore_6km	rep008	2140	W	100-250kb	0.00274423757264964
2140 R6	restore_6km	rep008	2140	E	100-250kb	0.00666738923132807
2140 R6	restore_6km	rep008	2140	SE	100-250kb	0.00295993784394452
2140 R6	restore_6km	rep009	2140	NW	100-250kb	0.00624039690130805
2140 R6	restore_6km	rep009	2140	NE	100-250kb	0.00332422870870774
2140 R6	restore_6km	rep009	2140	W	100-250kb	0.00348523047359388
2140 R6	restore_6km	rep009	2140	E	100-250kb	0.0045148386323044
2140 R6	restore_6km	rep009	2140	SE	100-250kb	0.00164161887745887
2140 SQ	status_quo	rep001	2140	NW	100-250kb	0.00576910552124622
2140 SQ	status_quo	rep001	2140	NE	100-250kb	0.00512009887205022
2140 SQ	status_quo	rep001	2140	W	100-250kb	0.00498601380289603
2140 SQ	status_quo	rep001	2140	E	100-250kb	0.00154462012389582
2140 SQ	status_quo	rep001	2140	SE	100-250kb	0.00554077198932381
2140 SQ	status_quo	rep002	2140	NW	100-250kb	0.00458012769509775
2140 SQ	status_quo	rep002	2140	NE	100-250kb	0.00351345129782478
2140 SQ	status_quo	rep002	2140	W	100-250kb	0.00373133372472683
2140 SQ	status_quo	rep002	2140	E	100-250kb	0.00264609480141325
2140 SQ	status_quo	rep002	2140	SE	100-250kb	0.00215467335867939
2140 SQ	status_quo	rep003	2140	NW	100-250kb	0.00619451223760612
2140 SQ	status_quo	rep003	2140	NE	100-250kb	0.00431032545934117
2140 SQ	status_quo	rep003	2140	W	100-250kb	0.00579548507098255
2140 SQ	status_quo	rep003	2140	E	100-250kb	0.00791719109418137
2140 SQ	status_quo	rep003	2140	SE	100-250kb	0.00242113392655944
2140 SQ	status_quo	rep004	2140	NW	100-250kb	0.00352669401256271
2140 SQ	status_quo	rep004	2140	NE	100-250kb	0.00159235380939033
2140 SQ	status_quo	rep004	2140	W	100-250kb	0.00411746422259041
2140 SQ	status_quo	rep004	2140	E	100-250kb	0.00642112328693683
2140 SQ	status_quo	rep004	2140	SE	100-250kb	0.0028160989265912
2140 SQ	status_quo	rep005	2140	NW	100-250kb	0.00248801635031092
2140 SQ	status_quo	rep005	2140	NE	100-250kb	0.00378603997843359
2140 SQ	status_quo	rep005	2140	W	100-250kb	0.00464176003322868
2140 SQ	status_quo	rep005	2140	E	100-250kb	0.00616768850945033
2140 SQ	status_quo	rep005	2140	SE	100-250kb	0.00330091708898479
2140 SQ	status_quo	rep008	2140	NW	100-250kb	0.00608539412751712
2140 SQ	status_quo	rep008	2140	NE	100-250kb	0.00532416270172867
2140 SQ	status_quo	rep008	2140	W	100-250kb	0.00650125617272425
2140 SQ	status_quo	rep008	2140	E	100-250kb	0.00436481478870355
2140 SQ	status_quo	rep008	2140	SE	100-250kb	0.00518286231569113
2140 SQ	status_quo	rep009	2140	NW	100-250kb	0.00238408376502569
2140 SQ	status_quo	rep009	2140	NE	100-250kb	0.00497065865823306
2140 SQ	status_quo	rep009	2140	W	100-250kb	0.00442084583037064
2140 SQ	status_quo	rep009	2140	E	100-250kb	0.00533335874447082
2140 SQ	status_quo	rep009	2140	SE	100-250kb	0.00526285575011431
1900	historical	rep001	1900	NW	250-500kb	0.00795012227560455
1900	historical	rep001	1900	NE	250-500kb	0.00189231885874656
1900	historical	rep001	1900	W	250-500kb	0.00354735863879767
1900	historical	rep001	1900	E	250-500kb	0.00652184074354641
1900	historical	rep001	1900	SE	250-500kb	0.00522208172066869
2020	historical	rep001	2020	NW	250-500kb	0.00387428686767393
2020	historical	rep001	2020	NE	250-500kb	0.00489766619878152
2020	historical	rep001	2020	W	250-500kb	0.00436521506576759
2020	historical	rep001	2020	E	250-500kb	0.00166774534879343
2020	historical	rep001	2020	SE	250-500kb	0.0061218399998058
1900	historical	rep002	1900	NW	250-500kb	0.00515370406840058
1900	historical	rep002	1900	NE	250-500kb	0.00437371126925584
1900	historical	rep002	1900	W	250-500kb	0.0049879712868608
1900	historical	rep002	1900	E	250-500kb	0.0028152467238097
1900	historical	rep002	1900	SE	250-500kb	0.00451254284965971
2020	historical	rep002	2020	NW	250-500kb	0.00612646255428725
2020	historical	rep002	2020	NE	250-500kb	0.00416782940697688
2020	historical	rep002	2020	W	250-500kb	0.00415010875398708
2020	historical	rep002	2020	E	250-500kb	0.00293579209846878
2020	historical	rep002	2020	SE	250-500kb	0.00439189159526111
1900	historical	rep003	1900	NW	250-500kb	0.00548966306432804
1900	historical	rep003	1900	NE	250-500kb	0.00747625621016953
1900	historical	rep003	1900	W	250-500kb	0.00347745735125356
1900	historical	rep003	1900	E	250-500kb	0.00547798013892352
1900	historical	rep003	1900	SE	250-500kb	0.00474835768903059
2020	historical	rep003	2020	NW	250-500kb	0.00236797196759006
2020	historical	rep003	2020	NE	250-500kb	0.00394952346111675
2020	historical	rep003	2020	W	250-500kb	0.00639694396983636
2020	historical	rep003	2020	E	250-500kb	0.00359939465712241
2020	historical	rep003	2020	SE	250-500kb	0.00460057797942101
1900	historical	rep004	1900	NW	250-500kb	0.0031018709259865
1900	historical	rep004	1900	NE	250-500kb	0.00738621711265537
1900	historical	rep004	1900	W	250-500kb	0.00450308598121776
1900	historical	rep004	1900	E	250-500kb	0.00488994988995996
1900	historical	rep004	1900	SE	250-500kb	0.00360538848335227
2020	historical	rep004	2020	NW	250-500kb	0.00981916825111823
2020	historical	rep004	2020	NE	250-500kb	0.0030959881443615
2020	historical	rep004	2020	W	250-500kb	0.00851226621947197
2020	historical	rep004	2020	E	250-500kb	0.00461200782642375
2020	historical	rep004	2020	SE	250-500kb	0.00591998931492658
1900	historical	rep005	1900	NW	250-500kb	0.000726342760400502
1900	historical	rep005	1900	NE	250-500kb	0.00433515038460945
1900	historical	rep005	1900	W	250-500kb	0.00764693435027466
1900	historical	rep005	1900	E	250-500kb	0.00285407876388658
1900	historical	rep005	1900	SE	250-500kb	0.00332969313624001
2020	historical	rep005	2020	NW	250-500kb	0.00152132141633623
2020	historical	rep005	2020	NE	250-500kb	0.00251417122840486
2020	historical	rep005	2020	W	250-500kb	0.00318182820635228
2020	historical	rep005	2020	E	250-500kb	0.00428972022905765
2020	historical	rep005	2020	SE	250-500kb	0.00193807956568028
1900	historical	rep008	1900	NW	250-500kb	0.00405917096990335
1900	historical	rep008	1900	NE	250-500kb	0.00303560570364344
1900	historical	rep008	1900	W	250-500kb	0.00363148654792745
1900	historical	rep008	1900	E	250-500kb	0.0063516894197062
1900	historical	rep008	1900	SE	250-500kb	0.00374807047086889
2020	historical	rep008	2020	NW	250-500kb	0.00272170326516073
2020	historical	rep008	2020	NE	250-500kb	0.00587112968878742
2020	historical	rep008	2020	W	250-500kb	0.00530029844141408
2020	historical	rep008	2020	E	250-500kb	0.00461807137833573
2020	historical	rep008	2020	SE	250-500kb	0.00338224564109898
1900	historical	rep009	1900	NW	250-500kb	0.00214870535677624
1900	historical	rep009	1900	NE	250-500kb	0.0061645353591588
1900	historical	rep009	1900	W	250-500kb	0.00574076848754511
1900	historical	rep009	1900	E	250-500kb	0.00619858989879395
1900	historical	rep009	1900	SE	250-500kb	0.00065876824469314
2020	historical	rep009	2020	NW	250-500kb	0.00739133291177702
2020	historical	rep009	2020	NE	250-500kb	0.00567334633536535
2020	historical	rep009	2020	W	250-500kb	0.00827368301227756
2020	historical	rep009	2020	E	250-500kb	0.00415352014754574
2020	historical	rep009	2020	SE	250-500kb	0.00450626237340334
2140 R2	restore_2km	rep001	2140	NW	250-500kb	0.00849879883309164
2140 R2	restore_2km	rep001	2140	NE	250-500kb	0.00141012703037958
2140 R2	restore_2km	rep001	2140	W	250-500kb	0.00404419544284304
2140 R2	restore_2km	rep001	2140	E	250-500kb	0.00925257219332566
2140 R2	restore_2km	rep001	2140	SE	250-500kb	0.00904128529946586
2140 R2	restore_2km	rep002	2140	NW	250-500kb	0.006072231468192
2140 R2	restore_2km	rep002	2140	NE	250-500kb	0.00517920817346138
2140 R2	restore_2km	rep002	2140	W	250-500kb	0.0066997057937755
2140 R2	restore_2km	rep002	2140	E	250-500kb	0.00444109726737821
2140 R2	restore_2km	rep002	2140	SE	250-500kb	0.00761033869689105
2140 R2	restore_2km	rep003	2140	NW	250-500kb	0.00604361811419507
2140 R2	restore_2km	rep003	2140	NE	250-500kb	0.00766718320484956
2140 R2	restore_2km	rep003	2140	W	250-500kb	0.00505219380496095
2140 R2	restore_2km	rep003	2140	E	250-500kb	0.0132139748447299
2140 R2	restore_2km	rep003	2140	SE	250-500kb	0.0129730183819107
2140 R2	restore_2km	rep004	2140	NW	250-500kb	0.00415434394356785
2140 R2	restore_2km	rep004	2140	NE	250-500kb	0.00467822656497873
2140 R2	restore_2km	rep004	2140	W	250-500kb	0.00443272502065817
2140 R2	restore_2km	rep004	2140	E	250-500kb	0.00446572592776347
2140 R2	restore_2km	rep004	2140	SE	250-500kb	0.00586148430276048
2140 R2	restore_2km	rep005	2140	NW	250-500kb	0.00294680617381146
2140 R2	restore_2km	rep005	2140	NE	250-500kb	0.00113748610517135
2140 R2	restore_2km	rep005	2140	W	250-500kb	0.00907373356597953
2140 R2	restore_2km	rep005	2140	E	250-500kb	0.00886020512056113
2140 R2	restore_2km	rep005	2140	SE	250-500kb	0.00367348981532456
2140 R2	restore_2km	rep008	2140	NW	250-500kb	0.0084753968282252
2140 R2	restore_2km	rep008	2140	NE	250-500kb	0.00976208874178664
2140 R2	restore_2km	rep008	2140	W	250-500kb	0.0104506711716688
2140 R2	restore_2km	rep008	2140	E	250-500kb	0.0050153321610122
2140 R2	restore_2km	rep008	2140	SE	250-500kb	0.00420851046884633
2140 R2	restore_2km	rep009	2140	NW	250-500kb	0.00849346869205828
2140 R2	restore_2km	rep009	2140	NE	250-500kb	0.0103105251330353
2140 R2	restore_2km	rep009	2140	W	250-500kb	0.00465352301404601
2140 R2	restore_2km	rep009	2140	E	250-500kb	0.00523012341600682
2140 R2	restore_2km	rep009	2140	SE	250-500kb	0.00790787884196901
2140 R4	restore_4km	rep001	2140	NW	250-500kb	0.00954711671650504
2140 R4	restore_4km	rep001	2140	NE	250-500kb	0.00342167164069023
2140 R4	restore_4km	rep001	2140	W	250-500kb	0.00358043960131578
2140 R4	restore_4km	rep001	2140	E	250-500kb	0.00367081957994253
2140 R4	restore_4km	rep001	2140	SE	250-500kb	0.00390894827898681
2140 R4	restore_4km	rep002	2140	NW	250-500kb	0.00573120315693097
2140 R4	restore_4km	rep002	2140	NE	250-500kb	0.00700840204799306
2140 R4	restore_4km	rep002	2140	W	250-500kb	0.00539346228246039
2140 R4	restore_4km	rep002	2140	E	250-500kb	0.00419575583388326
2140 R4	restore_4km	rep002	2140	SE	250-500kb	0.00665794269261681
2140 R4	restore_4km	rep003	2140	NW	250-500kb	0.00640493143408839
2140 R4	restore_4km	rep003	2140	NE	250-500kb	0.00372355801995384
2140 R4	restore_4km	rep003	2140	W	250-500kb	0.00541927627944173
2140 R4	restore_4km	rep003	2140	E	250-500kb	0.0047664527947577
2140 R4	restore_4km	rep003	2140	SE	250-500kb	0.00784060130601884
2140 R4	restore_4km	rep004	2140	NW	250-500kb	0.0040706627952902
2140 R4	restore_4km	rep004	2140	NE	250-500kb	0.00136254829084534
2140 R4	restore_4km	rep004	2140	W	250-500kb	0.00531246169929545
2140 R4	restore_4km	rep004	2140	E	250-500kb	0.00383675637366334
2140 R4	restore_4km	rep004	2140	SE	250-500kb	0.00398353668182916
2140 R4	restore_4km	rep005	2140	NW	250-500kb	0.00565524864720556
2140 R4	restore_4km	rep005	2140	NE	250-500kb	0.00268775718769777
2140 R4	restore_4km	rep005	2140	W	250-500kb	0.00153228126059282
2140 R4	restore_4km	rep005	2140	E	250-500kb	0.00351380509110074
2140 R4	restore_4km	rep005	2140	SE	250-500kb	0.0028742630576447
2140 R4	restore_4km	rep008	2140	NW	250-500kb	0.00788706185220645
2140 R4	restore_4km	rep008	2140	NE	250-500kb	0.0050471761382808
2140 R4	restore_4km	rep008	2140	W	250-500kb	0.00694286507166328
2140 R4	restore_4km	rep008	2140	E	250-500kb	0.00924270730052167
2140 R4	restore_4km	rep008	2140	SE	250-500kb	0.00387614880162987
2140 R4	restore_4km	rep009	2140	NW	250-500kb	0.00750843848611806
2140 R4	restore_4km	rep009	2140	NE	250-500kb	0.00753496781694932
2140 R4	restore_4km	rep009	2140	W	250-500kb	0.0067216409768847
2140 R4	restore_4km	rep009	2140	E	250-500kb	0.00617279914370665
2140 R4	restore_4km	rep009	2140	SE	250-500kb	0.00764876787747121
2140 R6	restore_6km	rep001	2140	NW	250-500kb	0.00987128948972112
2140 R6	restore_6km	rep001	2140	NE	250-500kb	0.00576220784358143
2140 R6	restore_6km	rep001	2140	W	250-500kb	0.00428041830657597
2140 R6	restore_6km	rep001	2140	E	250-500kb	0.00602082814587171
2140 R6	restore_6km	rep001	2140	SE	250-500kb	0.0090377396194083
2140 R6	restore_6km	rep002	2140	NW	250-500kb	0.00852258045556075
2140 R6	restore_6km	rep002	2140	NE	250-500kb	0.0039307052742417
2140 R6	restore_6km	rep002	2140	W	250-500kb	0.00521100050207656
2140 R6	restore_6km	rep002	2140	E	250-500kb	0.00817111395144273
2140 R6	restore_6km	rep002	2140	SE	250-500kb	0.00634808692612988
2140 R6	restore_6km	rep003	2140	NW	250-500kb	0.0114092391900272
2140 R6	restore_6km	rep003	2140	NE	250-500kb	0.00478788698592869
2140 R6	restore_6km	rep003	2140	W	250-500kb	0.00622405784979735
2140 R6	restore_6km	rep003	2140	E	250-500kb	0.00149906859400848
2140 R6	restore_6km	rep003	2140	SE	250-500kb	0.0059470248025614
2140 R6	restore_6km	rep004	2140	NW	250-500kb	0.00960740618964693
2140 R6	restore_6km	rep004	2140	NE	250-500kb	0.00551798718586579
2140 R6	restore_6km	rep004	2140	W	250-500kb	0.00399750247771503
2140 R6	restore_6km	rep004	2140	E	250-500kb	0.00402187289483317
2140 R6	restore_6km	rep004	2140	SE	250-500kb	0.00161724846034073
2140 R6	restore_6km	rep005	2140	NW	250-500kb	0.00921985277138152
2140 R6	restore_6km	rep005	2140	NE	250-500kb	0.00340455011208016
2140 R6	restore_6km	rep005	2140	W	250-500kb	0.00581101582106717
2140 R6	restore_6km	rep005	2140	E	250-500kb	0.00640981481426963
2140 R6	restore_6km	rep005	2140	SE	250-500kb	0.00430954814710714
2140 R6	restore_6km	rep008	2140	NW	250-500kb	0.00751436775153114
2140 R6	restore_6km	rep008	2140	NE	250-500kb	0.00842523823845243
2140 R6	restore_6km	rep008	2140	W	250-500kb	0.00224495520486464
2140 R6	restore_6km	rep008	2140	E	250-500kb	0.00659419792456084
2140 R6	restore_6km	rep008	2140	SE	250-500kb	0.00532205801910163
2140 R6	restore_6km	rep009	2140	NW	250-500kb	0.00755292605374487
2140 R6	restore_6km	rep009	2140	NE	250-500kb	0.00966486015171585
2140 R6	restore_6km	rep009	2140	W	250-500kb	0.0108674577277722
2140 R6	restore_6km	rep009	2140	E	250-500kb	0.00299998362737686
2140 R6	restore_6km	rep009	2140	SE	250-500kb	0.00399550367482752
2140 SQ	status_quo	rep001	2140	NW	250-500kb	0.00481451444920146
2140 SQ	status_quo	rep001	2140	NE	250-500kb	0.00537671778902031
2140 SQ	status_quo	rep001	2140	W	250-500kb	0.00499973943254348
2140 SQ	status_quo	rep001	2140	E	250-500kb	0.00979250205135539
2140 SQ	status_quo	rep001	2140	SE	250-500kb	0.0097707192317738
2140 SQ	status_quo	rep002	2140	NW	250-500kb	0.0108316626285167
2140 SQ	status_quo	rep002	2140	NE	250-500kb	0.00585898450793476
2140 SQ	status_quo	rep002	2140	W	250-500kb	0.00885961374347942
2140 SQ	status_quo	rep002	2140	E	250-500kb	0.00438522375410407
2140 SQ	status_quo	rep002	2140	SE	250-500kb	0.00776553515313232
2140 SQ	status_quo	rep003	2140	NW	250-500kb	0.00711292859279267
2140 SQ	status_quo	rep003	2140	NE	250-500kb	0.0094237874794264
2140 SQ	status_quo	rep003	2140	W	250-500kb	0.00299427386874084
2140 SQ	status_quo	rep003	2140	E	250-500kb	0.0042520425363848
2140 SQ	status_quo	rep003	2140	SE	250-500kb	0.00453780937091475
2140 SQ	status_quo	rep004	2140	NW	250-500kb	0.00782653221282613
2140 SQ	status_quo	rep004	2140	NE	250-500kb	0.00719066756349388
2140 SQ	status_quo	rep004	2140	W	250-500kb	0.00132577186717474
2140 SQ	status_quo	rep004	2140	E	250-500kb	0.0052132033171451
2140 SQ	status_quo	rep004	2140	SE	250-500kb	0.00596126433631041
2140 SQ	status_quo	rep005	2140	NW	250-500kb	0.00787579211602932
2140 SQ	status_quo	rep005	2140	NE	250-500kb	0.00543844825959274
2140 SQ	status_quo	rep005	2140	W	250-500kb	0.00634977583709684
2140 SQ	status_quo	rep005	2140	E	250-500kb	0.00569775548897355
2140 SQ	status_quo	rep005	2140	SE	250-500kb	0.00700951507647435
2140 SQ	status_quo	rep008	2140	NW	250-500kb	0.0120681856225747
2140 SQ	status_quo	rep008	2140	NE	250-500kb	0.00922672720715226
2140 SQ	status_quo	rep008	2140	W	250-500kb	0.0038509106871342
2140 SQ	status_quo	rep008	2140	E	250-500kb	0.00695751779463969
2140 SQ	status_quo	rep008	2140	SE	250-500kb	0.00633071231911802
2140 SQ	status_quo	rep009	2140	NW	250-500kb	0.00862811156666945
2140 SQ	status_quo	rep009	2140	NE	250-500kb	0.00696509981696234
2140 SQ	status_quo	rep009	2140	W	250-500kb	0.00432805644206165
2140 SQ	status_quo	rep009	2140	E	250-500kb	0.00532707826821445
2140 SQ	status_quo	rep009	2140	SE	250-500kb	0.00634464454337916
1900	historical	rep001	1900	NW	500kb-1Mb	0.0089978875184263
1900	historical	rep001	1900	NE	500kb-1Mb	0
1900	historical	rep001	1900	W	500kb-1Mb	0
1900	historical	rep001	1900	E	500kb-1Mb	0.00700483054360879
1900	historical	rep001	1900	SE	500kb-1Mb	0.00465483747227565
2020	historical	rep001	2020	NW	500kb-1Mb	0.00328165472369029
2020	historical	rep001	2020	NE	500kb-1Mb	0.00427906769428893
2020	historical	rep001	2020	W	500kb-1Mb	0.00370238981934799
2020	historical	rep001	2020	E	500kb-1Mb	0
2020	historical	rep001	2020	SE	500kb-1Mb	0.0021760429890336
1900	historical	rep002	1900	NW	500kb-1Mb	0.00561733337072696
1900	historical	rep002	1900	NE	500kb-1Mb	0.00225822116149661
1900	historical	rep002	1900	W	500kb-1Mb	0
1900	historical	rep002	1900	E	500kb-1Mb	0.0064489799881611
1900	historical	rep002	1900	SE	500kb-1Mb	0.00190777988314905
2020	historical	rep002	2020	NW	500kb-1Mb	0.00241171062974222
2020	historical	rep002	2020	NE	500kb-1Mb	0.00151459417922775
2020	historical	rep002	2020	W	500kb-1Mb	0.0023363035957431
2020	historical	rep002	2020	E	500kb-1Mb	0.00137465731764061
2020	historical	rep002	2020	SE	500kb-1Mb	0.00134165124566997
1900	historical	rep003	1900	NW	500kb-1Mb	0
1900	historical	rep003	1900	NE	500kb-1Mb	0.00244431125978348
1900	historical	rep003	1900	W	500kb-1Mb	0.00237034780564756
1900	historical	rep003	1900	E	500kb-1Mb	0.0103359130286259
1900	historical	rep003	1900	SE	500kb-1Mb	0
2020	historical	rep003	2020	NW	500kb-1Mb	0.00771160879409226
2020	historical	rep003	2020	NE	500kb-1Mb	0
2020	historical	rep003	2020	W	500kb-1Mb	0.00280183098608281
2020	historical	rep003	2020	E	500kb-1Mb	0.00425909516000985
2020	historical	rep003	2020	SE	500kb-1Mb	0.00166636374731433
1900	historical	rep004	1900	NW	500kb-1Mb	0.00152212455289698
1900	historical	rep004	1900	NE	500kb-1Mb	0.00162835808569224
1900	historical	rep004	1900	W	500kb-1Mb	0.00207063325226044
1900	historical	rep004	1900	E	500kb-1Mb	0.00306342366837763
1900	historical	rep004	1900	SE	500kb-1Mb	0.00350525723895905
2020	historical	rep004	2020	NW	500kb-1Mb	0.0029269033652145
2020	historical	rep004	2020	NE	500kb-1Mb	0.00246285054393005
2020	historical	rep004	2020	W	500kb-1Mb	0.00387781963556813
2020	historical	rep004	2020	E	500kb-1Mb	0.00536774383548788
2020	historical	rep004	2020	SE	500kb-1Mb	0.00380123759470362
1900	historical	rep005	1900	NW	500kb-1Mb	0.00190666168980242
1900	historical	rep005	1900	NE	500kb-1Mb	0.00137031366588765
1900	historical	rep005	1900	W	500kb-1Mb	0.00769881542263912
1900	historical	rep005	1900	E	500kb-1Mb	0.0071575039631303
1900	historical	rep005	1900	SE	500kb-1Mb	0
2020	historical	rep005	2020	NW	500kb-1Mb	0.00195515461050227
2020	historical	rep005	2020	NE	500kb-1Mb	0.00639041816247623
2020	historical	rep005	2020	W	500kb-1Mb	0.00604293893440254
2020	historical	rep005	2020	E	500kb-1Mb	0.00558598263809856
2020	historical	rep005	2020	SE	500kb-1Mb	0.0067071044633785
1900	historical	rep008	1900	NW	500kb-1Mb	0.00750732804006944
1900	historical	rep008	1900	NE	500kb-1Mb	0.00165186338786553
1900	historical	rep008	1900	W	500kb-1Mb	0.00568055648738334
1900	historical	rep008	1900	E	500kb-1Mb	0.00393081373641389
1900	historical	rep008	1900	SE	500kb-1Mb	0.00329570315742164
2020	historical	rep008	2020	NW	500kb-1Mb	0.00584165380227832
2020	historical	rep008	2020	NE	500kb-1Mb	0.0046446187861957
2020	historical	rep008	2020	W	500kb-1Mb	0.00229521967437693
2020	historical	rep008	2020	E	500kb-1Mb	0.00221626179545491
2020	historical	rep008	2020	SE	500kb-1Mb	0.00150316174979233
1900	historical	rep009	1900	NW	500kb-1Mb	0.00424874735229634
1900	historical	rep009	1900	NE	500kb-1Mb	0
1900	historical	rep009	1900	W	500kb-1Mb	0.0038759034705261
1900	historical	rep009	1900	E	500kb-1Mb	0.00411862889972512
1900	historical	rep009	1900	SE	500kb-1Mb	0.00140460062446321
2020	historical	rep009	2020	NW	500kb-1Mb	0.00438287890523861
2020	historical	rep009	2020	NE	500kb-1Mb	0.00839502635863203
2020	historical	rep009	2020	W	500kb-1Mb	0.00276469818670358
2020	historical	rep009	2020	E	500kb-1Mb	0.00133507637208909
2020	historical	rep009	2020	SE	500kb-1Mb	0.00844681962828567
2140 R2	restore_2km	rep001	2140	NW	500kb-1Mb	0.00441370282160209
2140 R2	restore_2km	rep001	2140	NE	500kb-1Mb	0.0121189769083519
2140 R2	restore_2km	rep001	2140	W	500kb-1Mb	0.00522637114133556
2140 R2	restore_2km	rep001	2140	E	500kb-1Mb	0.00142179704362075
2140 R2	restore_2km	rep001	2140	SE	500kb-1Mb	0.00540151172509653
2140 R2	restore_2km	rep002	2140	NW	500kb-1Mb	0.00627782151557912
2140 R2	restore_2km	rep002	2140	NE	500kb-1Mb	0.00427213386256676
2140 R2	restore_2km	rep002	2140	W	500kb-1Mb	0.00482811612208068
2140 R2	restore_2km	rep002	2140	E	500kb-1Mb	0.00257767324778973
2140 R2	restore_2km	rep002	2140	SE	500kb-1Mb	0.00692387386179926
2140 R2	restore_2km	rep003	2140	NW	500kb-1Mb	0.00844411065641358
2140 R2	restore_2km	rep003	2140	NE	500kb-1Mb	0.00289483988116884
2140 R2	restore_2km	rep003	2140	W	500kb-1Mb	0.00235392353385871
2140 R2	restore_2km	rep003	2140	E	500kb-1Mb	0.00778063721939351
2140 R2	restore_2km	rep003	2140	SE	500kb-1Mb	0.00174919011037782
2140 R2	restore_2km	rep004	2140	NW	500kb-1Mb	0.00862516242855894
2140 R2	restore_2km	rep004	2140	NE	500kb-1Mb	0.00153882514498164
2140 R2	restore_2km	rep004	2140	W	500kb-1Mb	0.00139610442097495
2140 R2	restore_2km	rep004	2140	E	500kb-1Mb	0.00314896158574588
2140 R2	restore_2km	rep004	2140	SE	500kb-1Mb	0.00456736789526934
2140 R2	restore_2km	rep005	2140	NW	500kb-1Mb	0.00528808095244662
2140 R2	restore_2km	rep005	2140	NE	500kb-1Mb	0.0127565856929805
2140 R2	restore_2km	rep005	2140	W	500kb-1Mb	0.00713571856111603
2140 R2	restore_2km	rep005	2140	E	500kb-1Mb	0.00145573279135302
2140 R2	restore_2km	rep005	2140	SE	500kb-1Mb	0.00137672326377758
2140 R2	restore_2km	rep008	2140	NW	500kb-1Mb	0.00941098377824258
2140 R2	restore_2km	rep008	2140	NE	500kb-1Mb	0.00780708649481197
2140 R2	restore_2km	rep008	2140	W	500kb-1Mb	0.00523108924582585
2140 R2	restore_2km	rep008	2140	E	500kb-1Mb	0
2140 R2	restore_2km	rep008	2140	SE	500kb-1Mb	0.00420383368327878
2140 R2	restore_2km	rep009	2140	NW	500kb-1Mb	0.0076313183799119
2140 R2	restore_2km	rep009	2140	NE	500kb-1Mb	0.00195881391759736
2140 R2	restore_2km	rep009	2140	W	500kb-1Mb	0.00820900340359461
2140 R2	restore_2km	rep009	2140	E	500kb-1Mb	0.00574791924361167
2140 R2	restore_2km	rep009	2140	SE	500kb-1Mb	0.00306085414786978
2140 R4	restore_4km	rep001	2140	NW	500kb-1Mb	0.00587774329885837
2140 R4	restore_4km	rep001	2140	NE	500kb-1Mb	0.0017306379140679
2140 R4	restore_4km	rep001	2140	W	500kb-1Mb	0.00550195286141029
2140 R4	restore_4km	rep001	2140	E	500kb-1Mb	0
2140 R4	restore_4km	rep001	2140	SE	500kb-1Mb	0.00648198347769907
2140 R4	restore_4km	rep002	2140	NW	500kb-1Mb	0.00393756163298374
2140 R4	restore_4km	rep002	2140	NE	500kb-1Mb	0
2140 R4	restore_4km	rep002	2140	W	500kb-1Mb	0.00372117959946366
2140 R4	restore_4km	rep002	2140	E	500kb-1Mb	0.006107339640357
2140 R4	restore_4km	rep002	2140	SE	500kb-1Mb	0.00134699946373203
2140 R4	restore_4km	rep003	2140	NW	500kb-1Mb	0
2140 R4	restore_4km	rep003	2140	NE	500kb-1Mb	0.00160567916197374
2140 R4	restore_4km	rep003	2140	W	500kb-1Mb	0
2140 R4	restore_4km	rep003	2140	E	500kb-1Mb	0.00584835005019474
2140 R4	restore_4km	rep003	2140	SE	500kb-1Mb	0.00198264460628722
2140 R4	restore_4km	rep004	2140	NW	500kb-1Mb	0.00839875022654391
2140 R4	restore_4km	rep004	2140	NE	500kb-1Mb	0.00304817440345418
2140 R4	restore_4km	rep004	2140	W	500kb-1Mb	0.0105877363681256
2140 R4	restore_4km	rep004	2140	E	500kb-1Mb	0.00342405780847843
2140 R4	restore_4km	rep004	2140	SE	500kb-1Mb	0.00748811990586103
2140 R4	restore_4km	rep005	2140	NW	500kb-1Mb	0.00248578771091567
2140 R4	restore_4km	rep005	2140	NE	500kb-1Mb	0.00319532658192466
2140 R4	restore_4km	rep005	2140	W	500kb-1Mb	0.00158033258530589
2140 R4	restore_4km	rep005	2140	E	500kb-1Mb	0.00678788295733372
2140 R4	restore_4km	rep005	2140	SE	500kb-1Mb	0.00169294989166437
2140 R4	restore_4km	rep008	2140	NW	500kb-1Mb	0.00793091155896347
2140 R4	restore_4km	rep008	2140	NE	500kb-1Mb	0.00461079924793363
2140 R4	restore_4km	rep008	2140	W	500kb-1Mb	0.00354515582372914
2140 R4	restore_4km	rep008	2140	E	500kb-1Mb	0.00297404825605998
2140 R4	restore_4km	rep008	2140	SE	500kb-1Mb	0.00765998596499492
2140 R4	restore_4km	rep009	2140	NW	500kb-1Mb	0.015129561421844
2140 R4	restore_4km	rep009	2140	NE	500kb-1Mb	0.00182615693371035
2140 R4	restore_4km	rep009	2140	W	500kb-1Mb	0.0031833957429837
2140 R4	restore_4km	rep009	2140	E	500kb-1Mb	0.00195425334150002
2140 R4	restore_4km	rep009	2140	SE	500kb-1Mb	0.00289725703814909
2140 R6	restore_6km	rep001	2140	NW	500kb-1Mb	0.00751293450139862
2140 R6	restore_6km	rep001	2140	NE	500kb-1Mb	0.00220270402393109
2140 R6	restore_6km	rep001	2140	W	500kb-1Mb	0.00325927794459432
2140 R6	restore_6km	rep001	2140	E	500kb-1Mb	0.00306273932371976
2140 R6	restore_6km	rep001	2140	SE	500kb-1Mb	0.00412911615880287
2140 R6	restore_6km	rep002	2140	NW	500kb-1Mb	0.00755085494274256
2140 R6	restore_6km	rep002	2140	NE	500kb-1Mb	0.00275813106042071
2140 R6	restore_6km	rep002	2140	W	500kb-1Mb	0
2140 R6	restore_6km	rep002	2140	E	500kb-1Mb	0.00603911176918382
2140 R6	restore_6km	rep002	2140	SE	500kb-1Mb	0.00273019946864898
2140 R6	restore_6km	rep003	2140	NW	500kb-1Mb	0
2140 R6	restore_6km	rep003	2140	NE	500kb-1Mb	0
2140 R6	restore_6km	rep003	2140	W	500kb-1Mb	0.00216384615952751
2140 R6	restore_6km	rep003	2140	E	500kb-1Mb	0.00146342327584787
2140 R6	restore_6km	rep003	2140	SE	500kb-1Mb	0.00484636100890273
2140 R6	restore_6km	rep004	2140	NW	500kb-1Mb	0.00520418287982458
2140 R6	restore_6km	rep004	2140	NE	500kb-1Mb	0.00132580543879947
2140 R6	restore_6km	rep004	2140	W	500kb-1Mb	0.00590128733752173
2140 R6	restore_6km	rep004	2140	E	500kb-1Mb	0.0053370464583253
2140 R6	restore_6km	rep004	2140	SE	500kb-1Mb	0.00681588685722024
2140 R6	restore_6km	rep005	2140	NW	500kb-1Mb	0.00198976437316173
2140 R6	restore_6km	rep005	2140	NE	500kb-1Mb	0.00205048253012705
2140 R6	restore_6km	rep005	2140	W	500kb-1Mb	0.00232466457169399
2140 R6	restore_6km	rep005	2140	E	500kb-1Mb	0.00301665839513482
2140 R6	restore_6km	rep005	2140	SE	500kb-1Mb	0.00142328452483936
2140 R6	restore_6km	rep008	2140	NW	500kb-1Mb	0.00570627493435585
2140 R6	restore_6km	rep008	2140	NE	500kb-1Mb	0
2140 R6	restore_6km	rep008	2140	W	500kb-1Mb	0.00314257522975
2140 R6	restore_6km	rep008	2140	E	500kb-1Mb	0.00443351782748823
2140 R6	restore_6km	rep008	2140	SE	500kb-1Mb	0.00602128781888718
2140 R6	restore_6km	rep009	2140	NW	500kb-1Mb	0
2140 R6	restore_6km	rep009	2140	NE	500kb-1Mb	0.00221119764498668
2140 R6	restore_6km	rep009	2140	W	500kb-1Mb	0.00506304776947801
2140 R6	restore_6km	rep009	2140	E	500kb-1Mb	0.00318622867162401
2140 R6	restore_6km	rep009	2140	SE	500kb-1Mb	0.0025328293044543
2140 SQ	status_quo	rep001	2140	NW	500kb-1Mb	0.00692710190263826
2140 SQ	status_quo	rep001	2140	NE	500kb-1Mb	0.00150583973247237
2140 SQ	status_quo	rep001	2140	W	500kb-1Mb	0.00238449695425308
2140 SQ	status_quo	rep001	2140	E	500kb-1Mb	0.00502584524441666
2140 SQ	status_quo	rep001	2140	SE	500kb-1Mb	0.010058926465178
2140 SQ	status_quo	rep002	2140	NW	500kb-1Mb	0
2140 SQ	status_quo	rep002	2140	NE	500kb-1Mb	0.00589820391291231
2140 SQ	status_quo	rep002	2140	W	500kb-1Mb	0.00359603491221717
2140 SQ	status_quo	rep002	2140	E	500kb-1Mb	0.00178961034654749
2140 SQ	status_quo	rep002	2140	SE	500kb-1Mb	0.00419910008419247
2140 SQ	status_quo	rep003	2140	NW	500kb-1Mb	0.0127548570522802
2140 SQ	status_quo	rep003	2140	NE	500kb-1Mb	0.00361215187451815
2140 SQ	status_quo	rep003	2140	W	500kb-1Mb	0.00133717588985078
2140 SQ	status_quo	rep003	2140	E	500kb-1Mb	0.0031746877800164
2140 SQ	status_quo	rep003	2140	SE	500kb-1Mb	0.0156710588165052
2140 SQ	status_quo	rep004	2140	NW	500kb-1Mb	0.0027836093411548
2140 SQ	status_quo	rep004	2140	NE	500kb-1Mb	0.00973481050548072
2140 SQ	status_quo	rep004	2140	W	500kb-1Mb	0.00316454140205125
2140 SQ	status_quo	rep004	2140	E	500kb-1Mb	0.0034827978220176
2140 SQ	status_quo	rep004	2140	SE	500kb-1Mb	0.00665642163977347
2140 SQ	status_quo	rep005	2140	NW	500kb-1Mb	0.00234541183577443
2140 SQ	status_quo	rep005	2140	NE	500kb-1Mb	0.00189877494042457
2140 SQ	status_quo	rep005	2140	W	500kb-1Mb	0.00220709157703947
2140 SQ	status_quo	rep005	2140	E	500kb-1Mb	0.00206279298667067
2140 SQ	status_quo	rep005	2140	SE	500kb-1Mb	0.00322414653053528
2140 SQ	status_quo	rep008	2140	NW	500kb-1Mb	0.00447553917191404
2140 SQ	status_quo	rep008	2140	NE	500kb-1Mb	0
2140 SQ	status_quo	rep008	2140	W	500kb-1Mb	0.00348661723993831
2140 SQ	status_quo	rep008	2140	E	500kb-1Mb	0.00163340932399712
2140 SQ	status_quo	rep008	2140	SE	500kb-1Mb	0.00856881374767329
2140 SQ	status_quo	rep009	2140	NW	500kb-1Mb	0.00410010511017458
2140 SQ	status_quo	rep009	2140	NE	500kb-1Mb	0.0046776558473584
2140 SQ	status_quo	rep009	2140	W	500kb-1Mb	0.0107410166593248
2140 SQ	status_quo	rep009	2140	E	500kb-1Mb	0.00164354278979892
2140 SQ	status_quo	rep009	2140	SE	500kb-1Mb	0.00757772257225375
1900	historical	rep001	1900	NW	>1Mb	0.00271713494176537
1900	historical	rep001	1900	NE	>1Mb	0.00432345454704157
1900	historical	rep001	1900	W	>1Mb	0
1900	historical	rep001	1900	E	>1Mb	0.00551231099885448
1900	historical	rep001	1900	SE	>1Mb	0.0328164336098654
2020	historical	rep001	2020	NW	>1Mb	0.10428899714791
2020	historical	rep001	2020	NE	>1Mb	0.11043175226992
2020	historical	rep001	2020	W	>1Mb	0
2020	historical	rep001	2020	E	>1Mb	0.0107430877703271
2020	historical	rep001	2020	SE	>1Mb	0
1900	historical	rep002	1900	NW	>1Mb	0.00421237895298779
1900	historical	rep002	1900	NE	>1Mb	0.0118061384321297
1900	historical	rep002	1900	W	>1Mb	0.00380538756400624
1900	historical	rep002	1900	E	>1Mb	0.00690055707721097
1900	historical	rep002	1900	SE	>1Mb	0.0235747360405182
2020	historical	rep002	2020	NW	>1Mb	0.00730182579539314
2020	historical	rep002	2020	NE	>1Mb	0.0507344076976327
2020	historical	rep002	2020	W	>1Mb	0.0126258335511615
2020	historical	rep002	2020	E	>1Mb	0.0112831390026924
2020	historical	rep002	2020	SE	>1Mb	0.00702178163166257
1900	historical	rep003	1900	NW	>1Mb	0.0407176575228407
1900	historical	rep003	1900	NE	>1Mb	0.0581195995845176
1900	historical	rep003	1900	W	>1Mb	0.00271857852162857
1900	historical	rep003	1900	E	>1Mb	0.0479196826252225
1900	historical	rep003	1900	SE	>1Mb	0
2020	historical	rep003	2020	NW	>1Mb	0.0593469317006987
2020	historical	rep003	2020	NE	>1Mb	0.0289596401411062
2020	historical	rep003	2020	W	>1Mb	0
2020	historical	rep003	2020	E	>1Mb	0
2020	historical	rep003	2020	SE	>1Mb	0
1900	historical	rep004	1900	NW	>1Mb	0
1900	historical	rep004	1900	NE	>1Mb	0
1900	historical	rep004	1900	W	>1Mb	0.00769809492392386
1900	historical	rep004	1900	E	>1Mb	0
1900	historical	rep004	1900	SE	>1Mb	0.0173831961829166
2020	historical	rep004	2020	NW	>1Mb	0.0121591698904465
2020	historical	rep004	2020	NE	>1Mb	0.0271735393205589
2020	historical	rep004	2020	W	>1Mb	0.0197243495872162
2020	historical	rep004	2020	E	>1Mb	0.0170148328218309
2020	historical	rep004	2020	SE	>1Mb	0.00264810651646412
1900	historical	rep005	1900	NW	>1Mb	0.00449037266517743
1900	historical	rep005	1900	NE	>1Mb	0
1900	historical	rep005	1900	W	>1Mb	0.0370557473356138
1900	historical	rep005	1900	E	>1Mb	0
1900	historical	rep005	1900	SE	>1Mb	0.00514167251458545
2020	historical	rep005	2020	NW	>1Mb	0.00669886392072469
2020	historical	rep005	2020	NE	>1Mb	0.0571881006254187
2020	historical	rep005	2020	W	>1Mb	0.00294595655346263
2020	historical	rep005	2020	E	>1Mb	0.0172924417515525
2020	historical	rep005	2020	SE	>1Mb	0.0035091722068886
1900	historical	rep008	1900	NW	>1Mb	0.00953704522908734
1900	historical	rep008	1900	NE	>1Mb	0.00804638245342363
1900	historical	rep008	1900	W	>1Mb	0
1900	historical	rep008	1900	E	>1Mb	0
1900	historical	rep008	1900	SE	>1Mb	0.011117984686071
2020	historical	rep008	2020	NW	>1Mb	0.0174180900131699
2020	historical	rep008	2020	NE	>1Mb	0.125312584106604
2020	historical	rep008	2020	W	>1Mb	0.00354312603164957
2020	historical	rep008	2020	E	>1Mb	0.0203623860624249
2020	historical	rep008	2020	SE	>1Mb	0.0211270262993394
1900	historical	rep009	1900	NW	>1Mb	0.0393950930370436
1900	historical	rep009	1900	NE	>1Mb	0.0352310262344687
1900	historical	rep009	1900	W	>1Mb	0
1900	historical	rep009	1900	E	>1Mb	0.0329512495074655
1900	historical	rep009	1900	SE	>1Mb	0.0153243878898576
2020	historical	rep009	2020	NW	>1Mb	0
2020	historical	rep009	2020	NE	>1Mb	0.00549940916522916
2020	historical	rep009	2020	W	>1Mb	0.00442232298185857
2020	historical	rep009	2020	E	>1Mb	0.0898025027801179
2020	historical	rep009	2020	SE	>1Mb	0.0105369941485691
2140 R2	restore_2km	rep001	2140	NW	>1Mb	0.0123517857960935
2140 R2	restore_2km	rep001	2140	NE	>1Mb	0.0132597872003171
2140 R2	restore_2km	rep001	2140	W	>1Mb	0.0258245565485354
2140 R2	restore_2km	rep001	2140	E	>1Mb	0.00649865566302435
2140 R2	restore_2km	rep001	2140	SE	>1Mb	0.00489046121162886
2140 R2	restore_2km	rep002	2140	NW	>1Mb	0.00265735937272504
2140 R2	restore_2km	rep002	2140	NE	>1Mb	0.0166243819141084
2140 R2	restore_2km	rep002	2140	W	>1Mb	0.00320576219234899
2140 R2	restore_2km	rep002	2140	E	>1Mb	0.0353795780914469
2140 R2	restore_2km	rep002	2140	SE	>1Mb	0.00305620060419628
2140 R2	restore_2km	rep003	2140	NW	>1Mb	0.0743048336580226
2140 R2	restore_2km	rep003	2140	NE	>1Mb	0.0177696314078354
2140 R2	restore_2km	rep003	2140	W	>1Mb	0.0129675255476191
2140 R2	restore_2km	rep003	2140	E	>1Mb	0.0231191639281259
2140 R2	restore_2km	rep003	2140	SE	>1Mb	0.00270636877995912
2140 R2	restore_2km	rep004	2140	NW	>1Mb	0.0142954511636416
2140 R2	restore_2km	rep004	2140	NE	>1Mb	0.0175093686783662
2140 R2	restore_2km	rep004	2140	W	>1Mb	0.00739479078912376
2140 R2	restore_2km	rep004	2140	E	>1Mb	0.0031109817484505
2140 R2	restore_2km	rep004	2140	SE	>1Mb	0.00311600199756332
2140 R2	restore_2km	rep005	2140	NW	>1Mb	0.0703208631275047
2140 R2	restore_2km	rep005	2140	NE	>1Mb	0.037890270584395
2140 R2	restore_2km	rep005	2140	W	>1Mb	0
2140 R2	restore_2km	rep005	2140	E	>1Mb	0.0489777543568351
2140 R2	restore_2km	rep005	2140	SE	>1Mb	0.0168366139783258
2140 R2	restore_2km	rep008	2140	NW	>1Mb	0.0108619287394232
2140 R2	restore_2km	rep008	2140	NE	>1Mb	0.0822709231148332
2140 R2	restore_2km	rep008	2140	W	>1Mb	0
2140 R2	restore_2km	rep008	2140	E	>1Mb	0
2140 R2	restore_2km	rep008	2140	SE	>1Mb	0.010836561503294
2140 R2	restore_2km	rep009	2140	NW	>1Mb	0.0250696159287339
2140 R2	restore_2km	rep009	2140	NE	>1Mb	0.00292560956644623
2140 R2	restore_2km	rep009	2140	W	>1Mb	0
2140 R2	restore_2km	rep009	2140	E	>1Mb	0.0063869680324275
2140 R2	restore_2km	rep009	2140	SE	>1Mb	0
2140 R4	restore_4km	rep001	2140	NW	>1Mb	0.0225297572425486
2140 R4	restore_4km	rep001	2140	NE	>1Mb	0.023147650742922
2140 R4	restore_4km	rep001	2140	W	>1Mb	0
2140 R4	restore_4km	rep001	2140	E	>1Mb	0.0298133846349078
2140 R4	restore_4km	rep001	2140	SE	>1Mb	0.022634356095463
2140 R4	restore_4km	rep002	2140	NW	>1Mb	0.0306166322402567
2140 R4	restore_4km	rep002	2140	NE	>1Mb	0.0504982364825532
2140 R4	restore_4km	rep002	2140	W	>1Mb	0
2140 R4	restore_4km	rep002	2140	E	>1Mb	0.0121808416654232
2140 R4	restore_4km	rep002	2140	SE	>1Mb	0
2140 R4	restore_4km	rep003	2140	NW	>1Mb	0.00581361374833439
2140 R4	restore_4km	rep003	2140	NE	>1Mb	0
2140 R4	restore_4km	rep003	2140	W	>1Mb	0.0405717423296197
2140 R4	restore_4km	rep003	2140	E	>1Mb	0.0134646929030463
2140 R4	restore_4km	rep003	2140	SE	>1Mb	0
2140 R4	restore_4km	rep004	2140	NW	>1Mb	0.0189252726106313
2140 R4	restore_4km	rep004	2140	NE	>1Mb	0.0322262728539481
2140 R4	restore_4km	rep004	2140	W	>1Mb	0.00906480351380251
2140 R4	restore_4km	rep004	2140	E	>1Mb	0.00724635255918303
2140 R4	restore_4km	rep004	2140	SE	>1Mb	0.00273073403221192
2140 R4	restore_4km	rep005	2140	NW	>1Mb	0.0131651074712928
2140 R4	restore_4km	rep005	2140	NE	>1Mb	0
2140 R4	restore_4km	rep005	2140	W	>1Mb	0.0153147941524841
2140 R4	restore_4km	rep005	2140	E	>1Mb	0.0120284755553896
2140 R4	restore_4km	rep005	2140	SE	>1Mb	0.00429356547130507
2140 R4	restore_4km	rep008	2140	NW	>1Mb	0.0096864234645204
2140 R4	restore_4km	rep008	2140	NE	>1Mb	0.021613383591605
2140 R4	restore_4km	rep008	2140	W	>1Mb	0.0268608609551623
2140 R4	restore_4km	rep008	2140	E	>1Mb	0.00261759765688653
2140 R4	restore_4km	rep008	2140	SE	>1Mb	0.00625535435133965
2140 R4	restore_4km	rep009	2140	NW	>1Mb	0.00817414314496605
2140 R4	restore_4km	rep009	2140	NE	>1Mb	0.0151704516607599
2140 R4	restore_4km	rep009	2140	W	>1Mb	0.0063514570007658
2140 R4	restore_4km	rep009	2140	E	>1Mb	0
2140 R4	restore_4km	rep009	2140	SE	>1Mb	0.00410144281029827
2140 R6	restore_6km	rep001	2140	NW	>1Mb	0.00729597400296019
2140 R6	restore_6km	rep001	2140	NE	>1Mb	0.0684086104709691
2140 R6	restore_6km	rep001	2140	W	>1Mb	0.0287674606665806
2140 R6	restore_6km	rep001	2140	E	>1Mb	0.00311296505674199
2140 R6	restore_6km	rep001	2140	SE	>1Mb	0
2140 R6	restore_6km	rep002	2140	NW	>1Mb	0.0160419297197146
2140 R6	restore_6km	rep002	2140	NE	>1Mb	0.090118546055285
2140 R6	restore_6km	rep002	2140	W	>1Mb	0
2140 R6	restore_6km	rep002	2140	E	>1Mb	0.00279595853418849
2140 R6	restore_6km	rep002	2140	SE	>1Mb	0.0142815886650626
2140 R6	restore_6km	rep003	2140	NW	>1Mb	0
2140 R6	restore_6km	rep003	2140	NE	>1Mb	0.0215783167383627
2140 R6	restore_6km	rep003	2140	W	>1Mb	0.0050059605128484
2140 R6	restore_6km	rep003	2140	E	>1Mb	0.020372101174134
2140 R6	restore_6km	rep003	2140	SE	>1Mb	0.00768487545107997
2140 R6	restore_6km	rep004	2140	NW	>1Mb	0.0232495147996376
2140 R6	restore_6km	rep004	2140	NE	>1Mb	0
2140 R6	restore_6km	rep004	2140	W	>1Mb	0.0610134271520793
2140 R6	restore_6km	rep004	2140	E	>1Mb	0
2140 R6	restore_6km	rep004	2140	SE	>1Mb	0.00327776816252013
2140 R6	restore_6km	rep005	2140	NW	>1Mb	0.0121224063789392
2140 R6	restore_6km	rep005	2140	NE	>1Mb	0.00573402317340793
2140 R6	restore_6km	rep005	2140	W	>1Mb	0.00263947344404429
2140 R6	restore_6km	rep005	2140	E	>1Mb	0.00911956399859536
2140 R6	restore_6km	rep005	2140	SE	>1Mb	0.0192772943377736
2140 R6	restore_6km	rep008	2140	NW	>1Mb	0.019188680743094
2140 R6	restore_6km	rep008	2140	NE	>1Mb	0.081953121203017
2140 R6	restore_6km	rep008	2140	W	>1Mb	0.0035675868339112
2140 R6	restore_6km	rep008	2140	E	>1Mb	0.00287171419659822
2140 R6	restore_6km	rep008	2140	SE	>1Mb	0
2140 R6	restore_6km	rep009	2140	NW	>1Mb	0.0649534679204274
2140 R6	restore_6km	rep009	2140	NE	>1Mb	0.00665420849497425
2140 R6	restore_6km	rep009	2140	W	>1Mb	0.00645960928103577
2140 R6	restore_6km	rep009	2140	E	>1Mb	0
2140 R6	restore_6km	rep009	2140	SE	>1Mb	0.0123474085727158
2140 SQ	status_quo	rep001	2140	NW	>1Mb	0.0499943987035362
2140 SQ	status_quo	rep001	2140	NE	>1Mb	0.0310897674772458
2140 SQ	status_quo	rep001	2140	W	>1Mb	0.0475929274193353
2140 SQ	status_quo	rep001	2140	E	>1Mb	0.00732719561395503
2140 SQ	status_quo	rep001	2140	SE	>1Mb	0.00294978113624868
2140 SQ	status_quo	rep002	2140	NW	>1Mb	0.0291912946814438
2140 SQ	status_quo	rep002	2140	NE	>1Mb	0.00589396872333154
2140 SQ	status_quo	rep002	2140	W	>1Mb	0.00416155151315318
2140 SQ	status_quo	rep002	2140	E	>1Mb	0.0160543822100552
2140 SQ	status_quo	rep002	2140	SE	>1Mb	0.0263586604384588
2140 SQ	status_quo	rep003	2140	NW	>1Mb	0.0115418161185014
2140 SQ	status_quo	rep003	2140	NE	>1Mb	0
2140 SQ	status_quo	rep003	2140	W	>1Mb	0.0290218716036168
2140 SQ	status_quo	rep003	2140	E	>1Mb	0.0485039166981594
2140 SQ	status_quo	rep003	2140	SE	>1Mb	0.00407541447140521
2140 SQ	status_quo	rep004	2140	NW	>1Mb	0.033126307453381
2140 SQ	status_quo	rep004	2140	NE	>1Mb	0.0343944368409018
2140 SQ	status_quo	rep004	2140	W	>1Mb	0.0030184893398987
2140 SQ	status_quo	rep004	2140	E	>1Mb	0.0909579038166754
2140 SQ	status_quo	rep004	2140	SE	>1Mb	0.00381161639160918
2140 SQ	status_quo	rep005	2140	NW	>1Mb	0.0264054282941343
2140 SQ	status_quo	rep005	2140	NE	>1Mb	0.0591203438932621
2140 SQ	status_quo	rep005	2140	W	>1Mb	0.00294858546992192
2140 SQ	status_quo	rep005	2140	E	>1Mb	0.0113973909889317
2140 SQ	status_quo	rep005	2140	SE	>1Mb	0.0288907640793325
2140 SQ	status_quo	rep008	2140	NW	>1Mb	0.0268591152306766
2140 SQ	status_quo	rep008	2140	NE	>1Mb	0.0318634694704035
2140 SQ	status_quo	rep008	2140	W	>1Mb	0.0102419951172396
2140 SQ	status_quo	rep008	2140	E	>1Mb	0
2140 SQ	status_quo	rep008	2140	SE	>1Mb	0.0245788504238986
2140 SQ	status_quo	rep009	2140	NW	>1Mb	0.0443866280809907
2140 SQ	status_quo	rep009	2140	NE	>1Mb	0.0159275796010338
2140 SQ	status_quo	rep009	2140	W	>1Mb	0
2140 SQ	status_quo	rep009	2140	E	>1Mb	0.0127736597445592
2140 SQ	status_quo	rep009	2140	SE	>1Mb	0.00307022837846625
